county,precinct,office,district,seats,party,candidate,votes,early_voting,election_day,absentee
Tipton,01 Madison 1,Registered Voters,,,,,467,,,
Tipton,01 Madison 1,Ballots Cast,,,,,315,,,
Tipton,01 Madison 1,Public Question-Const Amendment,,,,Yes,149,47,100,2
Tipton,01 Madison 1,Public Question-Const Amendment,,,,No,117,46,67,4
Tipton,01 Madison 1,President,,1,REP,Donald J. TRUMP / JD VANCE,248,89,152,7
Tipton,01 Madison 1,President,,1,DEM,Kamala D. HARRIS / Tim WALZ,54,18,33,3
Tipton,01 Madison 1,President,,1,LBT,Chase OLIVER / Mike terr MAAT,4,0,4,0
Tipton,01 Madison 1,President,,1,WTP,Robert F. KENNEDY JR. / Nichole SHANAHAN,6,2,4,0
Tipton,01 Madison 1,President,,1,,Write-In,2,0,2,0
Tipton,01 Madison 1,U.S. Senate,,1,REP,Jim BANKS,233,88,139,6
Tipton,01 Madison 1,U.S. Senate,,1,DEM,Valerie McCRAY,53,16,34,3
Tipton,01 Madison 1,U.S. Senate,,1,LBT,Andrew HORNING,14,2,11,1
Tipton,01 Madison 1,U.S. Senate,,1,,Write-In,0,0,0,0
Tipton,01 Madison 1,Governor,,1,REP,Mike BRAUN / Micah BECKWITH,216,80,131,5
Tipton,01 Madison 1,Governor,,1,DEM,Jennifer G. McCORMICK / Terry GOODIN,62,18,40,4
Tipton,01 Madison 1,Governor,,1,LBT,Donald RAINWATER / Tonya HUDSON,26,8,17,1
Tipton,01 Madison 1,Governor,,1,,Write-In,0,0,0,0
Tipton,01 Madison 1,Attorney General,,1,REP,Todd ROKITA,234,85,143,6
Tipton,01 Madison 1,Attorney General,,1,DEM,Destiny WELLS,70,22,44,4
Tipton,01 Madison 1,U.S. House,5,1,REP,Victoria SPARTZ,228,87,136,5
Tipton,01 Madison 1,U.S. House,5,1,DEM,Deborah A. PICKETT,53,17,32,4
Tipton,01 Madison 1,U.S. House,5,1,LBT,Lauri SHILLINGS,11,1,10,0
Tipton,01 Madison 1,U.S. House,5,1,IND,Robby SLAUGHTER,13,3,9,1
Tipton,01 Madison 1,U.S. House,5,1,,Write-In,0,0,0,0
Tipton,01 Madison 1,State House,3,1,REP,Heath R. VANNATTER,240,88,146,6
Tipton,01 Madison 1,State House,3,1,DEM,Carl A. SEESE,52,15,33,4
Tipton,01 Madison 1,County Recorder,,1,REP,Debra (Debbie) Strong BIDDLE,256,94,157,5
Tipton,01 Madison 1,County Coroner,,1,REP,Robert L. NICHOLS,259,88,165,6
Tipton,01 Madison 1,County Commissioner,2,1,REP,Tracey B. POWELL,242,90,146,6
Tipton,01 Madison 1,County Commissioner,3,1,REP,Nancy E. CLINE,224,89,131,4
Tipton,01 Madison 1,County Commissioner,3,1,DEM,Maureen DOUGHERTY,68,15,47,6
Tipton,01 Madison 1,County Council Member,At Large,3,REP,Korey D. HENDERSON,145,47,91,7
Tipton,01 Madison 1,County Council Member,At Large,3,REP,Doug HERON,118,39,75,4
Tipton,01 Madison 1,County Council Member,At Large,3,REP,Kirk D. RETHERFORD,145,51,90,4
Tipton,01 Madison 1,Tipton Community SB,Cicero Township,1,,Darrin HAYNES,94,27,63,4
Tipton,01 Madison 1,Tipton Community SB,Cicero Township,1,,Bethany WOELFERT,119,44,73,2
Tipton,01 Madison 1,Tipton Community SB,City of Tipton,1,,Jennifer HUMRICHOUS,179,57,116,6
Tipton,01 Madison 1,Tipton Community SB,Jefferson Township,1,,Andrea J. CAMPBELL,184,63,115,6
Tipton,01 Madison 1,IN Supreme Court-Rush,,,,Yes,167,53,111,3
Tipton,01 Madison 1,IN Supreme Court-Rush,,,,No,61,25,32,4
Tipton,01 Madison 1,IN Supreme Court-Massa,,,,Yes,161,52,106,3
Tipton,01 Madison 1,IN Supreme Court-Massa,,,,No,65,26,35,4
Tipton,01 Madison 1,IN Supreme Court-Molter,,,,Yes,160,52,103,5
Tipton,01 Madison 1,IN Supreme Court-Molter,,,,No,63,24,37,2
Tipton,01 Madison 1,Court of Appeals Dist 4-Pyle III,,,,Yes,160,50,106,4
Tipton,01 Madison 1,Court of Appeals Dist 4-Pyle III,,,,No,65,27,34,4
Tipton,01 Madison 1,Straight Party,,,DEM,,14,,,
Tipton,01 Madison 1,Straight Party,,,REP,,101,,,
Tipton,02 Madison 2,Registered Voters,,,,,576,,,
Tipton,02 Madison 2,Ballots Cast,,,,,408,,,
Tipton,02 Madison 2,Public Question-Const Amendment,,,,Yes,193,70,121,2
Tipton,02 Madison 2,Public Question-Const Amendment,,,,No,137,63,66,8
Tipton,02 Madison 2,President,,1,REP,Donald J. TRUMP / JD VANCE,308,113,189,6
Tipton,02 Madison 2,President,,1,DEM,Kamala D. HARRIS / Tim WALZ,91,44,37,10
Tipton,02 Madison 2,President,,1,LBT,Chase OLIVER / Mike terr MAAT,2,0,2,0
Tipton,02 Madison 2,President,,1,WTP,Robert F. KENNEDY JR. / Nichole SHANAHAN,5,3,2,0
Tipton,02 Madison 2,President,,1,,Write-In,0,0,0,0
Tipton,02 Madison 2,U.S. Senate,,1,REP,Jim BANKS,274,103,164,7
Tipton,02 Madison 2,U.S. Senate,,1,DEM,Valerie McCRAY,89,43,37,9
Tipton,02 Madison 2,U.S. Senate,,1,LBT,Andrew HORNING,12,6,5,1
Tipton,02 Madison 2,U.S. Senate,,1,,Write-In,0,0,0,0
Tipton,02 Madison 2,Governor,,1,REP,Mike BRAUN / Micah BECKWITH,252,94,151,7
Tipton,02 Madison 2,Governor,,1,DEM,Jennifer G. McCORMICK / Terry GOODIN,99,48,43,8
Tipton,02 Madison 2,Governor,,1,LBT,Donald RAINWATER / Tonya HUDSON,29,12,16,1
Tipton,02 Madison 2,Governor,,1,,Write-In,0,0,0,0
Tipton,02 Madison 2,Attorney General,,1,REP,Todd ROKITA,282,107,167,8
Tipton,02 Madison 2,Attorney General,,1,DEM,Destiny WELLS,105,48,48,9
Tipton,02 Madison 2,U.S. House,5,1,REP,Victoria SPARTZ,272,104,161,7
Tipton,02 Madison 2,U.S. House,5,1,DEM,Deborah A. PICKETT,83,42,32,9
Tipton,02 Madison 2,U.S. House,5,1,LBT,Lauri SHILLINGS,14,5,9,0
Tipton,02 Madison 2,U.S. House,5,1,IND,Robby SLAUGHTER,17,5,11,1
Tipton,02 Madison 2,U.S. House,5,1,,Write-In,0,0,0,0
Tipton,02 Madison 2,State House,3,1,REP,Heath R. VANNATTER,292,115,169,8
Tipton,02 Madison 2,State House,3,1,DEM,Carl A. SEESE,82,37,37,8
Tipton,02 Madison 2,County Recorder,,1,REP,Debra (Debbie) Strong BIDDLE,327,130,188,9
Tipton,02 Madison 2,County Coroner,,1,REP,Robert L. NICHOLS,330,132,189,9
Tipton,02 Madison 2,County Commissioner,2,1,REP,Tracey B. POWELL,320,122,190,8
Tipton,02 Madison 2,County Commissioner,3,1,REP,Nancy E. CLINE,291,107,175,9
Tipton,02 Madison 2,County Commissioner,3,1,DEM,Maureen DOUGHERTY,94,47,39,8
Tipton,02 Madison 2,County Council Member,At Large,3,REP,Korey D. HENDERSON,220,97,119,4
Tipton,02 Madison 2,County Council Member,At Large,3,REP,Doug HERON,202,93,106,3
Tipton,02 Madison 2,County Council Member,At Large,3,REP,Kirk D. RETHERFORD,204,90,110,4
Tipton,02 Madison 2,Tipton Community SB,Cicero Township,1,,Darrin HAYNES,124,46,75,3
Tipton,02 Madison 2,Tipton Community SB,Cicero Township,1,,Bethany WOELFERT,143,65,76,2
Tipton,02 Madison 2,Tipton Community SB,City of Tipton,1,,Jennifer HUMRICHOUS,247,102,140,5
Tipton,02 Madison 2,Tipton Community SB,Jefferson Township,1,,Andrea J. CAMPBELL,247,100,141,6
Tipton,02 Madison 2,IN Supreme Court-Rush,,,,Yes,195,86,104,5
Tipton,02 Madison 2,IN Supreme Court-Rush,,,,No,92,33,56,3
Tipton,02 Madison 2,IN Supreme Court-Massa,,,,Yes,201,87,108,6
Tipton,02 Madison 2,IN Supreme Court-Massa,,,,No,87,31,54,2
Tipton,02 Madison 2,IN Supreme Court-Molter,,,,Yes,201,88,107,6
Tipton,02 Madison 2,IN Supreme Court-Molter,,,,No,84,30,52,2
Tipton,02 Madison 2,Court of Appeals Dist 4-Pyle III,,,,Yes,199,88,105,6
Tipton,02 Madison 2,Court of Appeals Dist 4-Pyle III,,,,No,87,31,54,2
Tipton,02 Madison 2,Straight Party,,,DEM,,25,,,
Tipton,02 Madison 2,Straight Party,,,REP,,96,,,
Tipton,03 Wildcat,Registered Voters,,,,,959,,,
Tipton,03 Wildcat,Ballots Cast,,,,,607,,,
Tipton,03 Wildcat,Public Question-Const Amendment,,,,Yes,312,86,217,9
Tipton,03 Wildcat,Public Question-Const Amendment,,,,No,215,70,130,15
Tipton,03 Wildcat,President,,1,REP,Donald J. TRUMP / JD VANCE,479,149,304,26
Tipton,03 Wildcat,President,,1,DEM,Kamala D. HARRIS / Tim WALZ,108,34,61,13
Tipton,03 Wildcat,President,,1,LBT,Chase OLIVER / Mike terr MAAT,3,2,1,0
Tipton,03 Wildcat,President,,1,WTP,Robert F. KENNEDY JR. / Nichole SHANAHAN,9,1,8,0
Tipton,03 Wildcat,President,,1,,Write-In,0,0,0,0
Tipton,03 Wildcat,U.S. Senate,,1,REP,Jim BANKS,453,142,288,23
Tipton,03 Wildcat,U.S. Senate,,1,DEM,Valerie McCRAY,109,36,60,13
Tipton,03 Wildcat,U.S. Senate,,1,LBT,Andrew HORNING,15,2,12,1
Tipton,03 Wildcat,U.S. Senate,,1,,Write-In,0,0,0,0
Tipton,03 Wildcat,Governor,,1,REP,Mike BRAUN / Micah BECKWITH,425,142,259,24
Tipton,03 Wildcat,Governor,,1,DEM,Jennifer G. McCORMICK / Terry GOODIN,119,34,72,13
Tipton,03 Wildcat,Governor,,1,LBT,Donald RAINWATER / Tonya HUDSON,43,8,34,1
Tipton,03 Wildcat,Governor,,1,,Write-In,0,0,0,0
Tipton,03 Wildcat,Attorney General,,1,REP,Todd ROKITA,452,145,283,24
Tipton,03 Wildcat,Attorney General,,1,DEM,Destiny WELLS,127,36,79,12
Tipton,03 Wildcat,U.S. House,5,1,REP,Victoria SPARTZ,441,136,280,25
Tipton,03 Wildcat,U.S. House,5,1,DEM,Deborah A. PICKETT,114,36,65,13
Tipton,03 Wildcat,U.S. House,5,1,LBT,Lauri SHILLINGS,15,5,10,0
Tipton,03 Wildcat,U.S. House,5,1,IND,Robby SLAUGHTER,20,7,13,0
Tipton,03 Wildcat,U.S. House,5,1,,Write-In,0,0,0,0
Tipton,03 Wildcat,State House,3,1,REP,Heath R. VANNATTER,469,147,297,25
Tipton,03 Wildcat,State House,3,1,DEM,Carl A. SEESE,105,32,61,12
Tipton,03 Wildcat,County Recorder,,1,REP,Debra (Debbie) Strong BIDDLE,495,158,310,27
Tipton,03 Wildcat,County Coroner,,1,REP,Robert L. NICHOLS,503,162,313,28
Tipton,03 Wildcat,County Commissioner,2,1,REP,Tracey B. POWELL,478,151,298,29
Tipton,03 Wildcat,County Commissioner,3,1,REP,Nancy E. CLINE,447,143,279,25
Tipton,03 Wildcat,County Commissioner,3,1,DEM,Maureen DOUGHERTY,127,37,78,12
Tipton,03 Wildcat,County Council Member,At Large,3,REP,Korey D. HENDERSON,317,104,198,15
Tipton,03 Wildcat,County Council Member,At Large,3,REP,Doug HERON,250,85,154,11
Tipton,03 Wildcat,County Council Member,At Large,3,REP,Kirk D. RETHERFORD,270,91,164,15
Tipton,03 Wildcat,Tri-Central SB,Liberty Township,1,,Dennis RICHARDSON,446,135,295,16
Tipton,03 Wildcat,IN Supreme Court-Rush,,,,Yes,348,106,229,13
Tipton,03 Wildcat,IN Supreme Court-Rush,,,,No,124,38,77,9
Tipton,03 Wildcat,IN Supreme Court-Massa,,,,Yes,335,102,218,15
Tipton,03 Wildcat,IN Supreme Court-Massa,,,,No,130,40,83,7
Tipton,03 Wildcat,IN Supreme Court-Molter,,,,Yes,339,104,223,12
Tipton,03 Wildcat,IN Supreme Court-Molter,,,,No,128,39,81,8
Tipton,03 Wildcat,Court of Appeals Dist 4-Pyle III,,,,Yes,337,102,219,16
Tipton,03 Wildcat,Court of Appeals Dist 4-Pyle III,,,,No,130,38,85,7
Tipton,03 Wildcat,Straight Party,,,DEM,,40,,,
Tipton,03 Wildcat,Straight Party,,,REP,,201,,,
Tipton,04 Liberty 1,Registered Voters,,,,,974,,,
Tipton,04 Liberty 1,Ballots Cast,,,,,677,,,
Tipton,04 Liberty 1,Public Question-Const Amendment,,,,Yes,324,141,159,24
Tipton,04 Liberty 1,Public Question-Const Amendment,,,,No,274,137,125,12
Tipton,04 Liberty 1,President,,1,REP,Donald J. TRUMP / JD VANCE,483,219,242,22
Tipton,04 Liberty 1,President,,1,DEM,Kamala D. HARRIS / Tim WALZ,179,97,62,20
Tipton,04 Liberty 1,President,,1,LBT,Chase OLIVER / Mike terr MAAT,4,2,1,1
Tipton,04 Liberty 1,President,,1,WTP,Robert F. KENNEDY JR. / Nichole SHANAHAN,6,1,5,0
Tipton,04 Liberty 1,President,,1,,Write-In,0,0,0,0
Tipton,04 Liberty 1,U.S. Senate,,1,REP,Jim BANKS,466,216,228,22
Tipton,04 Liberty 1,U.S. Senate,,1,DEM,Valerie McCRAY,152,83,48,21
Tipton,04 Liberty 1,U.S. Senate,,1,LBT,Andrew HORNING,21,7,14,0
Tipton,04 Liberty 1,U.S. Senate,,1,,Write-In,0,0,0,0
Tipton,04 Liberty 1,Governor,,1,REP,Mike BRAUN / Micah BECKWITH,415,193,201,21
Tipton,04 Liberty 1,Governor,,1,DEM,Jennifer G. McCORMICK / Terry GOODIN,183,95,66,22
Tipton,04 Liberty 1,Governor,,1,LBT,Donald RAINWATER / Tonya HUDSON,45,21,23,1
Tipton,04 Liberty 1,Governor,,1,,Write-In,0,0,0,0
Tipton,04 Liberty 1,Attorney General,,1,REP,Todd ROKITA,462,213,230,19
Tipton,04 Liberty 1,Attorney General,,1,DEM,Destiny WELLS,187,98,67,22
Tipton,04 Liberty 1,U.S. House,5,1,REP,Victoria SPARTZ,450,206,220,24
Tipton,04 Liberty 1,U.S. House,5,1,DEM,Deborah A. PICKETT,163,85,59,19
Tipton,04 Liberty 1,U.S. House,5,1,LBT,Lauri SHILLINGS,19,9,10,0
Tipton,04 Liberty 1,U.S. House,5,1,IND,Robby SLAUGHTER,23,12,11,0
Tipton,04 Liberty 1,U.S. House,5,1,,Write-In,0,0,0,0
Tipton,04 Liberty 1,State House,3,1,REP,Heath R. VANNATTER,484,222,237,25
Tipton,04 Liberty 1,State House,3,1,DEM,Carl A. SEESE,151,81,52,18
Tipton,04 Liberty 1,County Recorder,,1,REP,Debra (Debbie) Strong BIDDLE,529,240,260,29
Tipton,04 Liberty 1,County Coroner,,1,REP,Robert L. NICHOLS,539,247,262,30
Tipton,04 Liberty 1,County Commissioner,2,1,REP,Tracey B. POWELL,518,235,254,29
Tipton,04 Liberty 1,County Commissioner,3,1,REP,Nancy E. CLINE,454,203,231,20
Tipton,04 Liberty 1,County Commissioner,3,1,DEM,Maureen DOUGHERTY,179,98,59,22
Tipton,04 Liberty 1,County Council Member,At Large,3,REP,Korey D. HENDERSON,383,169,190,24
Tipton,04 Liberty 1,County Council Member,At Large,3,REP,Doug HERON,293,137,135,21
Tipton,04 Liberty 1,County Council Member,At Large,3,REP,Kirk D. RETHERFORD,274,127,126,21
Tipton,04 Liberty 1,Tri-Central SB,Liberty Township,1,,Dennis RICHARDSON,505,242,241,22
Tipton,04 Liberty 1,IN Supreme Court-Rush,,,,Yes,379,172,186,21
Tipton,04 Liberty 1,IN Supreme Court-Rush,,,,No,145,68,71,6
Tipton,04 Liberty 1,IN Supreme Court-Massa,,,,Yes,371,165,186,20
Tipton,04 Liberty 1,IN Supreme Court-Massa,,,,No,146,72,68,6
Tipton,04 Liberty 1,IN Supreme Court-Molter,,,,Yes,362,158,186,18
Tipton,04 Liberty 1,IN Supreme Court-Molter,,,,No,152,78,66,8
Tipton,04 Liberty 1,Court of Appeals Dist 4-Pyle III,,,,Yes,371,161,193,17
Tipton,04 Liberty 1,Court of Appeals Dist 4-Pyle III,,,,No,146,74,63,9
Tipton,04 Liberty 1,Straight Party,,,DEM,,58,,,
Tipton,04 Liberty 1,Straight Party,,,REP,,194,,,
Tipton,04 Liberty 1,Straight Party,,,WTP,,1,,,
Tipton,05 Liberty 2,Registered Voters,,,,,952,,,
Tipton,05 Liberty 2,Ballots Cast,,,,,671,,,
Tipton,05 Liberty 2,Public Question-Const Amendment,,,,Yes,323,155,153,15
Tipton,05 Liberty 2,Public Question-Const Amendment,,,,No,250,138,99,13
Tipton,05 Liberty 2,President,,1,REP,Donald J. TRUMP / JD VANCE,532,294,216,22
Tipton,05 Liberty 2,President,,1,DEM,Kamala D. HARRIS / Tim WALZ,120,56,46,18
Tipton,05 Liberty 2,President,,1,LBT,Chase OLIVER / Mike terr MAAT,8,0,5,3
Tipton,05 Liberty 2,President,,1,WTP,Robert F. KENNEDY JR. / Nichole SHANAHAN,4,0,4,0
Tipton,05 Liberty 2,President,,1,,Write-In,1,1,0,0
Tipton,05 Liberty 2,U.S. Senate,,1,REP,Jim BANKS,516,281,209,26
Tipton,05 Liberty 2,U.S. Senate,,1,DEM,Valerie McCRAY,107,54,38,15
Tipton,05 Liberty 2,U.S. Senate,,1,LBT,Andrew HORNING,16,5,10,1
Tipton,05 Liberty 2,U.S. Senate,,1,,Write-In,1,0,1,0
Tipton,05 Liberty 2,Governor,,1,REP,Mike BRAUN / Micah BECKWITH,487,273,188,26
Tipton,05 Liberty 2,Governor,,1,DEM,Jennifer G. McCORMICK / Terry GOODIN,130,63,52,15
Tipton,05 Liberty 2,Governor,,1,LBT,Donald RAINWATER / Tonya HUDSON,32,8,23,1
Tipton,05 Liberty 2,Governor,,1,,Write-In,0,0,0,0
Tipton,05 Liberty 2,Attorney General,,1,REP,Todd ROKITA,517,283,207,27
Tipton,05 Liberty 2,Attorney General,,1,DEM,Destiny WELLS,133,64,54,15
Tipton,05 Liberty 2,U.S. House,5,1,REP,Victoria SPARTZ,496,271,199,26
Tipton,05 Liberty 2,U.S. House,5,1,DEM,Deborah A. PICKETT,122,58,49,15
Tipton,05 Liberty 2,U.S. House,5,1,LBT,Lauri SHILLINGS,19,9,9,1
Tipton,05 Liberty 2,U.S. House,5,1,IND,Robby SLAUGHTER,14,8,6,0
Tipton,05 Liberty 2,U.S. House,5,1,,Write-In,1,1,0,0
Tipton,05 Liberty 2,State House,3,1,REP,Heath R. VANNATTER,525,282,215,28
Tipton,05 Liberty 2,State House,3,1,DEM,Carl A. SEESE,114,56,44,14
Tipton,05 Liberty 2,County Recorder,,1,REP,Debra (Debbie) Strong BIDDLE,549,298,225,26
Tipton,05 Liberty 2,County Coroner,,1,REP,Robert L. NICHOLS,560,302,227,31
Tipton,05 Liberty 2,County Commissioner,2,1,REP,Tracey B. POWELL,541,292,222,27
Tipton,05 Liberty 2,County Commissioner,3,1,REP,Nancy E. CLINE,509,276,206,27
Tipton,05 Liberty 2,County Commissioner,3,1,DEM,Maureen DOUGHERTY,135,66,54,15
Tipton,05 Liberty 2,County Council Member,At Large,3,REP,Korey D. HENDERSON,395,206,165,24
Tipton,05 Liberty 2,County Council Member,At Large,3,REP,Doug HERON,302,164,122,16
Tipton,05 Liberty 2,County Council Member,At Large,3,REP,Kirk D. RETHERFORD,311,166,129,16
Tipton,05 Liberty 2,Tri-Central SB,Liberty Township,1,,Dennis RICHARDSON,502,257,220,25
Tipton,05 Liberty 2,IN Supreme Court-Rush,,,,Yes,363,186,161,16
Tipton,05 Liberty 2,IN Supreme Court-Rush,,,,No,142,71,62,9
Tipton,05 Liberty 2,IN Supreme Court-Massa,,,,Yes,356,177,161,18
Tipton,05 Liberty 2,IN Supreme Court-Massa,,,,No,144,77,59,8
Tipton,05 Liberty 2,IN Supreme Court-Molter,,,,Yes,351,174,160,17
Tipton,05 Liberty 2,IN Supreme Court-Molter,,,,No,152,80,63,9
Tipton,05 Liberty 2,Court of Appeals Dist 4-Pyle III,,,,Yes,346,171,155,20
Tipton,05 Liberty 2,Court of Appeals Dist 4-Pyle III,,,,No,153,83,64,6
Tipton,05 Liberty 2,Straight Party,,,DEM,,44,,,
Tipton,05 Liberty 2,Straight Party,,,REP,,253,,,
Tipton,06 Prairie,Registered Voters,,,,,857,,,
Tipton,06 Prairie,Ballots Cast,,,,,633,,,
Tipton,06 Prairie,Public Question-Const Amendment,,,,Yes,271,82,177,12
Tipton,06 Prairie,Public Question-Const Amendment,,,,No,268,101,160,7
Tipton,06 Prairie,President,,1,REP,Donald J. TRUMP / JD VANCE,502,178,300,24
Tipton,06 Prairie,President,,1,DEM,Kamala D. HARRIS / Tim WALZ,120,55,57,8
Tipton,06 Prairie,President,,1,LBT,Chase OLIVER / Mike terr MAAT,4,1,2,1
Tipton,06 Prairie,President,,1,WTP,Robert F. KENNEDY JR. / Nichole SHANAHAN,3,0,3,0
Tipton,06 Prairie,President,,1,,Write-In,1,0,1,0
Tipton,06 Prairie,U.S. Senate,,1,REP,Jim BANKS,471,169,280,22
Tipton,06 Prairie,U.S. Senate,,1,DEM,Valerie McCRAY,107,48,52,7
Tipton,06 Prairie,U.S. Senate,,1,LBT,Andrew HORNING,24,10,14,0
Tipton,06 Prairie,U.S. Senate,,1,,Write-In,0,0,0,0
Tipton,06 Prairie,Governor,,1,REP,Mike BRAUN / Micah BECKWITH,427,156,250,21
Tipton,06 Prairie,Governor,,1,DEM,Jennifer G. McCORMICK / Terry GOODIN,141,59,72,10
Tipton,06 Prairie,Governor,,1,LBT,Donald RAINWATER / Tonya HUDSON,45,14,30,1
Tipton,06 Prairie,Governor,,1,,Write-In,0,0,0,0
Tipton,06 Prairie,Attorney General,,1,REP,Todd ROKITA,462,165,276,21
Tipton,06 Prairie,Attorney General,,1,DEM,Destiny WELLS,149,65,75,9
Tipton,06 Prairie,U.S. House,5,1,REP,Victoria SPARTZ,460,164,275,21
Tipton,06 Prairie,U.S. House,5,1,DEM,Deborah A. PICKETT,114,52,56,6
Tipton,06 Prairie,U.S. House,5,1,LBT,Lauri SHILLINGS,15,7,7,1
Tipton,06 Prairie,U.S. House,5,1,IND,Robby SLAUGHTER,20,5,14,1
Tipton,06 Prairie,U.S. House,5,1,,Write-In,1,0,1,0
Tipton,06 Prairie,State House,3,1,REP,Heath R. VANNATTER,477,170,282,25
Tipton,06 Prairie,State House,3,1,DEM,Carl A. SEESE,115,53,56,6
Tipton,06 Prairie,County Recorder,,1,REP,Debra (Debbie) Strong BIDDLE,497,178,297,22
Tipton,06 Prairie,County Coroner,,1,REP,Robert L. NICHOLS,511,182,307,22
Tipton,06 Prairie,County Commissioner,2,1,REP,Tracey B. POWELL,481,179,282,20
Tipton,06 Prairie,County Commissioner,3,1,REP,Nancy E. CLINE,452,160,270,22
Tipton,06 Prairie,County Commissioner,3,1,DEM,Maureen DOUGHERTY,142,62,72,8
Tipton,06 Prairie,County Council Member,At Large,3,REP,Korey D. HENDERSON,366,132,218,16
Tipton,06 Prairie,County Council Member,At Large,3,REP,Doug HERON,285,113,161,11
Tipton,06 Prairie,County Council Member,At Large,3,REP,Kirk D. RETHERFORD,268,99,157,12
Tipton,06 Prairie,Tri-Central SB,Liberty Township,1,,Dennis RICHARDSON,465,155,300,10
Tipton,06 Prairie,IN Supreme Court-Rush,,,,Yes,349,106,233,10
Tipton,06 Prairie,IN Supreme Court-Rush,,,,No,140,53,81,6
Tipton,06 Prairie,IN Supreme Court-Massa,,,,Yes,347,100,237,10
Tipton,06 Prairie,IN Supreme Court-Massa,,,,No,131,55,71,5
Tipton,06 Prairie,IN Supreme Court-Molter,,,,Yes,346,104,233,9
Tipton,06 Prairie,IN Supreme Court-Molter,,,,No,139,55,78,6
Tipton,06 Prairie,Court of Appeals Dist 4-Pyle III,,,,Yes,341,97,236,8
Tipton,06 Prairie,Court of Appeals Dist 4-Pyle III,,,,No,139,58,74,7
Tipton,06 Prairie,Straight Party,,,DEM,,37,,,
Tipton,06 Prairie,Straight Party,,,REP,,182,,,
Tipton,07 Jefferson 1,Registered Voters,,,,,616,,,
Tipton,07 Jefferson 1,Ballots Cast,,,,,410,,,
Tipton,07 Jefferson 1,Public Question-Const Amendment,,,,Yes,203,90,111,2
Tipton,07 Jefferson 1,Public Question-Const Amendment,,,,No,135,64,69,2
Tipton,07 Jefferson 1,President,,1,REP,Donald J. TRUMP / JD VANCE,324,160,161,3
Tipton,07 Jefferson 1,President,,1,DEM,Kamala D. HARRIS / Tim WALZ,74,34,33,7
Tipton,07 Jefferson 1,President,,1,LBT,Chase OLIVER / Mike terr MAAT,2,1,1,0
Tipton,07 Jefferson 1,President,,1,WTP,Robert F. KENNEDY JR. / Nichole SHANAHAN,4,0,4,0
Tipton,07 Jefferson 1,President,,1,,Write-In,1,0,1,0
Tipton,07 Jefferson 1,U.S. Senate,,1,REP,Jim BANKS,311,157,152,2
Tipton,07 Jefferson 1,U.S. Senate,,1,DEM,Valerie McCRAY,68,30,32,6
Tipton,07 Jefferson 1,U.S. Senate,,1,LBT,Andrew HORNING,14,6,8,0
Tipton,07 Jefferson 1,U.S. Senate,,1,,Write-In,1,0,1,0
Tipton,07 Jefferson 1,Governor,,1,REP,Mike BRAUN / Micah BECKWITH,281,145,133,3
Tipton,07 Jefferson 1,Governor,,1,DEM,Jennifer G. McCORMICK / Terry GOODIN,85,39,39,7
Tipton,07 Jefferson 1,Governor,,1,LBT,Donald RAINWATER / Tonya HUDSON,39,14,25,0
Tipton,07 Jefferson 1,Governor,,1,,Write-In,0,0,0,0
Tipton,07 Jefferson 1,Attorney General,,1,REP,Todd ROKITA,310,159,148,3
Tipton,07 Jefferson 1,Attorney General,,1,DEM,Destiny WELLS,89,35,47,7
Tipton,07 Jefferson 1,U.S. House,5,1,REP,Victoria SPARTZ,288,146,141,1
Tipton,07 Jefferson 1,U.S. House,5,1,DEM,Deborah A. PICKETT,73,33,34,6
Tipton,07 Jefferson 1,U.S. House,5,1,LBT,Lauri SHILLINGS,14,7,7,0
Tipton,07 Jefferson 1,U.S. House,5,1,IND,Robby SLAUGHTER,18,7,11,0
Tipton,07 Jefferson 1,U.S. House,5,1,,Write-In,0,0,0,0
Tipton,07 Jefferson 1,State House,3,1,REP,Heath R. VANNATTER,321,159,160,2
Tipton,07 Jefferson 1,State House,3,1,DEM,Carl A. SEESE,64,29,29,6
Tipton,07 Jefferson 1,County Recorder,,1,REP,Debra (Debbie) Strong BIDDLE,336,159,172,5
Tipton,07 Jefferson 1,County Coroner,,1,REP,Robert L. NICHOLS,348,166,177,5
Tipton,07 Jefferson 1,County Commissioner,2,1,REP,Tracey B. POWELL,309,148,156,5
Tipton,07 Jefferson 1,County Commissioner,3,1,REP,Nancy E. CLINE,300,146,152,2
Tipton,07 Jefferson 1,County Commissioner,3,1,DEM,Maureen DOUGHERTY,92,45,42,5
Tipton,07 Jefferson 1,County Council Member,At Large,3,REP,Korey D. HENDERSON,215,90,121,4
Tipton,07 Jefferson 1,County Council Member,At Large,3,REP,Doug HERON,190,83,103,4
Tipton,07 Jefferson 1,County Council Member,At Large,3,REP,Kirk D. RETHERFORD,201,86,111,4
Tipton,07 Jefferson 1,Tipton Community SB,Cicero Township,1,,Darrin HAYNES,137,55,81,1
Tipton,07 Jefferson 1,Tipton Community SB,Cicero Township,1,,Bethany WOELFERT,157,68,85,4
Tipton,07 Jefferson 1,Tipton Community SB,City of Tipton,1,,Jennifer HUMRICHOUS,258,100,155,3
Tipton,07 Jefferson 1,Tipton Community SB,Jefferson Township,1,,Andrea J. CAMPBELL,271,109,156,6
Tipton,07 Jefferson 1,IN Supreme Court-Rush,,,,Yes,224,96,123,5
Tipton,07 Jefferson 1,IN Supreme Court-Rush,,,,No,84,40,43,1
Tipton,07 Jefferson 1,IN Supreme Court-Massa,,,,Yes,217,93,122,2
Tipton,07 Jefferson 1,IN Supreme Court-Massa,,,,No,89,40,45,4
Tipton,07 Jefferson 1,IN Supreme Court-Molter,,,,Yes,214,93,118,3
Tipton,07 Jefferson 1,IN Supreme Court-Molter,,,,No,88,38,47,3
Tipton,07 Jefferson 1,Court of Appeals Dist 4-Pyle III,,,,Yes,224,97,124,3
Tipton,07 Jefferson 1,Court of Appeals Dist 4-Pyle III,,,,No,79,35,41,3
Tipton,07 Jefferson 1,Straight Party,,,DEM,,21,,,
Tipton,07 Jefferson 1,Straight Party,,,REP,,128,,,
Tipton,08 Jefferson 2,Registered Voters,,,,,482,,,
Tipton,08 Jefferson 2,Ballots Cast,,,,,295,,,
Tipton,08 Jefferson 2,Public Question-Const Amendment,,,,Yes,160,35,123,2
Tipton,08 Jefferson 2,Public Question-Const Amendment,,,,No,110,24,84,2
Tipton,08 Jefferson 2,President,,1,REP,Donald J. TRUMP / JD VANCE,214,45,165,4
Tipton,08 Jefferson 2,President,,1,DEM,Kamala D. HARRIS / Tim WALZ,76,22,51,3
Tipton,08 Jefferson 2,President,,1,LBT,Chase OLIVER / Mike terr MAAT,2,0,2,0
Tipton,08 Jefferson 2,President,,1,WTP,Robert F. KENNEDY JR. / Nichole SHANAHAN,2,1,1,0
Tipton,08 Jefferson 2,President,,1,,Write-In,0,0,0,0
Tipton,08 Jefferson 2,U.S. Senate,,1,REP,Jim BANKS,200,39,156,5
Tipton,08 Jefferson 2,U.S. Senate,,1,DEM,Valerie McCRAY,67,23,42,2
Tipton,08 Jefferson 2,U.S. Senate,,1,LBT,Andrew HORNING,13,4,9,0
Tipton,08 Jefferson 2,U.S. Senate,,1,,Write-In,0,0,0,0
Tipton,08 Jefferson 2,Governor,,1,REP,Mike BRAUN / Micah BECKWITH,180,38,137,5
Tipton,08 Jefferson 2,Governor,,1,DEM,Jennifer G. McCORMICK / Terry GOODIN,78,23,53,2
Tipton,08 Jefferson 2,Governor,,1,LBT,Donald RAINWATER / Tonya HUDSON,23,5,18,0
Tipton,08 Jefferson 2,Governor,,1,,Write-In,0,0,0,0
Tipton,08 Jefferson 2,Attorney General,,1,REP,Todd ROKITA,202,43,155,4
Tipton,08 Jefferson 2,Attorney General,,1,DEM,Destiny WELLS,81,22,56,3
Tipton,08 Jefferson 2,U.S. House,5,1,REP,Victoria SPARTZ,193,37,152,4
Tipton,08 Jefferson 2,U.S. House,5,1,DEM,Deborah A. PICKETT,66,22,42,2
Tipton,08 Jefferson 2,U.S. House,5,1,LBT,Lauri SHILLINGS,8,3,5,0
Tipton,08 Jefferson 2,U.S. House,5,1,IND,Robby SLAUGHTER,12,3,8,1
Tipton,08 Jefferson 2,U.S. House,5,1,,Write-In,0,0,0,0
Tipton,08 Jefferson 2,State House,3,1,REP,Heath R. VANNATTER,210,43,163,4
Tipton,08 Jefferson 2,State House,3,1,DEM,Carl A. SEESE,66,21,42,3
Tipton,08 Jefferson 2,County Recorder,,1,REP,Debra (Debbie) Strong BIDDLE,231,51,174,6
Tipton,08 Jefferson 2,County Coroner,,1,REP,Robert L. NICHOLS,241,52,183,6
Tipton,08 Jefferson 2,County Commissioner,2,1,REP,Tracey B. POWELL,217,47,165,5
Tipton,08 Jefferson 2,County Commissioner,3,1,REP,Nancy E. CLINE,211,40,167,4
Tipton,08 Jefferson 2,County Commissioner,3,1,DEM,Maureen DOUGHERTY,68,24,41,3
Tipton,08 Jefferson 2,County Council Member,At Large,3,REP,Korey D. HENDERSON,169,34,131,4
Tipton,08 Jefferson 2,County Council Member,At Large,3,REP,Doug HERON,143,33,104,6
Tipton,08 Jefferson 2,County Council Member,At Large,3,REP,Kirk D. RETHERFORD,139,31,105,3
Tipton,08 Jefferson 2,Tipton Community SB,Cicero Township,1,,Darrin HAYNES,97,19,78,0
Tipton,08 Jefferson 2,Tipton Community SB,Cicero Township,1,,Bethany WOELFERT,139,33,103,3
Tipton,08 Jefferson 2,Tipton Community SB,City of Tipton,1,,Jennifer HUMRICHOUS,211,48,158,5
Tipton,08 Jefferson 2,Tipton Community SB,Jefferson Township,1,,Andrea J. CAMPBELL,209,46,160,3
Tipton,08 Jefferson 2,IN Supreme Court-Rush,,,,Yes,173,37,131,5
Tipton,08 Jefferson 2,IN Supreme Court-Rush,,,,No,70,18,50,2
Tipton,08 Jefferson 2,IN Supreme Court-Massa,,,,Yes,173,38,130,5
Tipton,08 Jefferson 2,IN Supreme Court-Massa,,,,No,69,16,51,2
Tipton,08 Jefferson 2,IN Supreme Court-Molter,,,,Yes,171,36,131,4
Tipton,08 Jefferson 2,IN Supreme Court-Molter,,,,No,71,18,51,2
Tipton,08 Jefferson 2,Court of Appeals Dist 4-Pyle III,,,,Yes,175,40,131,4
Tipton,08 Jefferson 2,Court of Appeals Dist 4-Pyle III,,,,No,65,13,50,2
Tipton,08 Jefferson 2,Straight Party,,,DEM,,23,,,
Tipton,08 Jefferson 2,Straight Party,,,REP,,72,,,
Tipton,09 Cicero 1,Registered Voters,,,,,1020,,,
Tipton,09 Cicero 1,Ballots Cast,,,,,612,,,
Tipton,09 Cicero 1,Public Question-Const Amendment,,,,Yes,272,116,144,12
Tipton,09 Cicero 1,Public Question-Const Amendment,,,,No,228,120,99,9
Tipton,09 Cicero 1,President,,1,REP,Donald J. TRUMP / JD VANCE,437,217,199,21
Tipton,09 Cicero 1,President,,1,DEM,Kamala D. HARRIS / Tim WALZ,154,69,71,14
Tipton,09 Cicero 1,President,,1,LBT,Chase OLIVER / Mike terr MAAT,6,3,3,0
Tipton,09 Cicero 1,President,,1,WTP,Robert F. KENNEDY JR. / Nichole SHANAHAN,9,5,4,0
Tipton,09 Cicero 1,President,,1,,Write-In,3,1,2,0
Tipton,09 Cicero 1,U.S. Senate,,1,REP,Jim BANKS,407,203,185,19
Tipton,09 Cicero 1,U.S. Senate,,1,DEM,Valerie McCRAY,135,63,59,13
Tipton,09 Cicero 1,U.S. Senate,,1,LBT,Andrew HORNING,27,15,11,1
Tipton,09 Cicero 1,U.S. Senate,,1,,Write-In,0,0,0,0
Tipton,09 Cicero 1,Governor,,1,REP,Mike BRAUN / Micah BECKWITH,367,193,160,14
Tipton,09 Cicero 1,Governor,,1,DEM,Jennifer G. McCORMICK / Terry GOODIN,174,78,78,18
Tipton,09 Cicero 1,Governor,,1,LBT,Donald RAINWATER / Tonya HUDSON,34,11,21,2
Tipton,09 Cicero 1,Governor,,1,,Write-In,0,0,0,0
Tipton,09 Cicero 1,Attorney General,,1,REP,Todd ROKITA,413,203,190,20
Tipton,09 Cicero 1,Attorney General,,1,DEM,Destiny WELLS,167,79,77,11
Tipton,09 Cicero 1,U.S. House,5,1,REP,Victoria SPARTZ,372,186,168,18
Tipton,09 Cicero 1,U.S. House,5,1,DEM,Deborah A. PICKETT,143,64,69,10
Tipton,09 Cicero 1,U.S. House,5,1,LBT,Lauri SHILLINGS,22,8,14,0
Tipton,09 Cicero 1,U.S. House,5,1,IND,Robby SLAUGHTER,32,17,12,3
Tipton,09 Cicero 1,U.S. House,5,1,,Write-In,0,0,0,0
Tipton,09 Cicero 1,State House,3,1,REP,Heath R. VANNATTER,423,212,195,16
Tipton,09 Cicero 1,State House,3,1,DEM,Carl A. SEESE,135,61,60,14
Tipton,09 Cicero 1,County Recorder,,1,REP,Debra (Debbie) Strong BIDDLE,475,229,225,21
Tipton,09 Cicero 1,County Coroner,,1,REP,Robert L. NICHOLS,494,240,233,21
Tipton,09 Cicero 1,County Commissioner,2,1,REP,Tracey B. POWELL,459,223,215,21
Tipton,09 Cicero 1,County Commissioner,3,1,REP,Nancy E. CLINE,419,207,189,23
Tipton,09 Cicero 1,County Commissioner,3,1,DEM,Maureen DOUGHERTY,148,69,71,8
Tipton,09 Cicero 1,County Council Member,At Large,3,REP,Korey D. HENDERSON,301,143,148,10
Tipton,09 Cicero 1,County Council Member,At Large,3,REP,Doug HERON,268,122,135,11
Tipton,09 Cicero 1,County Council Member,At Large,3,REP,Kirk D. RETHERFORD,269,120,134,15
Tipton,09 Cicero 1,Tipton Community SB,Cicero Township,1,,Darrin HAYNES,174,74,88,12
Tipton,09 Cicero 1,Tipton Community SB,Cicero Township,1,,Bethany WOELFERT,281,127,142,12
Tipton,09 Cicero 1,Tipton Community SB,City of Tipton,1,,Jennifer HUMRICHOUS,402,175,211,16
Tipton,09 Cicero 1,Tipton Community SB,Jefferson Township,1,,Andrea J. CAMPBELL,400,171,212,17
Tipton,09 Cicero 1,IN Supreme Court-Rush,,,,Yes,295,125,153,17
Tipton,09 Cicero 1,IN Supreme Court-Rush,,,,No,139,64,69,6
Tipton,09 Cicero 1,IN Supreme Court-Massa,,,,Yes,286,125,145,16
Tipton,09 Cicero 1,IN Supreme Court-Massa,,,,No,142,64,71,7
Tipton,09 Cicero 1,IN Supreme Court-Molter,,,,Yes,282,123,147,12
Tipton,09 Cicero 1,IN Supreme Court-Molter,,,,No,144,65,71,8
Tipton,09 Cicero 1,Court of Appeals Dist 4-Pyle III,,,,Yes,290,125,149,16
Tipton,09 Cicero 1,Court of Appeals Dist 4-Pyle III,,,,No,139,64,69,6
Tipton,09 Cicero 1,Straight Party,,,DEM,,28,,,
Tipton,09 Cicero 1,Straight Party,,,REP,,167,,,
Tipton,10 Cicero 2,Registered Voters,,,,,998,,,
Tipton,10 Cicero 2,Ballots Cast,,,,,657,,,
Tipton,10 Cicero 2,Public Question-Const Amendment,,,,Yes,282,144,121,17
Tipton,10 Cicero 2,Public Question-Const Amendment,,,,No,254,133,99,22
Tipton,10 Cicero 2,President,,1,REP,Donald J. TRUMP / JD VANCE,412,211,169,32
Tipton,10 Cicero 2,President,,1,DEM,Kamala D. HARRIS / Tim WALZ,225,128,67,30
Tipton,10 Cicero 2,President,,1,LBT,Chase OLIVER / Mike terr MAAT,0,0,0,0
Tipton,10 Cicero 2,President,,1,WTP,Robert F. KENNEDY JR. / Nichole SHANAHAN,9,2,5,2
Tipton,10 Cicero 2,President,,1,,Write-In,2,2,0,0
Tipton,10 Cicero 2,U.S. Senate,,1,REP,Jim BANKS,386,211,146,29
Tipton,10 Cicero 2,U.S. Senate,,1,DEM,Valerie McCRAY,189,109,52,28
Tipton,10 Cicero 2,U.S. Senate,,1,LBT,Andrew HORNING,29,5,22,2
Tipton,10 Cicero 2,U.S. Senate,,1,,Write-In,0,0,0,0
Tipton,10 Cicero 2,Governor,,1,REP,Mike BRAUN / Micah BECKWITH,348,194,130,24
Tipton,10 Cicero 2,Governor,,1,DEM,Jennifer G. McCORMICK / Terry GOODIN,231,130,71,30
Tipton,10 Cicero 2,Governor,,1,LBT,Donald RAINWATER / Tonya HUDSON,41,9,29,3
Tipton,10 Cicero 2,Governor,,1,,Write-In,1,1,0,0
Tipton,10 Cicero 2,Attorney General,,1,REP,Todd ROKITA,393,205,161,27
Tipton,10 Cicero 2,Attorney General,,1,DEM,Destiny WELLS,217,122,64,31
Tipton,10 Cicero 2,U.S. House,5,1,REP,Victoria SPARTZ,379,195,154,30
Tipton,10 Cicero 2,U.S. House,5,1,DEM,Deborah A. PICKETT,198,114,55,29
Tipton,10 Cicero 2,U.S. House,5,1,LBT,Lauri SHILLINGS,21,9,12,0
Tipton,10 Cicero 2,U.S. House,5,1,IND,Robby SLAUGHTER,25,10,12,3
Tipton,10 Cicero 2,U.S. House,5,1,,Write-In,1,1,0,0
Tipton,10 Cicero 2,State House,3,1,REP,Heath R. VANNATTER,413,210,171,32
Tipton,10 Cicero 2,State House,3,1,DEM,Carl A. SEESE,187,112,50,25
Tipton,10 Cicero 2,County Recorder,,1,REP,Debra (Debbie) Strong BIDDLE,487,250,194,43
Tipton,10 Cicero 2,County Coroner,,1,REP,Robert L. NICHOLS,499,253,200,46
Tipton,10 Cicero 2,County Commissioner,2,1,REP,Tracey B. POWELL,490,249,198,43
Tipton,10 Cicero 2,County Commissioner,3,1,REP,Nancy E. CLINE,409,206,170,33
Tipton,10 Cicero 2,County Commissioner,3,1,DEM,Maureen DOUGHERTY,201,121,57,23
Tipton,10 Cicero 2,County Council Member,At Large,3,REP,Korey D. HENDERSON,328,158,142,28
Tipton,10 Cicero 2,County Council Member,At Large,3,REP,Doug HERON,273,139,111,23
Tipton,10 Cicero 2,County Council Member,At Large,3,REP,Kirk D. RETHERFORD,290,144,121,25
Tipton,10 Cicero 2,Tipton Community SB,Cicero Township,1,,Darrin HAYNES,155,86,62,7
Tipton,10 Cicero 2,Tipton Community SB,Cicero Township,1,,Bethany WOELFERT,315,158,129,28
Tipton,10 Cicero 2,Tipton Community SB,City of Tipton,1,,Jennifer HUMRICHOUS,405,199,172,34
Tipton,10 Cicero 2,Tipton Community SB,Jefferson Township,1,,Andrea J. CAMPBELL,396,193,176,27
Tipton,10 Cicero 2,IN Supreme Court-Rush,,,,Yes,319,152,141,26
Tipton,10 Cicero 2,IN Supreme Court-Rush,,,,No,146,75,54,17
Tipton,10 Cicero 2,IN Supreme Court-Massa,,,,Yes,304,146,134,24
Tipton,10 Cicero 2,IN Supreme Court-Massa,,,,No,153,76,58,19
Tipton,10 Cicero 2,IN Supreme Court-Molter,,,,Yes,306,140,143,23
Tipton,10 Cicero 2,IN Supreme Court-Molter,,,,No,148,81,47,20
Tipton,10 Cicero 2,Court of Appeals Dist 4-Pyle III,,,,Yes,303,138,138,27
Tipton,10 Cicero 2,Court of Appeals Dist 4-Pyle III,,,,No,156,85,53,18
Tipton,10 Cicero 2,Straight Party,,,DEM,,52,,,
Tipton,10 Cicero 2,Straight Party,,,REP,,147,,,
Tipton,11 Cicero 3,Registered Voters,,,,,986,,,
Tipton,11 Cicero 3,Ballots Cast,,,,,569,,,
Tipton,11 Cicero 3,Public Question-Const Amendment,,,,Yes,251,107,136,8
Tipton,11 Cicero 3,Public Question-Const Amendment,,,,No,220,106,102,12
Tipton,11 Cicero 3,President,,1,REP,Donald J. TRUMP / JD VANCE,396,187,189,20
Tipton,11 Cicero 3,President,,1,DEM,Kamala D. HARRIS / Tim WALZ,153,64,71,18
Tipton,11 Cicero 3,President,,1,LBT,Chase OLIVER / Mike terr MAAT,1,1,0,0
Tipton,11 Cicero 3,President,,1,WTP,Robert F. KENNEDY JR. / Nichole SHANAHAN,8,3,5,0
Tipton,11 Cicero 3,President,,1,,Write-In,4,2,2,0
Tipton,11 Cicero 3,U.S. Senate,,1,REP,Jim BANKS,372,181,170,21
Tipton,11 Cicero 3,U.S. Senate,,1,DEM,Valerie McCRAY,130,55,59,16
Tipton,11 Cicero 3,U.S. Senate,,1,LBT,Andrew HORNING,16,5,11,0
Tipton,11 Cicero 3,U.S. Senate,,1,,Write-In,0,0,0,0
Tipton,11 Cicero 3,Governor,,1,REP,Mike BRAUN / Micah BECKWITH,327,173,135,19
Tipton,11 Cicero 3,Governor,,1,DEM,Jennifer G. McCORMICK / Terry GOODIN,164,66,80,18
Tipton,11 Cicero 3,Governor,,1,LBT,Donald RAINWATER / Tonya HUDSON,41,10,31,0
Tipton,11 Cicero 3,Governor,,1,,Write-In,0,0,0,0
Tipton,11 Cicero 3,Attorney General,,1,REP,Todd ROKITA,379,185,173,21
Tipton,11 Cicero 3,Attorney General,,1,DEM,Destiny WELLS,154,61,77,16
Tipton,11 Cicero 3,U.S. House,5,1,REP,Victoria SPARTZ,352,171,163,18
Tipton,11 Cicero 3,U.S. House,5,1,DEM,Deborah A. PICKETT,135,55,63,17
Tipton,11 Cicero 3,U.S. House,5,1,LBT,Lauri SHILLINGS,26,15,11,0
Tipton,11 Cicero 3,U.S. House,5,1,IND,Robby SLAUGHTER,16,3,12,1
Tipton,11 Cicero 3,U.S. House,5,1,,Write-In,0,0,0,0
Tipton,11 Cicero 3,State House,3,1,REP,Heath R. VANNATTER,383,184,178,21
Tipton,11 Cicero 3,State House,3,1,DEM,Carl A. SEESE,129,53,61,15
Tipton,11 Cicero 3,County Recorder,,1,REP,Debra (Debbie) Strong BIDDLE,438,207,208,23
Tipton,11 Cicero 3,County Coroner,,1,REP,Robert L. NICHOLS,451,213,216,22
Tipton,11 Cicero 3,County Commissioner,2,1,REP,Tracey B. POWELL,420,203,198,19
Tipton,11 Cicero 3,County Commissioner,3,1,REP,Nancy E. CLINE,388,184,183,21
Tipton,11 Cicero 3,County Commissioner,3,1,DEM,Maureen DOUGHERTY,138,55,67,16
Tipton,11 Cicero 3,County Council Member,At Large,3,REP,Korey D. HENDERSON,269,125,126,18
Tipton,11 Cicero 3,County Council Member,At Large,3,REP,Doug HERON,238,104,119,15
Tipton,11 Cicero 3,County Council Member,At Large,3,REP,Kirk D. RETHERFORD,228,104,107,17
Tipton,11 Cicero 3,Tipton Community SB,Cicero Township,1,,Darrin HAYNES,159,63,88,8
Tipton,11 Cicero 3,Tipton Community SB,Cicero Township,1,,Bethany WOELFERT,225,102,110,13
Tipton,11 Cicero 3,Tipton Community SB,City of Tipton,1,,Jennifer HUMRICHOUS,343,146,181,16
Tipton,11 Cicero 3,Tipton Community SB,Jefferson Township,1,,Andrea J. CAMPBELL,341,145,181,15
Tipton,11 Cicero 3,IN Supreme Court-Rush,,,,Yes,266,114,138,14
Tipton,11 Cicero 3,IN Supreme Court-Rush,,,,No,119,55,61,3
Tipton,11 Cicero 3,IN Supreme Court-Massa,,,,Yes,257,114,128,15
Tipton,11 Cicero 3,IN Supreme Court-Massa,,,,No,121,51,67,3
Tipton,11 Cicero 3,IN Supreme Court-Molter,,,,Yes,266,116,133,17
Tipton,11 Cicero 3,IN Supreme Court-Molter,,,,No,116,51,64,1
Tipton,11 Cicero 3,Court of Appeals Dist 4-Pyle III,,,,Yes,268,119,133,16
Tipton,11 Cicero 3,Court of Appeals Dist 4-Pyle III,,,,No,114,49,63,2
Tipton,11 Cicero 3,Straight Party,,,DEM,,37,,,
Tipton,11 Cicero 3,Straight Party,,,REP,,162,,,
Tipton,12 Cicero 4,Registered Voters,,,,,944,,,
Tipton,12 Cicero 4,Ballots Cast,,,,,533,,,
Tipton,12 Cicero 4,Public Question-Const Amendment,,,,Yes,234,108,114,12
Tipton,12 Cicero 4,Public Question-Const Amendment,,,,No,214,106,93,15
Tipton,12 Cicero 4,President,,1,REP,Donald J. TRUMP / JD VANCE,386,184,182,20
Tipton,12 Cicero 4,President,,1,DEM,Kamala D. HARRIS / Tim WALZ,131,72,40,19
Tipton,12 Cicero 4,President,,1,LBT,Chase OLIVER / Mike terr MAAT,4,2,2,0
Tipton,12 Cicero 4,President,,1,WTP,Robert F. KENNEDY JR. / Nichole SHANAHAN,6,4,2,0
Tipton,12 Cicero 4,President,,1,,Write-In,0,0,0,0
Tipton,12 Cicero 4,U.S. Senate,,1,REP,Jim BANKS,355,179,158,18
Tipton,12 Cicero 4,U.S. Senate,,1,DEM,Valerie McCRAY,122,63,41,18
Tipton,12 Cicero 4,U.S. Senate,,1,LBT,Andrew HORNING,17,6,10,1
Tipton,12 Cicero 4,U.S. Senate,,1,,Write-In,0,0,0,0
Tipton,12 Cicero 4,Governor,,1,REP,Mike BRAUN / Micah BECKWITH,332,169,146,17
Tipton,12 Cicero 4,Governor,,1,DEM,Jennifer G. McCORMICK / Terry GOODIN,137,69,48,20
Tipton,12 Cicero 4,Governor,,1,LBT,Donald RAINWATER / Tonya HUDSON,34,16,18,0
Tipton,12 Cicero 4,Governor,,1,,Write-In,0,0,0,0
Tipton,12 Cicero 4,Attorney General,,1,REP,Todd ROKITA,362,184,161,17
Tipton,12 Cicero 4,Attorney General,,1,DEM,Destiny WELLS,135,67,49,19
Tipton,12 Cicero 4,U.S. House,5,1,REP,Victoria SPARTZ,333,167,150,16
Tipton,12 Cicero 4,U.S. House,5,1,DEM,Deborah A. PICKETT,119,60,41,18
Tipton,12 Cicero 4,U.S. House,5,1,LBT,Lauri SHILLINGS,29,14,14,1
Tipton,12 Cicero 4,U.S. House,5,1,IND,Robby SLAUGHTER,22,11,10,1
Tipton,12 Cicero 4,U.S. House,5,1,,Write-In,0,0,0,0
Tipton,12 Cicero 4,State House,3,1,REP,Heath R. VANNATTER,367,178,173,16
Tipton,12 Cicero 4,State House,3,1,DEM,Carl A. SEESE,120,59,40,21
Tipton,12 Cicero 4,County Recorder,,1,REP,Debra (Debbie) Strong BIDDLE,410,199,187,24
Tipton,12 Cicero 4,County Coroner,,1,REP,Robert L. NICHOLS,427,206,195,26
Tipton,12 Cicero 4,County Commissioner,2,1,REP,Tracey B. POWELL,406,201,182,23
Tipton,12 Cicero 4,County Commissioner,3,1,REP,Nancy E. CLINE,348,165,167,16
Tipton,12 Cicero 4,County Commissioner,3,1,DEM,Maureen DOUGHERTY,142,72,49,21
Tipton,12 Cicero 4,County Council Member,At Large,3,REP,Korey D. HENDERSON,256,124,118,14
Tipton,12 Cicero 4,County Council Member,At Large,3,REP,Doug HERON,224,110,99,15
Tipton,12 Cicero 4,County Council Member,At Large,3,REP,Kirk D. RETHERFORD,223,113,95,15
Tipton,12 Cicero 4,Tipton Community SB,Cicero Township,1,,Darrin HAYNES,130,51,74,5
Tipton,12 Cicero 4,Tipton Community SB,Cicero Township,1,,Bethany WOELFERT,236,117,102,17
Tipton,12 Cicero 4,Tipton Community SB,City of Tipton,1,,Jennifer HUMRICHOUS,333,154,163,16
Tipton,12 Cicero 4,Tipton Community SB,Jefferson Township,1,,Andrea J. CAMPBELL,327,156,156,15
Tipton,12 Cicero 4,IN Supreme Court-Rush,,,,Yes,250,113,117,20
Tipton,12 Cicero 4,IN Supreme Court-Rush,,,,No,114,50,58,6
Tipton,12 Cicero 4,IN Supreme Court-Massa,,,,Yes,253,118,120,15
Tipton,12 Cicero 4,IN Supreme Court-Massa,,,,No,109,46,53,10
Tipton,12 Cicero 4,IN Supreme Court-Molter,,,,Yes,250,116,119,15
Tipton,12 Cicero 4,IN Supreme Court-Molter,,,,No,109,46,54,9
Tipton,12 Cicero 4,Court of Appeals Dist 4-Pyle III,,,,Yes,246,116,114,16
Tipton,12 Cicero 4,Court of Appeals Dist 4-Pyle III,,,,No,106,42,56,8
Tipton,12 Cicero 4,Straight Party,,,DEM,,27,,,
Tipton,12 Cicero 4,Straight Party,,,REP,,131,,,
Tipton,13 Cicero 5,Registered Voters,,,,,892,,,
Tipton,13 Cicero 5,Ballots Cast,,,,,631,,,
Tipton,13 Cicero 5,Public Question-Const Amendment,,,,Yes,281,149,115,17
Tipton,13 Cicero 5,Public Question-Const Amendment,,,,No,255,141,92,22
Tipton,13 Cicero 5,President,,1,REP,Donald J. TRUMP / JD VANCE,453,242,180,31
Tipton,13 Cicero 5,President,,1,DEM,Kamala D. HARRIS / Tim WALZ,152,93,42,17
Tipton,13 Cicero 5,President,,1,LBT,Chase OLIVER / Mike terr MAAT,6,1,5,0
Tipton,13 Cicero 5,President,,1,WTP,Robert F. KENNEDY JR. / Nichole SHANAHAN,8,4,3,1
Tipton,13 Cicero 5,President,,1,,Write-In,1,1,0,0
Tipton,13 Cicero 5,U.S. Senate,,1,REP,Jim BANKS,423,224,168,31
Tipton,13 Cicero 5,U.S. Senate,,1,DEM,Valerie McCRAY,138,87,36,15
Tipton,13 Cicero 5,U.S. Senate,,1,LBT,Andrew HORNING,25,12,12,1
Tipton,13 Cicero 5,U.S. Senate,,1,,Write-In,0,0,0,0
Tipton,13 Cicero 5,Governor,,1,REP,Mike BRAUN / Micah BECKWITH,382,211,147,24
Tipton,13 Cicero 5,Governor,,1,DEM,Jennifer G. McCORMICK / Terry GOODIN,178,102,54,22
Tipton,13 Cicero 5,Governor,,1,LBT,Donald RAINWATER / Tonya HUDSON,46,20,24,2
Tipton,13 Cicero 5,Governor,,1,,Write-In,0,0,0,0
Tipton,13 Cicero 5,Attorney General,,1,REP,Todd ROKITA,421,231,166,24
Tipton,13 Cicero 5,Attorney General,,1,DEM,Destiny WELLS,175,101,52,22
Tipton,13 Cicero 5,U.S. House,5,1,REP,Victoria SPARTZ,402,207,166,29
Tipton,13 Cicero 5,U.S. House,5,1,DEM,Deborah A. PICKETT,136,89,33,14
Tipton,13 Cicero 5,U.S. House,5,1,LBT,Lauri SHILLINGS,29,10,14,5
Tipton,13 Cicero 5,U.S. House,5,1,IND,Robby SLAUGHTER,25,19,6,0
Tipton,13 Cicero 5,U.S. House,5,1,,Write-In,0,0,0,0
Tipton,13 Cicero 5,State House,3,1,REP,Heath R. VANNATTER,433,226,180,27
Tipton,13 Cicero 5,State House,3,1,DEM,Carl A. SEESE,139,87,34,18
Tipton,13 Cicero 5,County Recorder,,1,REP,Debra (Debbie) Strong BIDDLE,487,262,190,35
Tipton,13 Cicero 5,County Coroner,,1,REP,Robert L. NICHOLS,526,287,201,38
Tipton,13 Cicero 5,County Commissioner,2,1,REP,Tracey B. POWELL,470,257,182,31
Tipton,13 Cicero 5,County Commissioner,3,1,REP,Nancy E. CLINE,404,216,162,26
Tipton,13 Cicero 5,County Commissioner,3,1,DEM,Maureen DOUGHERTY,178,101,55,22
Tipton,13 Cicero 5,County Council Member,At Large,3,REP,Korey D. HENDERSON,358,195,139,24
Tipton,13 Cicero 5,County Council Member,At Large,3,REP,Doug HERON,289,162,113,14
Tipton,13 Cicero 5,County Council Member,At Large,3,REP,Kirk D. RETHERFORD,325,181,127,17
Tipton,13 Cicero 5,Tipton Community SB,Cicero Township,1,,Darrin HAYNES,162,94,62,6
Tipton,13 Cicero 5,Tipton Community SB,Cicero Township,1,,Bethany WOELFERT,326,164,131,31
Tipton,13 Cicero 5,Tipton Community SB,City of Tipton,1,,Jennifer HUMRICHOUS,427,233,168,26
Tipton,13 Cicero 5,Tipton Community SB,Jefferson Township,1,,Andrea J. CAMPBELL,431,234,167,30
Tipton,13 Cicero 5,IN Supreme Court-Rush,,,,Yes,322,167,134,21
Tipton,13 Cicero 5,IN Supreme Court-Rush,,,,No,141,81,47,13
Tipton,13 Cicero 5,IN Supreme Court-Massa,,,,Yes,311,160,130,21
Tipton,13 Cicero 5,IN Supreme Court-Massa,,,,No,150,87,50,13
Tipton,13 Cicero 5,IN Supreme Court-Molter,,,,Yes,320,163,136,21
Tipton,13 Cicero 5,IN Supreme Court-Molter,,,,No,141,84,44,13
Tipton,13 Cicero 5,Court of Appeals Dist 4-Pyle III,,,,Yes,313,161,129,23
Tipton,13 Cicero 5,Court of Appeals Dist 4-Pyle III,,,,No,147,84,52,11
Tipton,13 Cicero 5,Straight Party,,,DEM,,32,,,
Tipton,13 Cicero 5,Straight Party,,,REP,,116,,,
Tipton,14 Cicero 6,Registered Voters,,,,,530,,,
Tipton,14 Cicero 6,Ballots Cast,,,,,383,,,
Tipton,14 Cicero 6,Public Question-Const Amendment,,,,Yes,184,79,105,0
Tipton,14 Cicero 6,Public Question-Const Amendment,,,,No,151,73,78,0
Tipton,14 Cicero 6,President,,1,REP,Donald J. TRUMP / JD VANCE,276,134,142,0
Tipton,14 Cicero 6,President,,1,DEM,Kamala D. HARRIS / Tim WALZ,97,50,47,0
Tipton,14 Cicero 6,President,,1,LBT,Chase OLIVER / Mike terr MAAT,1,1,0,0
Tipton,14 Cicero 6,President,,1,WTP,Robert F. KENNEDY JR. / Nichole SHANAHAN,3,0,3,0
Tipton,14 Cicero 6,President,,1,,Write-In,2,0,2,0
Tipton,14 Cicero 6,U.S. Senate,,1,REP,Jim BANKS,267,127,140,0
Tipton,14 Cicero 6,U.S. Senate,,1,DEM,Valerie McCRAY,82,41,41,0
Tipton,14 Cicero 6,U.S. Senate,,1,LBT,Andrew HORNING,9,5,4,0
Tipton,14 Cicero 6,U.S. Senate,,1,,Write-In,0,0,0,0
Tipton,14 Cicero 6,Governor,,1,REP,Mike BRAUN / Micah BECKWITH,234,116,118,0
Tipton,14 Cicero 6,Governor,,1,DEM,Jennifer G. McCORMICK / Terry GOODIN,106,51,55,0
Tipton,14 Cicero 6,Governor,,1,LBT,Donald RAINWATER / Tonya HUDSON,25,13,12,0
Tipton,14 Cicero 6,Governor,,1,,Write-In,0,0,0,0
Tipton,14 Cicero 6,Attorney General,,1,REP,Todd ROKITA,269,133,136,0
Tipton,14 Cicero 6,Attorney General,,1,DEM,Destiny WELLS,96,43,53,0
Tipton,14 Cicero 6,U.S. House,5,1,REP,Victoria SPARTZ,245,117,128,0
Tipton,14 Cicero 6,U.S. House,5,1,DEM,Deborah A. PICKETT,85,46,39,0
Tipton,14 Cicero 6,U.S. House,5,1,LBT,Lauri SHILLINGS,11,5,6,0
Tipton,14 Cicero 6,U.S. House,5,1,IND,Robby SLAUGHTER,16,6,10,0
Tipton,14 Cicero 6,U.S. House,5,1,,Write-In,0,0,0,0
Tipton,14 Cicero 6,State House,3,1,REP,Heath R. VANNATTER,270,127,143,0
Tipton,14 Cicero 6,State House,3,1,DEM,Carl A. SEESE,81,42,39,0
Tipton,14 Cicero 6,County Recorder,,1,REP,Debra (Debbie) Strong BIDDLE,301,142,159,0
Tipton,14 Cicero 6,County Coroner,,1,REP,Robert L. NICHOLS,308,151,157,0
Tipton,14 Cicero 6,County Commissioner,2,1,REP,Tracey B. POWELL,295,141,154,0
Tipton,14 Cicero 6,County Commissioner,3,1,REP,Nancy E. CLINE,265,126,139,0
Tipton,14 Cicero 6,County Commissioner,3,1,DEM,Maureen DOUGHERTY,94,44,50,0
Tipton,14 Cicero 6,County Council Member,At Large,3,REP,Korey D. HENDERSON,214,100,114,0
Tipton,14 Cicero 6,County Council Member,At Large,3,REP,Doug HERON,181,83,98,0
Tipton,14 Cicero 6,County Council Member,At Large,3,REP,Kirk D. RETHERFORD,181,80,101,0
Tipton,14 Cicero 6,Tipton Community SB,Cicero Township,1,,Darrin HAYNES,95,39,56,0
Tipton,14 Cicero 6,Tipton Community SB,Cicero Township,1,,Bethany WOELFERT,203,97,106,0
Tipton,14 Cicero 6,Tipton Community SB,City of Tipton,1,,Jennifer HUMRICHOUS,257,121,136,0
Tipton,14 Cicero 6,Tipton Community SB,Jefferson Township,1,,Andrea J. CAMPBELL,261,121,140,0
Tipton,14 Cicero 6,IN Supreme Court-Rush,,,,Yes,202,92,110,0
Tipton,14 Cicero 6,IN Supreme Court-Rush,,,,No,87,41,46,0
Tipton,14 Cicero 6,IN Supreme Court-Massa,,,,Yes,204,92,112,0
Tipton,14 Cicero 6,IN Supreme Court-Massa,,,,No,83,39,44,0
Tipton,14 Cicero 6,IN Supreme Court-Molter,,,,Yes,199,91,108,0
Tipton,14 Cicero 6,IN Supreme Court-Molter,,,,No,83,37,46,0
Tipton,14 Cicero 6,Court of Appeals Dist 4-Pyle III,,,,Yes,196,88,108,0
Tipton,14 Cicero 6,Court of Appeals Dist 4-Pyle III,,,,No,87,41,46,0
Tipton,14 Cicero 6,Straight Party,,,DEM,,27,,,
Tipton,14 Cicero 6,Straight Party,,,REP,,87,,,
Tipton,15 Cicero 7,Registered Voters,,,,,938,,,
Tipton,15 Cicero 7,Ballots Cast,,,,,672,,,
Tipton,15 Cicero 7,Public Question-Const Amendment,,,,Yes,332,180,135,17
Tipton,15 Cicero 7,Public Question-Const Amendment,,,,No,245,142,89,14
Tipton,15 Cicero 7,President,,1,REP,Donald J. TRUMP / JD VANCE,496,293,175,28
Tipton,15 Cicero 7,President,,1,DEM,Kamala D. HARRIS / Tim WALZ,159,88,52,19
Tipton,15 Cicero 7,President,,1,LBT,Chase OLIVER / Mike terr MAAT,5,0,5,0
Tipton,15 Cicero 7,President,,1,WTP,Robert F. KENNEDY JR. / Nichole SHANAHAN,3,1,2,0
Tipton,15 Cicero 7,President,,1,,Write-In,5,1,4,0
Tipton,15 Cicero 7,U.S. Senate,,1,REP,Jim BANKS,483,283,174,26
Tipton,15 Cicero 7,U.S. Senate,,1,DEM,Valerie McCRAY,127,75,34,18
Tipton,15 Cicero 7,U.S. Senate,,1,LBT,Andrew HORNING,25,6,19,0
Tipton,15 Cicero 7,U.S. Senate,,1,,Write-In,1,0,1,0
Tipton,15 Cicero 7,Governor,,1,REP,Mike BRAUN / Micah BECKWITH,430,266,141,23
Tipton,15 Cicero 7,Governor,,1,DEM,Jennifer G. McCORMICK / Terry GOODIN,161,88,56,17
Tipton,15 Cicero 7,Governor,,1,LBT,Donald RAINWATER / Tonya HUDSON,47,14,32,1
Tipton,15 Cicero 7,Governor,,1,,Write-In,0,0,0,0
Tipton,15 Cicero 7,Attorney General,,1,REP,Todd ROKITA,476,280,169,27
Tipton,15 Cicero 7,Attorney General,,1,DEM,Destiny WELLS,163,87,61,15
Tipton,15 Cicero 7,U.S. House,5,1,REP,Victoria SPARTZ,473,276,173,24
Tipton,15 Cicero 7,U.S. House,5,1,DEM,Deborah A. PICKETT,127,75,37,15
Tipton,15 Cicero 7,U.S. House,5,1,LBT,Lauri SHILLINGS,17,6,10,1
Tipton,15 Cicero 7,U.S. House,5,1,IND,Robby SLAUGHTER,26,11,14,1
Tipton,15 Cicero 7,U.S. House,5,1,,Write-In,0,0,0,0
Tipton,15 Cicero 7,State House,3,1,REP,Heath R. VANNATTER,499,297,176,26
Tipton,15 Cicero 7,State House,3,1,DEM,Carl A. SEESE,126,63,46,17
Tipton,15 Cicero 7,County Recorder,,1,REP,Debra (Debbie) Strong BIDDLE,538,316,190,32
Tipton,15 Cicero 7,County Coroner,,1,REP,Robert L. NICHOLS,562,326,204,32
Tipton,15 Cicero 7,County Commissioner,2,1,REP,Tracey B. POWELL,504,296,178,30
Tipton,15 Cicero 7,County Commissioner,3,1,REP,Nancy E. CLINE,480,281,172,27
Tipton,15 Cicero 7,County Commissioner,3,1,DEM,Maureen DOUGHERTY,154,83,54,17
Tipton,15 Cicero 7,County Council Member,At Large,3,REP,Korey D. HENDERSON,387,219,143,25
Tipton,15 Cicero 7,County Council Member,At Large,3,REP,Doug HERON,335,189,124,22
Tipton,15 Cicero 7,County Council Member,At Large,3,REP,Kirk D. RETHERFORD,356,199,133,24
Tipton,15 Cicero 7,Tipton Community SB,Cicero Township,1,,Darrin HAYNES,148,75,63,10
Tipton,15 Cicero 7,Tipton Community SB,Cicero Township,1,,Bethany WOELFERT,384,223,138,23
Tipton,15 Cicero 7,Tipton Community SB,City of Tipton,1,,Jennifer HUMRICHOUS,484,271,180,33
Tipton,15 Cicero 7,Tipton Community SB,Jefferson Township,1,,Andrea J. CAMPBELL,475,259,186,30
Tipton,15 Cicero 7,IN Supreme Court-Rush,,,,Yes,373,206,139,28
Tipton,15 Cicero 7,IN Supreme Court-Rush,,,,No,127,65,58,4
Tipton,15 Cicero 7,IN Supreme Court-Massa,,,,Yes,348,192,132,24
Tipton,15 Cicero 7,IN Supreme Court-Massa,,,,No,138,68,63,7
Tipton,15 Cicero 7,IN Supreme Court-Molter,,,,Yes,353,198,131,24
Tipton,15 Cicero 7,IN Supreme Court-Molter,,,,No,139,70,62,7
Tipton,15 Cicero 7,Court of Appeals Dist 4-Pyle III,,,,Yes,366,205,133,28
Tipton,15 Cicero 7,Court of Appeals Dist 4-Pyle III,,,,No,124,61,58,5
Tipton,15 Cicero 7,Straight Party,,,DEM,,29,,,
Tipton,15 Cicero 7,Straight Party,,,REP,,158,,,
