county,precinct,office,district,party,candidate,election_day,absentee,early_voting,votes
Bartholomew,Pct. 0100,Registered Voters,,,,,,,1201
Bartholomew,Pct. 0100,Ballots Cast,,,,144,149,379,672
Bartholomew,Pct. 0100,President,,R,Trump\Pence,90,40,180,310
Bartholomew,Pct. 0100,President,,D,Biden\Harris,47,104,185,336
Bartholomew,Pct. 0100,President,,L,Jorgense\Cohen,5,4,8,17
Bartholomew,Pct. 0100,President,,,Write-In,1,0,1,2
Bartholomew,Pct. 0100,Governor,,R,Holcomb\Crouch,79,54,185,318
Bartholomew,Pct. 0100,Governor,,D,Myers\Lawson,40,85,147,272
Bartholomew,Pct. 0100,Governor,,L,Rainwater II / Henry,22,2,40,64
Bartholomew,Pct. 0100,Attorney General,,R,Todd Rokita,77,42,177,296
Bartholomew,Pct. 0100,Attorney General,,D,Jonathan Weinzapfel,56,97,173,326
Bartholomew,Pct. 0100,U.S. House,6,R,Greg Pence,87,42,185,314
Bartholomew,Pct. 0100,U.S. House,6,D,Jeannine Lee Lake,41,100,173,314
Bartholomew,Pct. 0100,U.S. House,6,L,Tom Ferkinhoff,12,3,10,25
Bartholomew,Pct. 0100,U.S. House,6,,Write-In,0,0,0,0
Bartholomew,Pct. 0100,State Senate,44,R,Eric A Koch,83,42,189,314
Bartholomew,Pct. 0100,State Senate,44,D,Cynthia (Cinde) Wirth,51,94,179,324
Bartholomew,Pct. 0100,State Representative,59,R,Ryan Lauer,90,37,175,302
Bartholomew,Pct. 0100,State Representative,59,D,Dale Nowlin,45,99,189,333
Bartholomew,Pct. 0200,Registered Voters,,,,,,,1435
Bartholomew,Pct. 0200,Ballots Cast,,,,199,189,632,1020
Bartholomew,Pct. 0200,President,,R,Trump\Pence,134,59,329,522
Bartholomew,Pct. 0200,President,,D,Biden\Harris,53,122,288,463
Bartholomew,Pct. 0200,President,,L,Jorgense\Cohen,9,5,14,28
Bartholomew,Pct. 0200,President,,,Write-In,1,1,0,2
Bartholomew,Pct. 0200,Governor,,R,Holcomb\Crouch,131,98,369,598
Bartholomew,Pct. 0200,Governor,,D,Myers\Lawson,31,83,208,322
Bartholomew,Pct. 0200,Governor,,L,Rainwater II / Henry,31,3,51,85
Bartholomew,Pct. 0200,Attorney General,,R,Todd Rokita,145,73,352,570
Bartholomew,Pct. 0200,Attorney General,,D,Jonathan Weinzapfel,42,103,258,403
Bartholomew,Pct. 0200,U.S. House,6,R,Greg Pence,135,67,334,536
Bartholomew,Pct. 0200,U.S. House,6,D,Jeannine Lee Lake,46,112,272,430
Bartholomew,Pct. 0200,U.S. House,6,L,Tom Ferkinhoff,15,5,19,39
Bartholomew,Pct. 0200,U.S. House,6,,Write-In,0,0,0,0
Bartholomew,Pct. 0200,State Senate,44,R,Eric A Koch,139,75,357,571
Bartholomew,Pct. 0200,State Senate,44,D,Cynthia (Cinde) Wirth,51,104,260,415
Bartholomew,Pct. 0200,State Representative,59,R,Ryan Lauer,131,59,333,523
Bartholomew,Pct. 0200,State Representative,59,D,Dale Nowlin,57,123,293,473
Bartholomew,Pct. 0225,Registered Voters,,,,,,,1398
Bartholomew,Pct. 0225,Ballots Cast,,,,254,125,576,955
Bartholomew,Pct. 0225,President,,R,Trump\Pence,174,45,297,516
Bartholomew,Pct. 0225,President,,D,Biden\Harris,67,77,264,408
Bartholomew,Pct. 0225,President,,L,Jorgense\Cohen,9,2,13,24
Bartholomew,Pct. 0225,President,,,Write-In,1,0,0,1
Bartholomew,Pct. 0225,Governor,,R,Holcomb\Crouch,154,67,323,544
Bartholomew,Pct. 0225,Governor,,D,Myers\Lawson,47,53,190,290
Bartholomew,Pct. 0225,Governor,,L,Rainwater II / Henry,49,3,58,110
Bartholomew,Pct. 0225,Attorney General,,R,Todd Rokita,168,54,310,532
Bartholomew,Pct. 0225,Attorney General,,D,Jonathan Weinzapfel,59,69,245,373
Bartholomew,Pct. 0225,U.S. House,6,R,Greg Pence,179,48,314,541
Bartholomew,Pct. 0225,U.S. House,6,D,Jeannine Lee Lake,54,70,240,364
Bartholomew,Pct. 0225,U.S. House,6,L,Tom Ferkinhoff,15,6,12,33
Bartholomew,Pct. 0225,U.S. House,6,,Write-In,0,0,0,0
Bartholomew,Pct. 0225,State Senate,44,R,Eric A Koch,179,51,315,545
Bartholomew,Pct. 0225,State Senate,44,D,Cynthia (Cinde) Wirth,63,73,248,384
Bartholomew,Pct. 0225,State Representative,59,R,Ryan Lauer,173,43,294,510
Bartholomew,Pct. 0225,State Representative,59,D,Dale Nowlin,71,80,269,420
Bartholomew,Pct. 0250,Registered Voters,,,,,,,1153
Bartholomew,Pct. 0250,Ballots Cast,,,,126,226,503,855
Bartholomew,Pct. 0250,President,,R,Trump\Pence,81,63,241,385
Bartholomew,Pct. 0250,President,,D,Biden\Harris,35,157,242,434
Bartholomew,Pct. 0250,President,,L,Jorgense\Cohen,9,0,13,22
Bartholomew,Pct. 0250,President,,,Write-In,0,1,0,1
Bartholomew,Pct. 0250,Governor,,R,Holcomb\Crouch,86,122,286,494
Bartholomew,Pct. 0250,Governor,,D,Myers\Lawson,22,99,171,292
Bartholomew,Pct. 0250,Governor,,L,Rainwater II / Henry,18,1,36,55
Bartholomew,Pct. 0250,Attorney General,,R,Todd Rokita,93,81,269,443
Bartholomew,Pct. 0250,Attorney General,,D,Jonathan Weinzapfel,31,134,214,379
Bartholomew,Pct. 0250,U.S. House,6,R,Greg Pence,87,77,265,429
Bartholomew,Pct. 0250,U.S. House,6,D,Jeannine Lee Lake,31,144,218,393
Bartholomew,Pct. 0250,U.S. House,6,L,Tom Ferkinhoff,8,2,11,21
Bartholomew,Pct. 0250,U.S. House,6,,Write-In,0,0,0,0
Bartholomew,Pct. 0250,State Senate,44,R,Eric A Koch,97,81,281,459
Bartholomew,Pct. 0250,State Senate,44,D,Cynthia (Cinde) Wirth,28,134,212,374
Bartholomew,Pct. 0250,State Representative,59,R,Ryan Lauer,82,72,245,399
Bartholomew,Pct. 0250,State Representative,59,D,Dale Nowlin,43,145,248,436
Bartholomew,Pct. 0300,Registered Voters,,,,,,,653
Bartholomew,Pct. 0300,Ballots Cast,,,,84,70,205,359
Bartholomew,Pct. 0300,President,,R,Trump\Pence,43,23,88,154
Bartholomew,Pct. 0300,President,,D,Biden\Harris,36,44,107,187
Bartholomew,Pct. 0300,President,,L,Jorgense\Cohen,5,3,6,14
Bartholomew,Pct. 0300,President,,,Write-In,0,0,2,2
Bartholomew,Pct. 0300,Governor,,R,Holcomb\Crouch,42,30,88,160
Bartholomew,Pct. 0300,Governor,,D,Myers\Lawson,22,34,88,144
Bartholomew,Pct. 0300,Governor,,L,Rainwater II / Henry,18,5,25,48
Bartholomew,Pct. 0300,Attorney General,,R,Todd Rokita,43,22,90,155
Bartholomew,Pct. 0300,Attorney General,,D,Jonathan Weinzapfel,33,46,105,184
Bartholomew,Pct. 0300,U.S. House,6,R,Greg Pence,42,22,90,154
Bartholomew,Pct. 0300,U.S. House,6,D,Jeannine Lee Lake,30,42,102,174
Bartholomew,Pct. 0300,U.S. House,6,L,Tom Ferkinhoff,10,5,6,21
Bartholomew,Pct. 0300,U.S. House,6,,Write-In,0,0,0,0
Bartholomew,Pct. 0300,State Senate,44,R,Eric A Koch,,,,
Bartholomew,Pct. 0300,State Senate,44,D,Cynthia (Cinde) Wirth,,,,
Bartholomew,Pct. 0300,State Representative,59,R,Ryan Lauer,43,24,89,156
Bartholomew,Pct. 0300,State Representative,59,D,Dale Nowlin,36,44,110,190
Bartholomew,Pct. 0400,Registered Voters,,,,,,,1135
Bartholomew,Pct. 0400,Ballots Cast,,,,153,175,451,779
Bartholomew,Pct. 0400,President,,R,Trump\Pence,86,43,190,319
Bartholomew,Pct. 0400,President,,D,Biden\Harris,52,129,251,432
Bartholomew,Pct. 0400,President,,L,Jorgense\Cohen,11,1,6,18
Bartholomew,Pct. 0400,President,,,Write-In,0,0,0,0
Bartholomew,Pct. 0400,Governor,,R,Holcomb\Crouch,83,77,226,386
Bartholomew,Pct. 0400,Governor,,D,Myers\Lawson,38,87,168,293
Bartholomew,Pct. 0400,Governor,,L,Rainwater II / Henry,28,4,44,76
Bartholomew,Pct. 0400,Attorney General,,R,Todd Rokita,86,50,207,343
Bartholomew,Pct. 0400,Attorney General,,D,Jonathan Weinzapfel,58,115,225,398
Bartholomew,Pct. 0400,U.S. House,6,R,Greg Pence,88,43,198,329
Bartholomew,Pct. 0400,U.S. House,6,D,Jeannine Lee Lake,50,125,230,405
Bartholomew,Pct. 0400,U.S. House,6,L,Tom Ferkinhoff,11,3,13,27
Bartholomew,Pct. 0400,U.S. House,6,,Write-In,1,0,0,1
Bartholomew,Pct. 0400,State Senate,44,R,Eric A Koch,,,,
Bartholomew,Pct. 0400,State Senate,44,D,Cynthia (Cinde) Wirth,,,,
Bartholomew,Pct. 0400,State Representative,59,R,Ryan Lauer,84,40,194,318
Bartholomew,Pct. 0400,State Representative,59,D,Dale Nowlin,65,126,251,442
Bartholomew,Pct. 0500,Registered Voters,,,,,,,1139
Bartholomew,Pct. 0500,Ballots Cast,,,,149,134,514,797
Bartholomew,Pct. 0500,President,,R,Trump\Pence,109,40,321,470
Bartholomew,Pct. 0500,President,,D,Biden\Harris,34,92,181,307
Bartholomew,Pct. 0500,President,,L,Jorgense\Cohen,6,1,9,16
Bartholomew,Pct. 0500,President,,,Write-In,0,0,1,1
Bartholomew,Pct. 0500,Governor,,R,Holcomb\Crouch,83,66,328,477
Bartholomew,Pct. 0500,Governor,,D,Myers\Lawson,22,59,122,203
Bartholomew,Pct. 0500,Governor,,L,Rainwater II / Henry,42,4,61,107
Bartholomew,Pct. 0500,Attorney General,,R,Todd Rokita,103,51,326,480
Bartholomew,Pct. 0500,Attorney General,,D,Jonathan Weinzapfel,36,77,166,279
Bartholomew,Pct. 0500,U.S. House,6,R,Greg Pence,108,46,315,469
Bartholomew,Pct. 0500,U.S. House,6,D,Jeannine Lee Lake,35,82,178,295
Bartholomew,Pct. 0500,U.S. House,6,L,Tom Ferkinhoff,4,2,13,19
Bartholomew,Pct. 0500,U.S. House,6,,Write-In,0,0,0,0
Bartholomew,Pct. 0500,State Senate,44,R,Eric A Koch,,,,
Bartholomew,Pct. 0500,State Senate,44,D,Cynthia (Cinde) Wirth,,,,
Bartholomew,Pct. 0500,State Representative,59,R,Ryan Lauer,102,40,303,445
Bartholomew,Pct. 0500,State Representative,59,D,Dale Nowlin,41,90,199,330
Bartholomew,Pct. 0600,Registered Voters,,,,,,,713
Bartholomew,Pct. 0600,Ballots Cast,,,,95,115,340,550
Bartholomew,Pct. 0600,President,,R,Trump\Pence,64,38,175,277
Bartholomew,Pct. 0600,President,,D,Biden\Harris,23,75,154,252
Bartholomew,Pct. 0600,President,,L,Jorgense\Cohen,5,2,7,14
Bartholomew,Pct. 0600,President,,,Write-In,2,0,1,3
Bartholomew,Pct. 0600,Governor,,R,Holcomb\Crouch,58,65,190,313
Bartholomew,Pct. 0600,Governor,,D,Myers\Lawson,14,43,116,173
Bartholomew,Pct. 0600,Governor,,L,Rainwater II / Henry,23,2,28,54
Bartholomew,Pct. 0600,Attorney General,,R,Todd Rokita,68,47,178,293
Bartholomew,Pct. 0600,Attorney General,,D,Jonathan Weinzapfel,25,66,145,236
Bartholomew,Pct. 0600,U.S. House,6,R,Greg Pence,63,40,172,275
Bartholomew,Pct. 0600,U.S. House,6,D,Jeannine Lee Lake,22,71,153,246
Bartholomew,Pct. 0600,U.S. House,6,L,Tom Ferkinhoff,9,2,6,17
Bartholomew,Pct. 0600,U.S. House,6,,Write-In,0,0,0,0
Bartholomew,Pct. 0600,State Senate,44,R,Eric A Koch,,,,
Bartholomew,Pct. 0600,State Senate,44,D,Cynthia (Cinde) Wirth,,,,
Bartholomew,Pct. 0600,State Representative,59,R,Ryan Lauer,65,43,170,278
Bartholomew,Pct. 0600,State Representative,59,D,Dale Nowlin,28,69,162,259
Bartholomew,Pct. 0700,Registered Voters,,,,,,,882
Bartholomew,Pct. 0700,Ballots Cast,,,,98,193,322,613
Bartholomew,Pct. 0700,President,,R,Trump\Pence,67,91,204,362
Bartholomew,Pct. 0700,President,,D,Biden\Harris,25,92,109,226
Bartholomew,Pct. 0700,President,,L,Jorgense\Cohen,3,6,7,16
Bartholomew,Pct. 0700,President,,,Write-In,0,0,1,1
Bartholomew,Pct. 0700,Governor,,R,Holcomb\Crouch,50,115,189,354
Bartholomew,Pct. 0700,Governor,,D,Myers\Lawson,15,67,83,165
Bartholomew,Pct. 0700,Governor,,L,Rainwater II / Henry,29,8,49,86
Bartholomew,Pct. 0700,Attorney General,,R,Todd Rokita,64,101,207,372
Bartholomew,Pct. 0700,Attorney General,,D,Jonathan Weinzapfel,24,84,102,210
Bartholomew,Pct. 0700,U.S. House,6,R,Greg Pence,64,92,200,356
Bartholomew,Pct. 0700,U.S. House,6,D,Jeannine Lee Lake,19,91,105,215
Bartholomew,Pct. 0700,U.S. House,6,L,Tom Ferkinhoff,11,6,11,28
Bartholomew,Pct. 0700,U.S. House,6,,Write-In,0,0,0,0
Bartholomew,Pct. 0700,State Senate,44,R,Eric A Koch,,,,
Bartholomew,Pct. 0700,State Senate,44,D,Cynthia (Cinde) Wirth,,,,
Bartholomew,Pct. 0700,State Representative,59,R,Ryan Lauer,66,90,199,355
Bartholomew,Pct. 0700,State Representative,59,D,Dale Nowlin,26,95,117,238
Bartholomew,Pct. 0800,Registered Voters,,,,,,,842
Bartholomew,Pct. 0800,Ballots Cast,,,,117,94,328,539
Bartholomew,Pct. 0800,President,,R,Trump\Pence,76,21,185,282
Bartholomew,Pct. 0800,President,,D,Biden\Harris,30,71,134,235
Bartholomew,Pct. 0800,President,,L,Jorgense\Cohen,8,2,6,16
Bartholomew,Pct. 0800,President,,,Write-In,1,0,0,1
Bartholomew,Pct. 0800,Governor,,R,Holcomb\Crouch,59,41,181,281
Bartholomew,Pct. 0800,Governor,,D,Myers\Lawson,22,52,99,173
Bartholomew,Pct. 0800,Governor,,L,Rainwater II / Henry,35,1,42,78
Bartholomew,Pct. 0800,Attorney General,,R,Todd Rokita,79,30,187,296
Bartholomew,Pct. 0800,Attorney General,,D,Jonathan Weinzapfel,31,63,127,221
Bartholomew,Pct. 0800,U.S. House,6,R,Greg Pence,75,28,187,290
Bartholomew,Pct. 0800,U.S. House,6,D,Jeannine Lee Lake,26,65,123,214
Bartholomew,Pct. 0800,U.S. House,6,L,Tom Ferkinhoff,14,1,11,26
Bartholomew,Pct. 0800,U.S. House,6,,Write-In,0,0,0,0
Bartholomew,Pct. 0800,State Senate,44,R,Eric A Koch,,,,
Bartholomew,Pct. 0800,State Senate,44,D,Cynthia (Cinde) Wirth,,,,
Bartholomew,Pct. 0800,State Representative,59,R,Ryan Lauer,75,26,181,282
Bartholomew,Pct. 0800,State Representative,59,D,Dale Nowlin,38,68,137,243
Bartholomew,Pct. 0900,Registered Voters,,,,,,,1097
Bartholomew,Pct. 0900,Ballots Cast,,,,144,160,483,787
Bartholomew,Pct. 0900,President,,R,Trump\Pence,94,57,303,454
Bartholomew,Pct. 0900,President,,D,Biden\Harris,40,98,165,303
Bartholomew,Pct. 0900,President,,L,Jorgense\Cohen,8,2,10,20
Bartholomew,Pct. 0900,President,,,Write-In,0,0,1,1
Bartholomew,Pct. 0900,Governor,,R,Holcomb\Crouch,85,87,305,477
Bartholomew,Pct. 0900,Governor,,D,Myers\Lawson,23,66,123,212
Bartholomew,Pct. 0900,Governor,,L,Rainwater II / Henry,33,3,49,85
Bartholomew,Pct. 0900,Attorney General,,R,Todd Rokita,99,66,305,470
Bartholomew,Pct. 0900,Attorney General,,D,Jonathan Weinzapfel,39,88,157,284
Bartholomew,Pct. 0900,U.S. House,6,R,Greg Pence,101,61,309,471
Bartholomew,Pct. 0900,U.S. House,6,D,Jeannine Lee Lake,33,91,158,282
Bartholomew,Pct. 0900,U.S. House,6,L,Tom Ferkinhoff,8,4,7,19
Bartholomew,Pct. 0900,U.S. House,6,,Write-In,0,0,0,0
Bartholomew,Pct. 0900,State Senate,44,R,Eric A Koch,,,,
Bartholomew,Pct. 0900,State Senate,44,D,Cynthia (Cinde) Wirth,,,,
Bartholomew,Pct. 0900,State Representative,59,R,Ryan Lauer,93,59,294,446
Bartholomew,Pct. 0900,State Representative,59,D,Dale Nowlin,46,94,178,318
Bartholomew,Pct. 1000,Registered Voters,,,,,,,922
Bartholomew,Pct. 1000,Ballots Cast,,,,142,126,390,658
Bartholomew,Pct. 1000,President,,R,Trump\Pence,91,51,226,368
Bartholomew,Pct. 1000,President,,D,Biden\Harris,33,71,150,254
Bartholomew,Pct. 1000,President,,L,Jorgense\Cohen,15,3,11,29
Bartholomew,Pct. 1000,President,,,Write-In,1,0,1,2
Bartholomew,Pct. 1000,Governor,,R,Holcomb\Crouch,79,74,229,382
Bartholomew,Pct. 1000,Governor,,D,Myers\Lawson,21,48,108,177
Bartholomew,Pct. 1000,Governor,,L,Rainwater II / Henry,39,2,53,94
Bartholomew,Pct. 1000,Attorney General,,R,Todd Rokita,96,60,237,393
Bartholomew,Pct. 1000,Attorney General,,D,Jonathan Weinzapfel,33,63,140,236
Bartholomew,Pct. 1000,U.S. House,6,R,Greg Pence,90,55,233,378
Bartholomew,Pct. 1000,U.S. House,6,D,Jeannine Lee Lake,29,65,141,235
Bartholomew,Pct. 1000,U.S. House,6,L,Tom Ferkinhoff,18,0,10,28
Bartholomew,Pct. 1000,U.S. House,6,,Write-In,0,1,0,1
Bartholomew,Pct. 1000,State Senate,44,R,Eric A Koch,,,,
Bartholomew,Pct. 1000,State Senate,44,D,Cynthia (Cinde) Wirth,,,,
Bartholomew,Pct. 1000,State Representative,59,R,Ryan Lauer,94,46,224,364
Bartholomew,Pct. 1000,State Representative,59,D,Dale Nowlin,43,72,159,274
Bartholomew,Pct. 1100,Registered Voters,,,,,,,870
Bartholomew,Pct. 1100,Ballots Cast,,,,104,134,441,679
Bartholomew,Pct. 1100,President,,R,Trump\Pence,77,55,269,401
Bartholomew,Pct. 1100,President,,D,Biden\Harris,23,76,157,256
Bartholomew,Pct. 1100,President,,L,Jorgense\Cohen,1,1,7,9
Bartholomew,Pct. 1100,President,,,Write-In,0,0,3,3
Bartholomew,Pct. 1100,Governor,,R,Holcomb\Crouch,67,68,304,439
Bartholomew,Pct. 1100,Governor,,D,Myers\Lawson,18,60,98,176
Bartholomew,Pct. 1100,Governor,,L,Rainwater II / Henry,17,4,34,55
Bartholomew,Pct. 1100,Attorney General,,R,Todd Rokita,79,62,299,440
Bartholomew,Pct. 1100,Attorney General,,D,Jonathan Weinzapfel,23,67,128,218
Bartholomew,Pct. 1100,U.S. House,6,R,Greg Pence,78,55,283,416
Bartholomew,Pct. 1100,U.S. House,6,D,Jeannine Lee Lake,20,74,140,234
Bartholomew,Pct. 1100,U.S. House,6,L,Tom Ferkinhoff,3,0,12,15
Bartholomew,Pct. 1100,U.S. House,6,,Write-In,0,0,0,0
Bartholomew,Pct. 1100,State Senate,44,R,Eric A Koch,,,,
Bartholomew,Pct. 1100,State Senate,44,D,Cynthia (Cinde) Wirth,,,,
Bartholomew,Pct. 1100,State Representative,59,R,Ryan Lauer,72,52,288,412
Bartholomew,Pct. 1100,State Representative,59,D,Dale Nowlin,30,76,150,256
Bartholomew,Pct. 1200,Registered Voters,,,,,,,807
Bartholomew,Pct. 1200,Ballots Cast,,,,140,99,317,556
Bartholomew,Pct. 1200,President,,R,Trump\Pence,88,41,201,330
Bartholomew,Pct. 1200,President,,D,Biden\Harris,39,53,104,196
Bartholomew,Pct. 1200,President,,L,Jorgense\Cohen,10,4,7,21
Bartholomew,Pct. 1200,President,,,Write-In,0,0,1,1
Bartholomew,Pct. 1200,Governor,,R,Holcomb\Crouch,80,53,197,330
Bartholomew,Pct. 1200,Governor,,D,Myers\Lawson,29,37,72,138
Bartholomew,Pct. 1200,Governor,,L,Rainwater II / Henry,27,7,40,74
Bartholomew,Pct. 1200,Attorney General,,R,Todd Rokita,88,46,201,335
Bartholomew,Pct. 1200,Attorney General,,D,Jonathan Weinzapfel,36,51,100,187
Bartholomew,Pct. 1200,U.S. House,6,R,Greg Pence,85,42,210,337
Bartholomew,Pct. 1200,U.S. House,6,D,Jeannine Lee Lake,39,49,96,184
Bartholomew,Pct. 1200,U.S. House,6,L,Tom Ferkinhoff,7,6,6,19
Bartholomew,Pct. 1200,U.S. House,6,,Write-In,0,0,0,0
Bartholomew,Pct. 1200,State Senate,44,R,Eric A Koch,,,,
Bartholomew,Pct. 1200,State Senate,44,D,Cynthia (Cinde) Wirth,,,,
Bartholomew,Pct. 1200,State Representative,59,R,Ryan Lauer,81,44,200,325
Bartholomew,Pct. 1200,State Representative,59,D,Dale Nowlin,51,53,107,211
Bartholomew,Pct. 1300,Registered Voters,,,,,,,1099
Bartholomew,Pct. 1300,Ballots Cast,,,,145,274,445,864
Bartholomew,Pct. 1300,President,,R,Trump\Pence,105,123,302,530
Bartholomew,Pct. 1300,President,,D,Biden\Harris,29,147,134,310
Bartholomew,Pct. 1300,President,,L,Jorgense\Cohen,5,0,7,12
Bartholomew,Pct. 1300,President,,,Write-In,0,0,2,2
Bartholomew,Pct. 1300,Governor,,R,Holcomb\Crouch,94,176,322,592
Bartholomew,Pct. 1300,Governor,,D,Myers\Lawson,21,88,78,187
Bartholomew,Pct. 1300,Governor,,L,Rainwater II / Henry,26,3,42,71
Bartholomew,Pct. 1300,Attorney General,,R,Todd Rokita,109,148,307,564
Bartholomew,Pct. 1300,Attorney General,,D,Jonathan Weinzapfel,31,114,115,260
Bartholomew,Pct. 1300,U.S. House,6,R,Greg Pence,106,131,311,548
Bartholomew,Pct. 1300,U.S. House,6,D,Jeannine Lee Lake,27,129,123,279
Bartholomew,Pct. 1300,U.S. House,6,L,Tom Ferkinhoff,6,4,7,17
Bartholomew,Pct. 1300,U.S. House,6,,Write-In,0,0,0,0
Bartholomew,Pct. 1300,State Senate,44,R,Eric A Koch,,,,
Bartholomew,Pct. 1300,State Senate,44,D,Cynthia (Cinde) Wirth,,,,
Bartholomew,Pct. 1300,State Representative,59,R,Ryan Lauer,99,122,304,525
Bartholomew,Pct. 1300,State Representative,59,D,Dale Nowlin,38,137,135,310
Bartholomew,Pct. 1400,Registered Voters,,,,,,,1139
Bartholomew,Pct. 1400,Ballots Cast,,,,227,116,446,789
Bartholomew,Pct. 1400,President,,R,Trump\Pence,144,36,235,415
Bartholomew,Pct. 1400,President,,D,Biden\Harris,70,73,196,339
Bartholomew,Pct. 1400,President,,L,Jorgense\Cohen,9,4,12,25
Bartholomew,Pct. 1400,President,,,Write-In,1,0,2,3
Bartholomew,Pct. 1400,Governor,,R,Holcomb\Crouch,122,57,244,423
Bartholomew,Pct. 1400,Governor,,D,Myers\Lawson,44,52,149,245
Bartholomew,Pct. 1400,Governor,,L,Rainwater II / Henry,58,2,51,111
Bartholomew,Pct. 1400,Attorney General,,R,Todd Rokita,140,39,239,418
Bartholomew,Pct. 1400,Attorney General,,D,Jonathan Weinzapfel,70,69,196,335
Bartholomew,Pct. 1400,U.S. House,6,R,Greg Pence,147,36,238,421
Bartholomew,Pct. 1400,U.S. House,6,D,Jeannine Lee Lake,68,71,185,324
Bartholomew,Pct. 1400,U.S. House,6,L,Tom Ferkinhoff,9,4,17,30
Bartholomew,Pct. 1400,U.S. House,6,,Write-In,0,0,0,0
Bartholomew,Pct. 1400,State Senate,44,R,Eric A Koch,,,,
Bartholomew,Pct. 1400,State Senate,44,D,Cynthia (Cinde) Wirth,,,,
Bartholomew,Pct. 1400,State Representative,59,R,Ryan Lauer,136,36,232,404
Bartholomew,Pct. 1400,State Representative,59,D,Dale Nowlin,83,72,206,361
Bartholomew,Pct. 1500,Registered Voters,,,,,,,514
Bartholomew,Pct. 1500,Ballots Cast,,,,65,142,103,310
Bartholomew,Pct. 1500,President,,R,Trump\Pence,35,63,53,151
Bartholomew,Pct. 1500,President,,D,Biden\Harris,25,76,42,143
Bartholomew,Pct. 1500,President,,L,Jorgense\Cohen,3,0,5,8
Bartholomew,Pct. 1500,President,,,Write-In,1,0,1,2
Bartholomew,Pct. 1500,Governor,,R,Holcomb\Crouch,28,93,47,168
Bartholomew,Pct. 1500,Governor,,D,Myers\Lawson,19,43,36,98
Bartholomew,Pct. 1500,Governor,,L,Rainwater II / Henry,15,2,13,30
Bartholomew,Pct. 1500,Attorney General,,R,Todd Rokita,33,75,55,163
Bartholomew,Pct. 1500,Attorney General,,D,Jonathan Weinzapfel,23,60,41,124
Bartholomew,Pct. 1500,U.S. House,6,R,Greg Pence,32,71,57,160
Bartholomew,Pct. 1500,U.S. House,6,D,Jeannine Lee Lake,23,64,41,128
Bartholomew,Pct. 1500,U.S. House,6,L,Tom Ferkinhoff,4,2,3,9
Bartholomew,Pct. 1500,U.S. House,6,,Write-In,0,1,0,1
Bartholomew,Pct. 1500,State Senate,44,R,Eric A Koch,,,,
Bartholomew,Pct. 1500,State Senate,44,D,Cynthia (Cinde) Wirth,,,,
Bartholomew,Pct. 1500,State Representative,59,R,Ryan Lauer,31,62,55,148
Bartholomew,Pct. 1500,State Representative,59,D,Dale Nowlin,27,71,44,142
Bartholomew,Pct. 1600,Registered Voters,,,,,,,672
Bartholomew,Pct. 1600,Ballots Cast,,,,85,97,314,496
Bartholomew,Pct. 1600,President,,R,Trump\Pence,61,42,182,285
Bartholomew,Pct. 1600,President,,D,Biden\Harris,16,53,121,190
Bartholomew,Pct. 1600,President,,L,Jorgense\Cohen,6,2,7,15
Bartholomew,Pct. 1600,President,,,Write-In,1,0,0,1
Bartholomew,Pct. 1600,Governor,,R,Holcomb\Crouch,52,62,197,311
Bartholomew,Pct. 1600,Governor,,D,Myers\Lawson,11,33,85,129
Bartholomew,Pct. 1600,Governor,,L,Rainwater II / Henry,22,1,28,51
Bartholomew,Pct. 1600,Attorney General,,R,Todd Rokita,61,49,192,302
Bartholomew,Pct. 1600,Attorney General,,D,Jonathan Weinzapfel,18,45,112,175
Bartholomew,Pct. 1600,U.S. House,6,R,Greg Pence,59,46,190,295
Bartholomew,Pct. 1600,U.S. House,6,D,Jeannine Lee Lake,16,50,109,175
Bartholomew,Pct. 1600,U.S. House,6,L,Tom Ferkinhoff,7,1,9,17
Bartholomew,Pct. 1600,U.S. House,6,,Write-In,0,0,0,0
Bartholomew,Pct. 1600,State Senate,44,R,Eric A Koch,,,,
Bartholomew,Pct. 1600,State Senate,44,D,Cynthia (Cinde) Wirth,,,,
Bartholomew,Pct. 1600,State Representative,59,R,Ryan Lauer,58,41,183,282
Bartholomew,Pct. 1600,State Representative,59,D,Dale Nowlin,23,54,120,197
Bartholomew,Pct. 1700,Registered Voters,,,,,,,1101
Bartholomew,Pct. 1700,Ballots Cast,,,,156,104,332,592
Bartholomew,Pct. 1700,President,,R,Trump\Pence,91,25,155,271
Bartholomew,Pct. 1700,President,,D,Biden\Harris,56,71,162,289
Bartholomew,Pct. 1700,President,,L,Jorgense\Cohen,7,3,8,18
Bartholomew,Pct. 1700,President,,,Write-In,0,3,0,3
Bartholomew,Pct. 1700,Governor,,R,Holcomb\Crouch,60,50,152,262
Bartholomew,Pct. 1700,Governor,,D,Myers\Lawson,44,48,130,222
Bartholomew,Pct. 1700,Governor,,L,Rainwater II / Henry,48,1,41,90
Bartholomew,Pct. 1700,Attorney General,,R,Todd Rokita,90,27,157,274
Bartholomew,Pct. 1700,Attorney General,,D,Jonathan Weinzapfel,54,67,152,273
Bartholomew,Pct. 1700,U.S. House,6,R,Greg Pence,89,28,163,280
Bartholomew,Pct. 1700,U.S. House,6,D,Jeannine Lee Lake,49,63,151,263
Bartholomew,Pct. 1700,U.S. House,6,L,Tom Ferkinhoff,13,6,11,30
Bartholomew,Pct. 1700,U.S. House,6,,Write-In,0,0,1,1
Bartholomew,Pct. 1700,State Senate,44,R,Eric A Koch,,,,
Bartholomew,Pct. 1700,State Senate,44,D,Cynthia (Cinde) Wirth,,,,
Bartholomew,Pct. 1700,State Representative,59,R,Ryan Lauer,91,24,154,269
Bartholomew,Pct. 1700,State Representative,59,D,Dale Nowlin,58,71,164,293
Bartholomew,Pct. 1800,Registered Voters,,,,,,,690
Bartholomew,Pct. 1800,Ballots Cast,,,,96,88,258,442
Bartholomew,Pct. 1800,President,,R,Trump\Pence,63,43,183,289
Bartholomew,Pct. 1800,President,,D,Biden\Harris,24,43,65,132
Bartholomew,Pct. 1800,President,,L,Jorgense\Cohen,7,1,6,14
Bartholomew,Pct. 1800,President,,,Write-In,0,0,0,0
Bartholomew,Pct. 1800,Governor,,R,Holcomb\Crouch,56,52,174,282
Bartholomew,Pct. 1800,Governor,,D,Myers\Lawson,16,34,46,96
Bartholomew,Pct. 1800,Governor,,L,Rainwater II / Henry,22,2,32,56
Bartholomew,Pct. 1800,Attorney General,,R,Todd Rokita,60,46,192,298
Bartholomew,Pct. 1800,Attorney General,,D,Jonathan Weinzapfel,27,40,59,126
Bartholomew,Pct. 1800,U.S. House,6,R,Greg Pence,61,44,182,287
Bartholomew,Pct. 1800,U.S. House,6,D,Jeannine Lee Lake,27,38,61,126
Bartholomew,Pct. 1800,U.S. House,6,L,Tom Ferkinhoff,5,2,12,19
Bartholomew,Pct. 1800,U.S. House,6,,Write-In,0,0,0,0
Bartholomew,Pct. 1800,State Senate,44,R,Eric A Koch,,,,
Bartholomew,Pct. 1800,State Senate,44,D,Cynthia (Cinde) Wirth,,,,
Bartholomew,Pct. 1800,State Representative,59,R,Ryan Lauer,59,42,186,287
Bartholomew,Pct. 1800,State Representative,59,D,Dale Nowlin,32,41,64,137
Bartholomew,Pct. 1900,Registered Voters,,,,,,,687
Bartholomew,Pct. 1900,Ballots Cast,,,,109,53,186,348
Bartholomew,Pct. 1900,President,,R,Trump\Pence,69,19,106,194
Bartholomew,Pct. 1900,President,,D,Biden\Harris,32,34,68,134
Bartholomew,Pct. 1900,President,,L,Jorgense\Cohen,6,0,7,13
Bartholomew,Pct. 1900,President,,,Write-In,0,0,1,1
Bartholomew,Pct. 1900,Governor,,R,Holcomb\Crouch,53,29,101,183
Bartholomew,Pct. 1900,Governor,,D,Myers\Lawson,22,22,53,97
Bartholomew,Pct. 1900,Governor,,L,Rainwater II / Henry,33,0,29,62
Bartholomew,Pct. 1900,Attorney General,,R,Todd Rokita,72,22,103,197
Bartholomew,Pct. 1900,Attorney General,,D,Jonathan Weinzapfel,34,28,65,127
Bartholomew,Pct. 1900,U.S. House,6,R,Greg Pence,63,21,104,188
Bartholomew,Pct. 1900,U.S. House,6,D,Jeannine Lee Lake,31,30,63,124
Bartholomew,Pct. 1900,U.S. House,6,L,Tom Ferkinhoff,12,0,11,23
Bartholomew,Pct. 1900,U.S. House,6,,Write-In,0,0,1,1
Bartholomew,Pct. 1900,State Senate,44,R,Eric A Koch,,,,
Bartholomew,Pct. 1900,State Senate,44,D,Cynthia (Cinde) Wirth,,,,
Bartholomew,Pct. 1900,State Representative,59,R,Ryan Lauer,73,19,105,197
Bartholomew,Pct. 1900,State Representative,59,D,Dale Nowlin,31,30,67,128
Bartholomew,Pct. 2000,Registered Voters,,,,,,,597
Bartholomew,Pct. 2000,Ballots Cast,,,,86,35,160,281
Bartholomew,Pct. 2000,President,,R,Trump\Pence,50,20,87,157
Bartholomew,Pct. 2000,President,,D,Biden\Harris,28,14,65,107
Bartholomew,Pct. 2000,President,,L,Jorgense\Cohen,5,1,4,10
Bartholomew,Pct. 2000,President,,,Write-In,0,0,0,0
Bartholomew,Pct. 2000,Governor,,R,Holcomb\Crouch,48,24,85,157
Bartholomew,Pct. 2000,Governor,,D,Myers\Lawson,18,8,50,76
Bartholomew,Pct. 2000,Governor,,L,Rainwater II / Henry,20,3,20,43
Bartholomew,Pct. 2000,Attorney General,,R,Todd Rokita,49,20,82,151
Bartholomew,Pct. 2000,Attorney General,,D,Jonathan Weinzapfel,34,11,68,113
Bartholomew,Pct. 2000,U.S. House,6,R,Greg Pence,46,22,84,152
Bartholomew,Pct. 2000,U.S. House,6,D,Jeannine Lee Lake,32,10,62,104
Bartholomew,Pct. 2000,U.S. House,6,L,Tom Ferkinhoff,8,2,6,16
Bartholomew,Pct. 2000,U.S. House,6,,Write-In,0,0,0,0
Bartholomew,Pct. 2000,State Senate,44,R,Eric A Koch,50,23,85,158
Bartholomew,Pct. 2000,State Senate,44,D,Cynthia (Cinde) Wirth,33,11,65,109
Bartholomew,Pct. 2000,State Representative,59,R,Ryan Lauer,50,22,84,156
Bartholomew,Pct. 2000,State Representative,59,D,Dale Nowlin,34,11,66,111
Bartholomew,Pct. 2100,Registered Voters,,,,,,,857
Bartholomew,Pct. 2100,Ballots Cast,,,,134,60,244,438
Bartholomew,Pct. 2100,President,,R,Trump\Pence,97,20,147,264
Bartholomew,Pct. 2100,President,,D,Biden\Harris,30,39,91,160
Bartholomew,Pct. 2100,President,,L,Jorgense\Cohen,5,1,3,9
Bartholomew,Pct. 2100,President,,,Write-In,0,0,0,0
Bartholomew,Pct. 2100,Governor,,R,Holcomb\Crouch,66,29,139,234
Bartholomew,Pct. 2100,Governor,,D,Myers\Lawson,20,26,69,115
Bartholomew,Pct. 2100,Governor,,L,Rainwater II / Henry,45,4,33,82
Bartholomew,Pct. 2100,Attorney General,,R,Todd Rokita,83,24,149,256
Bartholomew,Pct. 2100,Attorney General,,D,Jonathan Weinzapfel,39,31,90,160
Bartholomew,Pct. 2100,U.S. House,6,R,Greg Pence,93,21,146,260
Bartholomew,Pct. 2100,U.S. House,6,D,Jeannine Lee Lake,28,33,88,149
Bartholomew,Pct. 2100,U.S. House,6,L,Tom Ferkinhoff,6,1,4,11
Bartholomew,Pct. 2100,U.S. House,6,,Write-In,0,0,0,0
Bartholomew,Pct. 2100,State Senate,44,R,Eric A Koch,88,23,150,261
Bartholomew,Pct. 2100,State Senate,44,D,Cynthia (Cinde) Wirth,37,32,88,157
Bartholomew,Pct. 2100,State Representative,59,R,Ryan Lauer,89,22,145,256
Bartholomew,Pct. 2100,State Representative,59,D,Dale Nowlin,38,33,93,164
Bartholomew,Pct. 2200,Registered Voters,,,,,,,582
Bartholomew,Pct. 2200,Ballots Cast,,,,101,67,217,385
Bartholomew,Pct. 2200,President,,R,Trump\Pence,73,36,156,265
Bartholomew,Pct. 2200,President,,D,Biden\Harris,25,27,56,108
Pct. 2200,Pct. 2200,President,,L,Jorgense\Cohen,3,3,3,9
Bartholomew,Pct. 2200,President,,,Write-In,0,0,0,0
Bartholomew,Pct. 2200,Governor,,R,Holcomb\Crouch,51,40,139,230
Bartholomew,Pct. 2200,Governor,,D,Myers\Lawson,20,19,46,85
Bartholomew,Pct. 2200,Governor,,L,Rainwater II / Henry,29,4,29,62
Bartholomew,Pct. 2200,Attorney General,,R,Todd Rokita,71,34,146,251
Bartholomew,Pct. 2200,Attorney General,,D,Jonathan Weinzapfel,27,29,60,116
Bartholomew,Pct. 2200,U.S. House,6,R,Greg Pence,73,37,141,251
Bartholomew,Pct. 2200,U.S. House,6,D,Jeannine Lee Lake,22,23,55,100
Bartholomew,Pct. 2200,U.S. House,6,L,Tom Ferkinhoff,4,2,11,17
Bartholomew,Pct. 2200,U.S. House,6,,Write-In,0,0,0,0
Bartholomew,Pct. 2200,State Senate,44,R,Eric A Koch,74,36,143,253
Bartholomew,Pct. 2200,State Senate,44,D,Cynthia (Cinde) Wirth,23,27,60,110
Bartholomew,Pct. 2200,State Representative,59,R,Ryan Lauer,64,34,141,239
Bartholomew,Pct. 2200,State Representative,59,D,Dale Nowlin,33,29,63,125
Bartholomew,Pct. 2300,Registered Voters,,,,,,,410
Bartholomew,Pct. 2300,Ballots Cast,,,,61,30,108,199
Bartholomew,Pct. 2300,President,,R,Trump\Pence,40,12,60,112
Bartholomew,Pct. 2300,President,,D,Biden\Harris,19,18,46,83
Bartholomew,Pct. 2300,President,,L,Jorgense\Cohen,2,0,2,4
Bartholomew,Pct. 2300,President,,,Write-In,0,0,0,0
Bartholomew,Pct. 2300,Governor,,R,Holcomb\Crouch,31,14,52,97
Bartholomew,Pct. 2300,Governor,,D,Myers\Lawson,13,15,42,70
Bartholomew,Pct. 2300,Governor,,L,Rainwater II / Henry,15,1,14,30
Bartholomew,Pct. 2300,Attorney General,,R,Todd Rokita,35,12,57,104
Bartholomew,Pct. 2300,Attorney General,,D,Jonathan Weinzapfel,22,17,47,86
Bartholomew,Pct. 2300,U.S. House,6,R,Greg Pence,39,12,56,107
Bartholomew,Pct. 2300,U.S. House,6,D,Jeannine Lee Lake,16,16,48,80
Bartholomew,Pct. 2300,U.S. House,6,L,Tom Ferkinhoff,3,1,4,8
Bartholomew,Pct. 2300,U.S. House,6,,Write-In,0,0,0,0
Bartholomew,Pct. 2300,State Senate,44,R,Eric A Koch,38,11,57,106
Bartholomew,Pct. 2300,State Senate,44,D,Cynthia (Cinde) Wirth,21,18,48,87
Bartholomew,Pct. 2300,State Representative,59,R,Ryan Lauer,35,12,59,106
Bartholomew,Pct. 2300,State Representative,59,D,Dale Nowlin,24,17,47,88
Bartholomew,Pct. 2400,Registered Voters,,,,,,,654
Bartholomew,Pct. 2400,Ballots Cast,,,,104,45,175,324
Bartholomew,Pct. 2400,President,,R,Trump\Pence,81,15,97,193
Bartholomew,Pct. 2400,President,,D,Biden\Harris,18,29,70,117
Bartholomew,Pct. 2400,President,,L,Jorgense\Cohen,2,0,5,7
Bartholomew,Pct. 2400,President,,,Write-In,1,0,1,2
Bartholomew,Pct. 2400,Governor,,R,Holcomb\Crouch,55,22,85,162
Bartholomew,Pct. 2400,Governor,,D,Myers\Lawson,15,21,59,95
Bartholomew,Pct. 2400,Governor,,L,Rainwater II / Henry,30,1,26,57
Bartholomew,Pct. 2400,Attorney General,,R,Todd Rokita,72,16,95,183
Bartholomew,Pct. 2400,Attorney General,,D,Jonathan Weinzapfel,22,27,68,117
Bartholomew,Pct. 2400,U.S. House,6,R,Greg Pence,76,17,97,190
Bartholomew,Pct. 2400,U.S. House,6,D,Jeannine Lee Lake,18,25,65,108
Bartholomew,Pct. 2400,U.S. House,6,L,Tom Ferkinhoff,3,2,8,13
Bartholomew,Pct. 2400,U.S. House,6,,Write-In,0,0,0,0
Bartholomew,Pct. 2400,State Senate,44,R,Eric A Koch,74,17,99,190
Bartholomew,Pct. 2400,State Senate,44,D,Cynthia (Cinde) Wirth,21,24,70,115
Bartholomew,Pct. 2400,State Representative,59,R,Ryan Lauer,72,15,97,184
Bartholomew,Pct. 2400,State Representative,59,D,Dale Nowlin,23,28,72,123
Bartholomew,Pct. 2500,Registered Voters,,,,,,,764
Bartholomew,Pct. 2500,Ballots Cast,,,,90,121,362,573
Bartholomew,Pct. 2500,President,,R,Trump\Pence,58,52,194,304
Bartholomew,Pct. 2500,President,,D,Biden\Harris,25,67,162,254
Bartholomew,Pct. 2500,President,,L,Jorgense\Cohen,3,1,6,10
Bartholomew,Pct. 2500,President,,,Write-In,1,0,0,1
Bartholomew,Pct. 2500,Governor,,R,Holcomb\Crouch,54,70,211,335
Bartholomew,Pct. 2500,Governor,,D,Myers\Lawson,14,40,110,164
Bartholomew,Pct. 2500,Governor,,L,Rainwater II / Henry,18,3,38,59
Bartholomew,Pct. 2500,Attorney General,,R,Todd Rokita,59,59,205,323
Bartholomew,Pct. 2500,Attorney General,,D,Jonathan Weinzapfel,22,54,141,217
Bartholomew,Pct. 2500,U.S. House,6,R,Greg Pence,53,56,200,309
Bartholomew,Pct. 2500,U.S. House,6,D,Jeannine Lee Lake,27,59,149,235
Bartholomew,Pct. 2500,U.S. House,6,L,Tom Ferkinhoff,4,1,9,14
Bartholomew,Pct. 2500,U.S. House,6,,Write-In,0,0,0,0
Bartholomew,Pct. 2500,State Senate,44,R,Eric A Koch,,,,
Bartholomew,Pct. 2500,State Senate,44,D,Cynthia (Cinde) Wirth,,,,
Bartholomew,Pct. 2500,State Representative,59,R,Ryan Lauer,55,49,187,291
Bartholomew,Pct. 2500,State Representative,59,D,Dale Nowlin,30,64,170,264
Bartholomew,Pct. 2600,Registered Voters,,,,,,,958
Bartholomew,Pct. 2600,Ballots Cast,,,,77,131,494,702
Bartholomew,Pct. 2600,President,,R,Trump\Pence,59,34,249,342
Bartholomew,Pct. 2600,President,,D,Biden\Harris,15,95,234,344
Bartholomew,Pct. 2600,President,,L,Jorgense\Cohen,3,1,6,10
Bartholomew,Pct. 2600,President,,,Write-In,0,0,2,2
Bartholomew,Pct. 2600,Governor,,R,Holcomb\Crouch,44,73,304,421
Bartholomew,Pct. 2600,Governor,,D,Myers\Lawson,12,52,161,225
Bartholomew,Pct. 2600,Governor,,L,Rainwater II / Henry,20,0,20,40
Bartholomew,Pct. 2600,Attorney General,,R,Todd Rokita,57,44,260,361
Bartholomew,Pct. 2600,Attorney General,,D,Jonathan Weinzapfel,15,78,215,308
Bartholomew,Pct. 2600,U.S. House,6,R,Greg Pence,58,35,261,354
Bartholomew,Pct. 2600,U.S. House,6,D,Jeannine Lee Lake,15,84,214,313
Bartholomew,Pct. 2600,U.S. House,6,L,Tom Ferkinhoff,3,5,7,15
Bartholomew,Pct. 2600,U.S. House,6,,Write-In,0,0,0,0
Bartholomew,Pct. 2600,State Senate,44,R,Eric A Koch,,,,
Bartholomew,Pct. 2600,State Senate,44,D,Cynthia (Cinde) Wirth,,,,
Bartholomew,Pct. 2600,State Representative,59,R,Ryan Lauer,53,35,225,313
Bartholomew,Pct. 2600,State Representative,59,D,Dale Nowlin,23,90,260,373
Bartholomew,Pct. 2700,Registered Voters,,,,,,,1070
Bartholomew,Pct. 2700,Ballots Cast,,,,128,161,547,836
Bartholomew,Pct. 2700,President,,R,Trump\Pence,79,54,266,399
Bartholomew,Pct. 2700,President,,D,Biden\Harris,43,101,256,400
Bartholomew,Pct. 2700,President,,L,Jorgense\Cohen,6,2,20,28
Bartholomew,Pct. 2700,President,,,Write-In,0,1,1,2
Bartholomew,Pct. 2700,Governor,,R,Holcomb\Crouch,85,72,338,495
Bartholomew,Pct. 2700,Governor,,D,Myers\Lawson,22,85,164,271
Bartholomew,Pct. 2700,Governor,,L,Rainwater II / Henry,19,0,40,59
Bartholomew,Pct. 2700,Attorney General,,R,Todd Rokita,83,64,301,448
Bartholomew,Pct. 2700,Attorney General,,D,Jonathan Weinzapfel,37,92,226,355
Bartholomew,Pct. 2700,U.S. House,6,R,Greg Pence,84,57,284,425
Bartholomew,Pct. 2700,U.S. House,6,D,Jeannine Lee Lake,38,95,238,371
Bartholomew,Pct. 2700,U.S. House,6,L,Tom Ferkinhoff,4,5,17,26
Bartholomew,Pct. 2700,U.S. House,6,,Write-In,0,0,0,0
Bartholomew,Pct. 2700,State Senate,44,R,Eric A Koch,,,,
Bartholomew,Pct. 2700,State Senate,44,D,Cynthia (Cinde) Wirth,,,,
Bartholomew,Pct. 2700,State Representative,59,R,Ryan Lauer,75,55,274,404
Bartholomew,Pct. 2700,State Representative,59,D,Dale Nowlin,49,99,260,408
Bartholomew,Pct. 2800,Registered Voters,,,,,,,1139
Bartholomew,Pct. 2800,Ballots Cast,,,,189,85,444,718
Bartholomew,Pct. 2800,President,,R,Trump\Pence,124,30,250,404
Bartholomew,Pct. 2800,President,,D,Biden\Harris,52,54,176,282
Bartholomew,Pct. 2800,President,,L,Jorgense\Cohen,11,1,11,23
Bartholomew,Pct. 2800,President,,,Write-In,0,0,2,2
Bartholomew,Pct. 2800,Governor,,R,Holcomb\Crouch,93,43,235,371
Bartholomew,Pct. 2800,Governor,,D,Myers\Lawson,41,40,137,218
Bartholomew,Pct. 2800,Governor,,L,Rainwater II / Henry,53,0,63,116
Bartholomew,Pct. 2800,Attorney General,,R,Todd Rokita,119,32,255,406
Bartholomew,Pct. 2800,Attorney General,,D,Jonathan Weinzapfel,58,51,165,274
Bartholomew,Pct. 2800,U.S. House,6,R,Greg Pence,121,26,265,412
Bartholomew,Pct. 2800,U.S. House,6,D,Jeannine Lee Lake,53,53,153,259
Bartholomew,Pct. 2800,U.S. House,6,L,Tom Ferkinhoff,11,2,16,29
Bartholomew,Pct. 2800,U.S. House,6,,Write-In,0,0,0,0
Bartholomew,Pct. 2800,State Senate,44,R,Eric A Koch,,,,
Bartholomew,Pct. 2800,State Senate,44,D,Cynthia (Cinde) Wirth,,,,
Bartholomew,Pct. 2800,State Representative,59,R,Ryan Lauer,117,28,252,397
Bartholomew,Pct. 2800,State Representative,59,D,Dale Nowlin,63,52,177,292
Bartholomew,Pct. 2850,Registered Voters,,,,,,,262
Bartholomew,Pct. 2850,Ballots Cast,,,,47,14,81,142
Bartholomew,Pct. 2850,President,,R,Trump\Pence,40,5,43,88
Bartholomew,Pct. 2850,President,,D,Biden\Harris,6,9,38,53
Bartholomew,Pct. 2850,President,,L,Jorgense\Cohen,1,0,0,1
Bartholomew,Pct. 2850,President,,,Write-In,0,0,0,0
Bartholomew,Pct. 2850,Governor,,R,Holcomb\Crouch,28,7,44,79
Bartholomew,Pct. 2850,Governor,,D,Myers\Lawson,6,6,26,38
Bartholomew,Pct. 2850,Governor,,L,Rainwater II / Henry,13,1,11,25
Bartholomew,Pct. 2850,Attorney General,,R,Todd Rokita,37,5,40,82
Bartholomew,Pct. 2850,Attorney General,,D,Jonathan Weinzapfel,10,9,37,56
Bartholomew,Pct. 2850,U.S. House,6,R,Greg Pence,41,4,45,90
Bartholomew,Pct. 2850,U.S. House,6,D,Jeannine Lee Lake,6,8,35,49
Bartholomew,Pct. 2850,U.S. House,6,L,Tom Ferkinhoff,0,2,0,2
Bartholomew,Pct. 2850,U.S. House,6,,Write-In,0,0,0,0
Bartholomew,Pct. 2850,State Senate,44,R,Eric A Koch,,,,
Bartholomew,Pct. 2850,State Senate,44,D,Cynthia (Cinde) Wirth,,,,
Bartholomew,Pct. 2850,State Representative,59,R,Ryan Lauer,34,3,42,79
Bartholomew,Pct. 2850,State Representative,59,D,Dale Nowlin,12,11,38,61
Bartholomew,Pct. 2900,Registered Voters,,,,,,,1018
Bartholomew,Pct. 2900,Ballots Cast,,,,133,203,471,807
Bartholomew,Pct. 2900,President,,R,Trump\Pence,93,80,272,445
Bartholomew,Pct. 2900,President,,D,Biden\Harris,32,118,179,329
Bartholomew,Pct. 2900,President,,L,Jorgense\Cohen,7,1,10,18
Bartholomew,Pct. 2900,President,,,Write-In,0,0,2,2
Bartholomew,Pct. 2900,Governor,,R,Holcomb\Crouch,82,134,326,542
Bartholomew,Pct. 2900,Governor,,D,Myers\Lawson,25,62,109,196
Bartholomew,Pct. 2900,Governor,,L,Rainwater II / Henry,24,2,27,53
Bartholomew,Pct. 2900,Attorney General,,R,Todd Rokita,92,106,293,490
Bartholomew,Pct. 2900,Attorney General,,D,Jonathan Weinzapfel,34,92,158,284
Bartholomew,Pct. 2900,U.S. House,6,R,Greg Pence,94,93,282,469
Bartholomew,Pct. 2900,U.S. House,6,D,Jeannine Lee Lake,30,103,163,296
Bartholomew,Pct. 2900,U.S. House,6,L,Tom Ferkinhoff,6,2,14,22
Bartholomew,Pct. 2900,U.S. House,6,,Write-In,0,0,0,0
Bartholomew,Pct. 2900,State Senate,44,R,Eric A Koch,,,,
Bartholomew,Pct. 2900,State Senate,44,D,Cynthia (Cinde) Wirth,,,,
Bartholomew,Pct. 2900,State Representative,59,R,Ryan Lauer,89,88,275,452
Bartholomew,Pct. 2900,State Representative,59,D,Dale Nowlin,40,108,186,334
Bartholomew,Pct. 3000,Registered Voters,,,,,,,689
Bartholomew,Pct. 3000,Ballots Cast,,,,94,63,272,429
Bartholomew,Pct. 3000,President,,R,Trump\Pence,79,33,186,298
Bartholomew,Pct. 3000,President,,D,Biden\Harris,11,28,78,117
Bartholomew,Pct. 3000,President,,L,Jorgense\Cohen,3,2,6,11
Bartholomew,Pct. 3000,President,,,Write-In,0,0,0,0
Bartholomew,Pct. 3000,Governor,,R,Holcomb\Crouch,64,43,193,300
Bartholomew,Pct. 3000,Governor,,D,Myers\Lawson,5,18,46,69
Bartholomew,Pct. 3000,Governor,,L,Rainwater II / Henry,21,1,30,52
Bartholomew,Pct. 3000,Attorney General,,R,Todd Rokita,69,33,193,295
Bartholomew,Pct. 3000,Attorney General,,D,Jonathan Weinzapfel,18,26,70,114
Bartholomew,Pct. 3000,U.S. House,6,R,Greg Pence,74,33,198,305
Bartholomew,Pct. 3000,U.S. House,6,D,Jeannine Lee Lake,13,28,68,109
Bartholomew,Pct. 3000,U.S. House,6,L,Tom Ferkinhoff,4,0,5,9
Bartholomew,Pct. 3000,U.S. House,6,,Write-In,0,0,0,0
Bartholomew,Pct. 3000,State Senate,44,R,Eric A Koch,76,33,194,303
Bartholomew,Pct. 3000,State Senate,44,D,Cynthia (Cinde) Wirth,15,27,71,113
Bartholomew,Pct. 3000,State Representative,59,R,Ryan Lauer,73,30,194,297
Bartholomew,Pct. 3000,State Representative,59,D,Dale Nowlin,16,31,73,120
Bartholomew,Pct. 3100,Registered Voters,,,,,,,855
Bartholomew,Pct. 3100,Ballots Cast,,,,123,137,351,611
Bartholomew,Pct. 3100,President,,R,Trump\Pence,100,60,237,397
Bartholomew,Pct. 3100,President,,D,Biden\Harris,21,76,95,192
Bartholomew,Pct. 3100,President,,L,Jorgense\Cohen,2,0,10,12
Bartholomew,Pct. 3100,President,,,Write-In,0,0,1,1
Bartholomew,Pct. 3100,Governor,,R,Holcomb\Crouch,80,77,241,398
Bartholomew,Pct. 3100,Governor,,D,Myers\Lawson,14,53,58,125
Bartholomew,Pct. 3100,Governor,,L,Rainwater II / Henry,29,2,46,77
Bartholomew,Pct. 3100,Attorney General,,R,Todd Rokita,91,58,250,399
Bartholomew,Pct. 3100,Attorney General,,D,Jonathan Weinzapfel,26,71,85,182
Bartholomew,Pct. 3100,U.S. House,6,R,Greg Pence,93,59,246,398
Bartholomew,Pct. 3100,U.S. House,6,D,Jeannine Lee Lake,19,72,83,174
Bartholomew,Pct. 3100,U.S. House,6,L,Tom Ferkinhoff,8,2,15,25
Bartholomew,Pct. 3100,U.S. House,6,,Write-In,0,0,0,0
Bartholomew,Pct. 3100,State Senate,44,R,Eric A Koch,95,57,254,406
Bartholomew,Pct. 3100,State Senate,44,D,Cynthia (Cinde) Wirth,23,75,85,183
Bartholomew,Pct. 3100,State Representative,59,R,Ryan Lauer,91,58,245,394
Bartholomew,Pct. 3100,State Representative,59,D,Dale Nowlin,28,76,91,195
Bartholomew,Pct. 3200,Registered Voters,,,,,,,15
Bartholomew,Pct. 3200,Ballots Cast,,,,1,5,7,13
Bartholomew,Pct. 3200,President,,R,Trump\Pence,0,0,5,5
Bartholomew,Pct. 3200,President,,D,Biden\Harris,1,5,2,8
Bartholomew,Pct. 3200,President,,L,Jorgense\Cohen,0,0,0,0
Bartholomew,Pct. 3200,President,,,Write-In,0,0,0,0
Bartholomew,Pct. 3200,Governor,,R,Holcomb\Crouch,1,1,7,9
Bartholomew,Pct. 3200,Governor,,D,Myers\Lawson,0,4,0,4
Bartholomew,Pct. 3200,Governor,,L,Rainwater II / Henry,0,0,0,0
Bartholomew,Pct. 3200,Attorney General,,R,Todd Rokita,0,1,6,7
Bartholomew,Pct. 3200,Attorney General,,D,Jonathan Weinzapfel,1,4,0,5
Bartholomew,Pct. 3200,U.S. House,6,R,Greg Pence,0,0,7,7
Bartholomew,Pct. 3200,U.S. House,6,D,Jeannine Lee Lake,1,5,0,6
Bartholomew,Pct. 3200,U.S. House,6,L,Tom Ferkinhoff,0,0,0,0
Bartholomew,Pct. 3200,U.S. House,6,,Write-In,0,0,0,0
Bartholomew,Pct. 3200,State Senate,44,R,Eric A Koch,,,,
Bartholomew,Pct. 3200,State Senate,44,D,Cynthia (Cinde) Wirth,,,,
Bartholomew,Pct. 3200,State Representative,59,R,Ryan Lauer,1,0,5,6
Bartholomew,Pct. 3200,State Representative,59,D,Dale Nowlin,0,5,1,6
Bartholomew,Pct. 3300,Registered Voters,,,,,,,861
Bartholomew,Pct. 3300,Ballots Cast,,,,83,127,478,688
Bartholomew,Pct. 3300,President,,R,Trump\Pence,56,41,260,357
Bartholomew,Pct. 3300,President,,D,Biden\Harris,14,83,202,299
Bartholomew,Pct. 3300,President,,L,Jorgense\Cohen,10,2,10,22
Bartholomew,Pct. 3300,President,,,Write-In,2,0,1,3
Bartholomew,Pct. 3300,Governor,,R,Holcomb\Crouch,55,62,309,426
Bartholomew,Pct. 3300,Governor,,D,Myers\Lawson,9,65,126,200
Bartholomew,Pct. 3300,Governor,,L,Rainwater II / Henry,16,0,35,51
Bartholomew,Pct. 3300,Attorney General,,R,Todd Rokita,57,48,276,381
Bartholomew,Pct. 3300,Attorney General,,D,Jonathan Weinzapfel,19,78,182,279
Bartholomew,Pct. 3300,U.S. House,6,R,Greg Pence,59,44,274,377
Bartholomew,Pct. 3300,U.S. House,6,D,Jeannine Lee Lake,11,81,180,272
Bartholomew,Pct. 3300,U.S. House,6,L,Tom Ferkinhoff,8,0,17,25
Bartholomew,Pct. 3300,U.S. House,6,,Write-In,0,0,0,0
Bartholomew,Pct. 3300,State Senate,44,R,Eric A Koch,,,,
Bartholomew,Pct. 3300,State Senate,44,D,Cynthia (Cinde) Wirth,,,,
Bartholomew,Pct. 3300,State Representative,59,R,Ryan Lauer,52,38,244,334
Bartholomew,Pct. 3300,State Representative,59,D,Dale Nowlin,24,86,224,334
Bartholomew,Pct. 3350,Registered Voters,,,,,,,266
Bartholomew,Pct. 3350,Ballots Cast,,,,22,43,114,179
Bartholomew,Pct. 3350,President,,R,Trump\Pence,16,17,83,116
Bartholomew,Pct. 3350,President,,D,Biden\Harris,5,26,28,59
Bartholomew,Pct. 3350,President,,L,Jorgense\Cohen,1,0,3,4
Bartholomew,Pct. 3350,President,,,Write-In,0,0,0,0
Bartholomew,Pct. 3350,Governor,,R,Holcomb\Crouch,17,22,78,117
Bartholomew,Pct. 3350,Governor,,D,Myers\Lawson,3,18,25,46
Bartholomew,Pct. 3350,Governor,,L,Rainwater II / Henry,2,2,9,13
Bartholomew,Pct. 3350,Attorney General,,R,Todd Rokita,14,19,79,112
Bartholomew,Pct. 3350,Attorney General,,D,Jonathan Weinzapfel,7,21,30,58
Bartholomew,Pct. 3350,U.S. House,6,R,Greg Pence,17,17,81,115
Bartholomew,Pct. 3350,U.S. House,6,D,Jeannine Lee Lake,5,24,28,57
Bartholomew,Pct. 3350,U.S. House,6,L,Tom Ferkinhoff,0,0,3,3
Bartholomew,Pct. 3350,U.S. House,6,,Write-In,0,0,0,0
Bartholomew,Pct. 3350,State Senate,44,R,Eric A Koch,,,,
Bartholomew,Pct. 3350,State Senate,44,D,Cynthia (Cinde) Wirth,,,,
Bartholomew,Pct. 3350,State Representative,59,R,Ryan Lauer,14,16,74,104
Bartholomew,Pct. 3350,State Representative,59,D,Dale Nowlin,8,24,38,70
Bartholomew,Pct. 3400,Registered Voters,,,,,,,912
Bartholomew,Pct. 3400,Ballots Cast,,,,151,105,372,628
Bartholomew,Pct. 3400,President,,R,Trump\Pence,112,34,272,418
Bartholomew,Pct. 3400,President,,D,Biden\Harris,34,67,90,191
Bartholomew,Pct. 3400,President,,L,Jorgense\Cohen,4,1,6,11
Bartholomew,Pct. 3400,President,,,Write-In,1,1,0,2
Bartholomew,Pct. 3400,Governor,,R,Holcomb\Crouch,91,52,253,396
Bartholomew,Pct. 3400,Governor,,D,Myers\Lawson,18,50,58,126
Bartholomew,Pct. 3400,Governor,,L,Rainwater II / Henry,37,0,54,91
Bartholomew,Pct. 3400,Attorney General,,R,Todd Rokita,100,36,264,400
Bartholomew,Pct. 3400,Attorney General,,D,Jonathan Weinzapfel,42,63,91,196
Bartholomew,Pct. 3400,U.S. House,6,R,Greg Pence,109,33,267,409
Bartholomew,Pct. 3400,U.S. House,6,D,Jeannine Lee Lake,28,65,84,177
Bartholomew,Pct. 3400,U.S. House,6,L,Tom Ferkinhoff,11,2,12,25
Bartholomew,Pct. 3400,U.S. House,6,,Write-In,0,0,0,0
Bartholomew,Pct. 3400,State Senate,44,R,Eric A Koch,,,,
Bartholomew,Pct. 3400,State Senate,44,D,Cynthia (Cinde) Wirth,,,,
Bartholomew,Pct. 3400,State Representative,59,R,Ryan Lauer,103,36,257,396
Bartholomew,Pct. 3400,State Representative,59,D,Dale Nowlin,42,66,104,212
Bartholomew,Pct. 3500,Registered Voters,,,,,,,726
Bartholomew,Pct. 3500,Ballots Cast,,,,132,97,281,510
Bartholomew,Pct. 3500,President,,R,Trump\Pence,95,54,210,359
Bartholomew,Pct. 3500,President,,D,Biden\Harris,29,40,62,131
Bartholomew,Pct. 3500,President,,L,Jorgense\Cohen,6,2,5,13
Bartholomew,Pct. 3500,President,,,Write-In,1,0,0,1
Bartholomew,Pct. 3500,Governor,,R,Holcomb\Crouch,65,64,179,308
Bartholomew,Pct. 3500,Governor,,D,Myers\Lawson,21,28,46,95
Bartholomew,Pct. 3500,Governor,,L,Rainwater II / Henry,44,2,50,96
Bartholomew,Pct. 3500,Attorney General,,R,Todd Rokita,85,62,207,354
Bartholomew,Pct. 3500,Attorney General,,D,Jonathan Weinzapfel,37,34,59,130
Bartholomew,Pct. 3500,U.S. House,6,R,Greg Pence,90,55,215,360
Bartholomew,Pct. 3500,U.S. House,6,D,Jeannine Lee Lake,28,39,56,123
Bartholomew,Pct. 3500,U.S. House,6,L,Tom Ferkinhoff,12,0,5,17
Bartholomew,Pct. 3500,U.S. House,6,,Write-In,0,0,0,0
Bartholomew,Pct. 3500,State Senate,44,R,Eric A Koch,,,,
Bartholomew,Pct. 3500,State Senate,44,D,Cynthia (Cinde) Wirth,,,,
Bartholomew,Pct. 3500,State Representative,57,R,Sean R Eberhart,105,66,228,399
Bartholomew,Pct. 3550,Registered Voters,,,,,,,532
Bartholomew,Pct. 3550,Ballots Cast,,,,70,81,255,406
Bartholomew,Pct. 3550,President,,R,Trump\Pence,46,29,158,233
Bartholomew,Pct. 3550,President,,D,Biden\Harris,22,50,90,162
Bartholomew,Pct. 3550,President,,L,Jorgense\Cohen,1,0,3,4
Bartholomew,Pct. 3550,President,,,Write-In,1,2,0,3
Bartholomew,Pct. 3550,Governor,,R,Holcomb\Crouch,31,45,163,239
Bartholomew,Pct. 3550,Governor,,D,Myers\Lawson,14,31,62,107
Bartholomew,Pct. 3550,Governor,,L,Rainwater II / Henry,23,2,26,51
Bartholomew,Pct. 3550,Attorney General,,R,Todd Rokita,50,36,163,249
Bartholomew,Pct. 3550,Attorney General,,D,Jonathan Weinzapfel,18,40,75,133
Bartholomew,Pct. 3550,U.S. House,6,R,Greg Pence,41,32,162,235
Bartholomew,Pct. 3550,U.S. House,6,D,Jeannine Lee Lake,19,45,82,146
Bartholomew,Pct. 3550,U.S. House,6,L,Tom Ferkinhoff,7,0,3,10
Bartholomew,Pct. 3550,U.S. House,6,,Write-In,1,0,0,1
Bartholomew,Pct. 3550,State Senate,44,R,Eric A Koch,,,,
Bartholomew,Pct. 3550,State Senate,44,D,Cynthia (Cinde) Wirth,,,,
Bartholomew,Pct. 3550,State Representative,57,R,Sean R Eberhart,53,44,187,284
Bartholomew,Pct. 3600,Registered Voters,,,,,,,1069
Bartholomew,Pct. 3600,Ballots Cast,,,,178,123,438,739
Bartholomew,Pct. 3600,President,,R,Trump\Pence,142,52,328,522
Bartholomew,Pct. 3600,President,,D,Biden\Harris,32,67,96,195
Bartholomew,Pct. 3600,President,,L,Jorgense\Cohen,4,1,9,14
Bartholomew,Pct. 3600,President,,,Write-In,0,0,3,3
Bartholomew,Pct. 3600,Governor,,R,Holcomb\Crouch,119,75,307,501
Bartholomew,Pct. 3600,Governor,,D,Myers\Lawson,20,42,62,124
Bartholomew,Pct. 3600,Governor,,L,Rainwater II / Henry,33,5,61,99
Bartholomew,Pct. 3600,Attorney General,,R,Todd Rokita,133,64,323,520
Bartholomew,Pct. 3600,Attorney General,,D,Jonathan Weinzapfel,29,57,95,181
Bartholomew,Pct. 3600,U.S. House,6,R,Greg Pence,146,50,322,518
Bartholomew,Pct. 3600,U.S. House,6,D,Jeannine Lee Lake,25,64,98,187
Bartholomew,Pct. 3600,U.S. House,6,L,Tom Ferkinhoff,2,6,9,17
Bartholomew,Pct. 3600,U.S. House,6,,Write-In,0,0,0,0
Bartholomew,Pct. 3600,State Senate,44,R,Eric A Koch,,,,
Bartholomew,Pct. 3600,State Senate,44,D,Cynthia (Cinde) Wirth,,,,
Bartholomew,Pct. 3600,State Representative,57,R,Sean R Eberhart,148,68,364,580
Bartholomew,Pct. 3700,Registered Voters,,,,,,,744
Bartholomew,Pct. 3700,Ballots Cast,,,,142,87,288,517
Bartholomew,Pct. 3700,President,,R,Trump\Pence,121,44,216,381
Bartholomew,Pct. 3700,President,,D,Biden\Harris,14,40,65,119
Bartholomew,Pct. 3700,President,,L,Jorgense\Cohen,5,2,5,12
Bartholomew,Pct. 3700,President,,,Write-In,0,0,0,0
Bartholomew,Pct. 3700,Governor,,R,Holcomb\Crouch,91,52,183,326
Bartholomew,Pct. 3700,Governor,,D,Myers\Lawson,9,29,50,88
Bartholomew,Pct. 3700,Governor,,L,Rainwater II / Henry,41,3,51,95
Bartholomew,Pct. 3700,Attorney General,,R,Todd Rokita,116,47,215,378
Bartholomew,Pct. 3700,Attorney General,,D,Jonathan Weinzapfel,20,37,64,121
Bartholomew,Pct. 3700,U.S. House,6,R,Greg Pence,119,45,213,377
Bartholomew,Pct. 3700,U.S. House,6,D,Jeannine Lee Lake,10,39,63,112
Bartholomew,Pct. 3700,U.S. House,6,L,Tom Ferkinhoff,8,2,10,20
Bartholomew,Pct. 3700,U.S. House,6,,Write-In,0,0,0,0
Bartholomew,Pct. 3700,State Senate,44,R,Eric A Koch,,,,
Bartholomew,Pct. 3700,State Senate,44,D,Cynthia (Cinde) Wirth,,,,
Bartholomew,Pct. 3700,State Representative,57,R,Sean R Eberhart,127,48,236,411
Bartholomew,Pct. 3800,Registered Voters,,,,,,,1141
Bartholomew,Pct. 3800,Ballots Cast,,,,331,134,397,862
Bartholomew,Pct. 3800,President,,R,Trump\Pence,267,72,305,644
Bartholomew,Pct. 3800,President,,D,Biden\Harris,52,59,77,188
Bartholomew,Pct. 3800,President,,L,Jorgense\Cohen,9,1,10,20
Bartholomew,Pct. 3800,President,,,Write-In,0,0,2,2
Bartholomew,Pct. 3800,Governor,,R,Holcomb\Crouch,205,88,270,563
Bartholomew,Pct. 3800,Governor,,D,Myers\Lawson,35,34,53,122
Bartholomew,Pct. 3800,Governor,,L,Rainwater II / Henry,88,6,71,165
Bartholomew,Pct. 3800,Attorney General,,R,Todd Rokita,254,72,300,626
Bartholomew,Pct. 3800,Attorney General,,D,Jonathan Weinzapfel,58,54,76,188
Bartholomew,Pct. 3800,U.S. House,6,R,Greg Pence,264,73,305,642
Bartholomew,Pct. 3800,U.S. House,6,D,Jeannine Lee Lake,45,51,76,172
Bartholomew,Pct. 3800,U.S. House,6,L,Tom Ferkinhoff,18,3,10,31
Bartholomew,Pct. 3800,U.S. House,6,,Write-In,0,0,0,0
Bartholomew,Pct. 3800,State Senate,44,R,Eric A Koch,,,,
Bartholomew,Pct. 3800,State Senate,44,D,Cynthia (Cinde) Wirth,,,,
Bartholomew,Pct. 3800,State Representative,57,R,Sean R Eberhart,290,73,325,688
Bartholomew,Pct. 3900,Registered Voters,,,,,,,248
Bartholomew,Pct. 3900,Ballots Cast,,,,40,17,59,116
Bartholomew,Pct. 3900,President,,R,Trump\Pence,40,8,45,93
Bartholomew,Pct. 3900,President,,D,Biden\Harris,0,7,11,18
Bartholomew,Pct. 3900,President,,L,Jorgense\Cohen,0,1,1,2
Bartholomew,Pct. 3900,President,,,Write-In,0,0,0,0
Bartholomew,Pct. 3900,Governor,,R,Holcomb\Crouch,21,10,39,70
Bartholomew,Pct. 3900,Governor,,D,Myers\Lawson,0,6,9,15
Bartholomew,Pct. 3900,Governor,,L,Rainwater II / Henry,19,1,11,31
Bartholomew,Pct. 3900,Attorney General,,R,Todd Rokita,37,8,49,94
Bartholomew,Pct. 3900,Attorney General,,D,Jonathan Weinzapfel,3,7,8,18
Bartholomew,Pct. 3900,U.S. House,6,R,Greg Pence,40,7,47,94
Bartholomew,Pct. 3900,U.S. House,6,D,Jeannine Lee Lake,0,7,7,14
Bartholomew,Pct. 3900,U.S. House,6,L,Tom Ferkinhoff,0,1,4,5
Bartholomew,Pct. 3900,U.S. House,6,,Write-In,0,0,0,0
Bartholomew,Pct. 3900,State Senate,44,R,Eric A Koch,,,,
Bartholomew,Pct. 3900,State Senate,44,D,Cynthia (Cinde) Wirth,,,,
Bartholomew,Pct. 3900,State Representative,59,R,Ryan Lauer,38,8,44,90
Bartholomew,Pct. 3900,State Representative,59,D,Dale Nowlin,1,7,13,21
Bartholomew,Pct. 4000,Registered Voters,,,,,,,561
Bartholomew,Pct. 4000,Ballots Cast,,,,102,54,198,354
Bartholomew,Pct. 4000,President,,R,Trump\Pence,85,20,136,241
Bartholomew,Pct. 4000,President,,D,Biden\Harris,16,33,55,104
Bartholomew,Pct. 4000,President,,L,Jorgense\Cohen,1,0,3,4
Bartholomew,Pct. 4000,President,,,Write-In,0,0,0,0
Bartholomew,Pct. 4000,Governor,,R,Holcomb\Crouch,59,32,129,220
Bartholomew,Pct. 4000,Governor,,D,Myers\Lawson,11,16,34,61
Bartholomew,Pct. 4000,Governor,,L,Rainwater II / Henry,32,3,31,66
Bartholomew,Pct. 4000,Attorney General,,R,Todd Rokita,82,27,135,244
Bartholomew,Pct. 4000,Attorney General,,D,Jonathan Weinzapfel,17,23,53,93
Bartholomew,Pct. 4000,U.S. House,6,R,Greg Pence,87,23,132,242
Bartholomew,Pct. 4000,U.S. House,6,D,Jeannine Lee Lake,14,26,53,93
Bartholomew,Pct. 4000,U.S. House,6,L,Tom Ferkinhoff,1,2,7,10
Bartholomew,Pct. 4000,U.S. House,6,,Write-In,0,0,0,0
Bartholomew,Pct. 4000,State Senate,44,R,Eric A Koch,,,,
Bartholomew,Pct. 4000,State Senate,44,D,Cynthia (Cinde) Wirth,,,,
Bartholomew,Pct. 4000,State Representative,59,R,Ryan Lauer,79,21,137,237
Bartholomew,Pct. 4000,State Representative,59,D,Dale Nowlin,23,29,56,108
Bartholomew,Pct. 4100,Registered Voters,,,,,,,594
Bartholomew,Pct. 4100,Ballots Cast,,,,105,61,245,411
Bartholomew,Pct. 4100,President,,R,Trump\Pence,82,26,193,301
Bartholomew,Pct. 4100,President,,D,Biden\Harris,17,34,43,94
Bartholomew,Pct. 4100,President,,L,Jorgense\Cohen,3,1,3,7
Bartholomew,Pct. 4100,President,,,Write-In,0,0,2,2
Bartholomew,Pct. 4100,Governor,,R,Holcomb\Crouch,68,33,169,270
Bartholomew,Pct. 4100,Governor,,D,Myers\Lawson,8,27,29,64
Bartholomew,Pct. 4100,Governor,,L,Rainwater II / Henry,29,1,38,68
Bartholomew,Pct. 4100,Attorney General,,R,Todd Rokita,78,28,187,293
Bartholomew,Pct. 4100,Attorney General,,D,Jonathan Weinzapfel,21,32,46,99
Bartholomew,Pct. 4100,U.S. House,6,R,Greg Pence,84,25,186,295
Bartholomew,Pct. 4100,U.S. House,6,D,Jeannine Lee Lake,17,35,44,96
Bartholomew,Pct. 4100,U.S. House,6,L,Tom Ferkinhoff,2,0,7,9
Bartholomew,Pct. 4100,U.S. House,6,,Write-In,0,0,0,0
Bartholomew,Pct. 4100,State Senate,44,R,Eric A Koch,,,,
Bartholomew,Pct. 4100,State Senate,44,D,Cynthia (Cinde) Wirth,,,,
Bartholomew,Pct. 4100,State Representative,59,R,Ryan Lauer,83,26,182,291
Bartholomew,Pct. 4100,State Representative,59,D,Dale Nowlin,20,34,55,109
Bartholomew,Pct. 4200,Registered Voters,,,,,,,1099
Bartholomew,Pct. 4200,Ballots Cast,,,,242,122,383,747
Bartholomew,Pct. 4200,President,,R,Trump\Pence,194,57,264,515
Bartholomew,Pct. 4200,President,,D,Biden\Harris,37,60,101,198
Bartholomew,Pct. 4200,President,,L,Jorgense\Cohen,9,2,12,23
Bartholomew,Pct. 4200,President,,,Write-In,0,0,1,1
Bartholomew,Pct. 4200,Governor,,R,Holcomb\Crouch,152,69,253,474
Bartholomew,Pct. 4200,Governor,,D,Myers\Lawson,31,41,73,145
Bartholomew,Pct. 4200,Governor,,L,Rainwater II / Henry,58,5,50,113
Bartholomew,Pct. 4200,Attorney General,,R,Todd Rokita,179,66,270,515
Bartholomew,Pct. 4200,Attorney General,,D,Jonathan Weinzapfel,47,44,95,186
Bartholomew,Pct. 4200,U.S. House,6,R,Greg Pence,196,55,267,518
Bartholomew,Pct. 4200,U.S. House,6,D,Jeannine Lee Lake,36,54,93,183
Bartholomew,Pct. 4200,U.S. House,6,L,Tom Ferkinhoff,6,4,16,26
Bartholomew,Pct. 4200,U.S. House,6,,Write-In,0,0,0,0
Bartholomew,Pct. 4200,State Senate,44,R,Eric A Koch,,,,
Bartholomew,Pct. 4200,State Senate,44,D,Cynthia (Cinde) Wirth,,,,
Bartholomew,Pct. 4200,State Representative,59,R,Ryan Lauer,188,54,265,507
Bartholomew,Pct. 4200,State Representative,59,D,Dale Nowlin,43,57,106,206
Bartholomew,Pct. 4300,Registered Voters,,,,,,,473
Bartholomew,Pct. 4300,Ballots Cast,,,,103,38,179,320
Bartholomew,Pct. 4300,President,,R,Trump\Pence,77,21,137,235
Bartholomew,Pct. 4300,President,,D,Biden\Harris,21,15,36,72
Bartholomew,Pct. 4300,President,,L,Jorgense\Cohen,5,2,5,12
Bartholomew,Pct. 4300,President,,,Write-In,0,0,0,0
Bartholomew,Pct. 4300,Governor,,R,Holcomb\Crouch,60,24,105,189
Bartholomew,Pct. 4300,Governor,,D,Myers\Lawson,8,14,25,47
Bartholomew,Pct. 4300,Governor,,L,Rainwater II / Henry,34,0,49,83
Bartholomew,Pct. 4300,Attorney General,,R,Todd Rokita,76,19,133,228
Bartholomew,Pct. 4300,Attorney General,,D,Jonathan Weinzapfel,21,18,36,75
Bartholomew,Pct. 4300,U.S. House,6,R,Greg Pence,80,18,137,235
Bartholomew,Pct. 4300,U.S. House,6,D,Jeannine Lee Lake,15,19,36,70
Bartholomew,Pct. 4300,U.S. House,6,L,Tom Ferkinhoff,6,1,3,10
Bartholomew,Pct. 4300,U.S. House,6,,Write-In,0,0,0,0
Bartholomew,Pct. 4300,State Senate,44,R,Eric A Koch,,,,
Bartholomew,Pct. 4300,State Senate,44,D,Cynthia (Cinde) Wirth,,,,
Bartholomew,Pct. 4300,State Representative,59,R,Ryan Lauer,73,20,132,225
Bartholomew,Pct. 4300,State Representative,59,D,Dale Nowlin,26,17,41,84
Bartholomew,Pct. 4350,Registered Voters,,,,,,,1088
Bartholomew,Pct. 4350,Ballots Cast,,,,213,54,334,601
Bartholomew,Pct. 4350,President,,R,Trump\Pence,156,22,214,392
Bartholomew,Pct. 4350,President,,D,Biden\Harris,49,32,112,193
Bartholomew,Pct. 4350,President,,L,Jorgense\Cohen,6,0,8,14
Bartholomew,Pct. 4350,President,,,Write-In,1,0,0,1
Bartholomew,Pct. 4350,Governor,,R,Holcomb\Crouch,98,27,192,317
Bartholomew,Pct. 4350,Governor,,D,Myers\Lawson,40,25,89,154
Bartholomew,Pct. 4350,Governor,,L,Rainwater II / Henry,71,2,48,121
Bartholomew,Pct. 4350,Attorney General,,R,Todd Rokita,136,22,204,362
Bartholomew,Pct. 4350,Attorney General,,D,Jonathan Weinzapfel,55,31,114,200
Bartholomew,Pct. 4350,U.S. House,6,R,Greg Pence,154,19,212,385
Bartholomew,Pct. 4350,U.S. House,6,D,Jeannine Lee Lake,44,32,106,182
Bartholomew,Pct. 4350,U.S. House,6,L,Tom Ferkinhoff,8,2,9,19
Bartholomew,Pct. 4350,U.S. House,6,,Write-In,0,0,0,0
Bartholomew,Pct. 4350,State Senate,44,R,Eric A Koch,,,,
Bartholomew,Pct. 4350,State Senate,44,D,Cynthia (Cinde) Wirth,,,,
Bartholomew,Pct. 4350,State Representative,59,R,Ryan Lauer,145,25,207,377
Bartholomew,Pct. 4350,State Representative,59,D,Dale Nowlin,57,28,117,202
Bartholomew,Pct. 4400,Registered Voters,,,,,,,1099
Bartholomew,Pct. 4400,Ballots Cast,,,,175,147,485,807
Bartholomew,Pct. 4400,President,,R,Trump\Pence,151,69,328,548
Bartholomew,Pct. 4400,President,,D,Biden\Harris,19,73,140,232
Bartholomew,Pct. 4400,President,,L,Jorgense\Cohen,3,5,12,20
Bartholomew,Pct. 4400,President,,,Write-In,2,0,1,3
Bartholomew,Pct. 4400,Governor,,R,Holcomb\Crouch,114,75,302,491
Bartholomew,Pct. 4400,Governor,,D,Myers\Lawson,9,58,107,174
Bartholomew,Pct. 4400,Governor,,L,Rainwater II / Henry,46,10,70,126
Bartholomew,Pct. 4400,Attorney General,,R,Todd Rokita,142,76,328,546
Bartholomew,Pct. 4400,Attorney General,,D,Jonathan Weinzapfel,15,65,132,212
Bartholomew,Pct. 4400,U.S. House,6,R,Greg Pence,152,70,328,550
Bartholomew,Pct. 4400,U.S. House,6,D,Jeannine Lee Lake,13,68,133,214
Bartholomew,Pct. 4400,U.S. House,6,L,Tom Ferkinhoff,3,4,18,25
Bartholomew,Pct. 4400,U.S. House,6,,Write-In,0,0,0,0
Bartholomew,Pct. 4400,State Senate,44,R,Eric A Koch,144,72,339,555
Bartholomew,Pct. 4400,State Senate,44,D,Cynthia (Cinde) Wirth,19,70,128,217
Bartholomew,Pct. 4400,State Representative,59,R,Ryan Lauer,141,64,320,525
Bartholomew,Pct. 4400,State Representative,59,D,Dale Nowlin,22,79,147,248
Bartholomew,Pct. 4450,Registered Voters,,,,,,,796
Bartholomew,Pct. 4450,Ballots Cast,,,,81,157,387,625
Bartholomew,Pct. 4450,President,,R,Trump\Pence,51,44,178,273
Bartholomew,Pct. 4450,President,,D,Biden\Harris,27,107,201,335
Bartholomew,Pct. 4450,President,,L,Jorgense\Cohen,3,4,3,10
Bartholomew,Pct. 4450,President,,,Write-In,0,0,4,4
Bartholomew,Pct. 4450,Governor,,R,Holcomb\Crouch,60,90,233,383
Bartholomew,Pct. 4450,Governor,,D,Myers\Lawson,12,65,134,211
Bartholomew,Pct. 4450,Governor,,L,Rainwater II / Henry,9,1,17,27
Bartholomew,Pct. 4450,Attorney General,,R,Todd Rokita,53,62,204,319
Bartholomew,Pct. 4450,Attorney General,,D,Jonathan Weinzapfel,26,93,165,284
Bartholomew,Pct. 4450,U.S. House,6,R,Greg Pence,62,62,213,337
Bartholomew,Pct. 4450,U.S. House,6,D,Jeannine Lee Lake,17,93,169,279
Bartholomew,Pct. 4450,U.S. House,6,L,Tom Ferkinhoff,2,1,2,5
Bartholomew,Pct. 4450,U.S. House,6,,Write-In,0,0,0,0
Bartholomew,Pct. 4450,State Senate,44,R,Eric A Koch,54,65,210,329
Bartholomew,Pct. 4450,State Senate,44,D,Cynthia (Cinde) Wirth,26,89,168,283
Bartholomew,Pct. 4450,State Representative,59,R,Ryan Lauer,49,44,184,277
Bartholomew,Pct. 4450,State Representative,59,D,Dale Nowlin,29,109,198,336
Bartholomew,Pct. 4500,Registered Voters,,,,,,,1070
Bartholomew,Pct. 4500,Ballots Cast,,,,145,152,516,813
Bartholomew,Pct. 4500,President,,R,Trump\Pence,122,62,365,549
Bartholomew,Pct. 4500,President,,D,Biden\Harris,16,82,143,241
Bartholomew,Pct. 4500,President,,L,Jorgense\Cohen,6,1,3,10
Bartholomew,Pct. 4500,President,,,Write-In,1,0,1,2
Bartholomew,Pct. 4500,Governor,,R,Holcomb\Crouch,94,87,359,540
Bartholomew,Pct. 4500,Governor,,D,Myers\Lawson,13,58,102,173
Bartholomew,Pct. 4500,Governor,,L,Rainwater II / Henry,38,4,48,90
Bartholomew,Pct. 4500,Attorney General,,R,Todd Rokita,112,75,369,556
Bartholomew,Pct. 4500,Attorney General,,D,Jonathan Weinzapfel,27,72,129,228
Bartholomew,Pct. 4500,U.S. House,6,R,Greg Pence,121,73,365,559
Bartholomew,Pct. 4500,U.S. House,6,D,Jeannine Lee Lake,16,72,133,221
Bartholomew,Pct. 4500,U.S. House,6,L,Tom Ferkinhoff,4,4,11,19
Bartholomew,Pct. 4500,U.S. House,6,,Write-In,0,0,0,0
Bartholomew,Pct. 4500,State Senate,44,R,Eric A Koch,119,76,378,573
Bartholomew,Pct. 4500,State Senate,44,D,Cynthia (Cinde) Wirth,21,73,127,221
Bartholomew,Pct. 4500,State Representative,59,R,Ryan Lauer,114,66,356,536
Bartholomew,Pct. 4500,State Representative,59,D,Dale Nowlin,27,83,153,263
Bartholomew,Pct. 4550,Registered Voters,,,,,,,254
Bartholomew,Pct. 4550,Ballots Cast,,,,17,65,131,213
Bartholomew,Pct. 4550,President,,R,Trump\Pence,14,14,85,113
Bartholomew,Pct. 4550,President,,D,Biden\Harris,3,48,44,95
Bartholomew,Pct. 4550,President,,L,Jorgense\Cohen,0,1,0,1
Bartholomew,Pct. 4550,President,,,Write-In,0,0,0,0
Bartholomew,Pct. 4550,Governor,,R,Holcomb\Crouch,13,42,102,157
Bartholomew,Pct. 4550,Governor,,D,Myers\Lawson,1,23,24,48
Bartholomew,Pct. 4550,Governor,,L,Rainwater II / Henry,3,0,3,6
Bartholomew,Pct. 4550,Attorney General,,R,Todd Rokita,14,27,99,140
Bartholomew,Pct. 4550,Attorney General,,D,Jonathan Weinzapfel,3,37,29,69
Bartholomew,Pct. 4550,U.S. House,6,R,Greg Pence,14,20,95,129
Bartholomew,Pct. 4550,U.S. House,6,D,Jeannine Lee Lake,3,43,33,79
Bartholomew,Pct. 4550,U.S. House,6,L,Tom Ferkinhoff,0,0,1,1
Bartholomew,Pct. 4550,U.S. House,6,,Write-In,0,0,0,0
Bartholomew,Pct. 4550,State Senate,44,R,Eric A Koch,15,32,93,140
Bartholomew,Pct. 4550,State Senate,44,D,Cynthia (Cinde) Wirth,2,32,35,69
Bartholomew,Pct. 4550,State Representative,59,R,Ryan Lauer,14,17,86,117
Bartholomew,Pct. 4550,State Representative,59,D,Dale Nowlin,3,47,44,94
Bartholomew,Pct. 4600,Registered Voters,,,,,,,992
Bartholomew,Pct. 4600,Ballots Cast,,,,298,121,338,757
Bartholomew,Pct. 4600,President,,R,Trump\Pence,244,58,227,529
Bartholomew,Pct. 4600,President,,D,Biden\Harris,40,59,103,202
Bartholomew,Pct. 4600,President,,L,Jorgense\Cohen,12,1,5,18
Bartholomew,Pct. 4600,President,,,Write-In,0,0,1,1
Bartholomew,Pct. 4600,Governor,,R,Holcomb\Crouch,164,70,215,449
Bartholomew,Pct. 4600,Governor,,D,Myers\Lawson,28,46,64,138
Bartholomew,Pct. 4600,Governor,,L,Rainwater II / Henry,102,3,56,161
Bartholomew,Pct. 4600,Attorney General,,R,Todd Rokita,232,58,221,511
Bartholomew,Pct. 4600,Attorney General,,D,Jonathan Weinzapfel,51,61,99,211
Bartholomew,Pct. 4600,U.S. House,6,R,Greg Pence,241,59,228,528
Bartholomew,Pct. 4600,U.S. House,6,D,Jeannine Lee Lake,38,58,98,194
Bartholomew,Pct. 4600,U.S. House,6,L,Tom Ferkinhoff,13,1,8,22
Bartholomew,Pct. 4600,U.S. House,6,,Write-In,0,0,0,0
Bartholomew,Pct. 4600,State Senate,44,R,Eric A Koch,,,,
Bartholomew,Pct. 4600,State Senate,44,D,Cynthia (Cinde) Wirth,,,,
Bartholomew,Pct. 4600,State Representative,57,R,Sean R. Eberhart,253,66,265,584
Bartholomew,Pct. 4700,Registered Voters,,,,,,,212
Bartholomew,Pct. 4700,Ballots Cast,,,,57,21,59,137
Bartholomew,Pct. 4700,President,,R,Trump\Pence,44,9,46,99
Bartholomew,Pct. 4700,President,,D,Biden\Harris,11,10,11,32
Bartholomew,Pct. 4700,President,,L,Jorgense\Cohen,2,1,2,5
Bartholomew,Pct. 4700,President,,,Write-In,0,0,0,0
Bartholomew,Pct. 4700,Governor,,R,Holcomb\Crouch,31,10,44,85
Bartholomew,Pct. 4700,Governor,,D,Myers\Lawson,7,9,7,23
Bartholomew,Pct. 4700,Governor,,L,Rainwater II / Henry,18,1,8,27
Bartholomew,Pct. 4700,Attorney General,,R,Todd Rokita,41,10,41,92
Bartholomew,Pct. 4700,Attorney General,,D,Jonathan Weinzapfel,13,9,12,34
Bartholomew,Pct. 4700,U.S. House,6,R,Greg Pence,45,9,48,102
Bartholomew,Pct. 4700,U.S. House,6,D,Jeannine Lee Lake,9,9,10,28
Bartholomew,Pct. 4700,U.S. House,6,L,Tom Ferkinhoff,2,1,1,4
Bartholomew,Pct. 4700,U.S. House,6,,Write-In,0,0,0,0
Bartholomew,Pct. 4700,State Senate,44,R,Eric A Koch,,,,
Bartholomew,Pct. 4700,State Senate,44,D,Cynthia (Cinde) Wirth,,,,
Bartholomew,Pct. 4700,State Representative,57,R,Sean R. Eberhart,50,9,47,106
Bartholomew,Pct. 4800,Registered Voters,,,,,,,529
Bartholomew,Pct. 4800,Ballots Cast,,,,170,60,111,341
Bartholomew,Pct. 4800,President,,R,Trump\Pence,128,27,80,235
Bartholomew,Pct. 4800,President,,D,Biden\Harris,29,32,26,87
Bartholomew,Pct. 4800,President,,L,Jorgense\Cohen,7,0,4,11
Bartholomew,Pct. 4800,President,,,Write-In,1,0,0,1
Bartholomew,Pct. 4800,Governor,,R,Holcomb\Crouch,103,39,59,201
Bartholomew,Pct. 4800,Governor,,D,Myers\Lawson,28,19,20,67
Bartholomew,Pct. 4800,Governor,,L,Rainwater II / Henry,34,0,29,63
Bartholomew,Pct. 4800,Attorney General,,R,Todd Rokita,116,30,69,215
Bartholomew,Pct. 4800,Attorney General,,D,Jonathan Weinzapfel,47,28,33,108
Bartholomew,Pct. 4800,U.S. House,6,R,Greg Pence,124,27,76,227
Bartholomew,Pct. 4800,U.S. House,6,D,Jeannine Lee Lake,31,32,27,90
Bartholomew,Pct. 4800,U.S. House,6,L,Tom Ferkinhoff,12,0,5,17
Bartholomew,Pct. 4800,U.S. House,6,,Write-In,0,0,0,0
Bartholomew,Pct. 4800,State Senate,44,R,Eric A Koch,,,,
Bartholomew,Pct. 4800,State Senate,44,D,Cynthia (Cinde) Wirth,,,,
Bartholomew,Pct. 4800,State Representative,57,R,Sean R. Eberhart,144,35,84,263
Bartholomew,Pct. 4900,Registered Voters,,,,,,,718
Bartholomew,Pct. 4900,Ballots Cast,,,,233,36,180,449
Bartholomew,Pct. 4900,President,,R,Trump\Pence,196,15,128,339
Bartholomew,Pct. 4900,President,,D,Biden\Harris,28,19,44,91
Bartholomew,Pct. 4900,President,,L,Jorgense\Cohen,8,2,5,15
Bartholomew,Pct. 4900,President,,,Write-In,0,0,0,0
Bartholomew,Pct. 4900,Governor,,R,Holcomb\Crouch,136,18,108,262
Bartholomew,Pct. 4900,Governor,,D,Myers\Lawson,22,15,33,70
Bartholomew,Pct. 4900,Governor,,L,Rainwater II / Henry,68,3,37,108
Bartholomew,Pct. 4900,Attorney General,,R,Todd Rokita,173,18,125,316
Bartholomew,Pct. 4900,Attorney General,,D,Jonathan Weinzapfel,39,17,45,101
Bartholomew,Pct. 4900,U.S. House,6,R,Greg Pence,186,17,126,329
Bartholomew,Pct. 4900,U.S. House,6,D,Jeannine Lee Lake,30,16,41,87
Bartholomew,Pct. 4900,U.S. House,6,L,Tom Ferkinhoff,10,2,8,20
Bartholomew,Pct. 4900,U.S. House,6,,Write-In,0,0,0,0
Bartholomew,Pct. 4900,State Senate,44,R,Eric A Koch,,,,
Bartholomew,Pct. 4900,State Senate,44,D,Cynthia (Cinde) Wirth,,,,
Bartholomew,Pct. 4900,State Representative,57,R,Sean R. Eberhart,196,18,139,353
Bartholomew,Pct. 5000,Registered Voters,,,,,,,736
Bartholomew,Pct. 5000,Ballots Cast,,,,216,64,278,558
Bartholomew,Pct. 5000,President,,R,Trump\Pence,190,32,220,442
Bartholomew,Pct. 5000,President,,D,Biden\Harris,24,29,49,102
Bartholomew,Pct. 5000,President,,L,Jorgense\Cohen,1,2,3,6
Bartholomew,Pct. 5000,President,,,Write-In,0,0,0,0
Bartholomew,Pct. 5000,Governor,,R,Holcomb\Crouch,143,39,180,362
Bartholomew,Pct. 5000,Governor,,D,Myers\Lawson,10,20,42,72
Bartholomew,Pct. 5000,Governor,,L,Rainwater II / Henry,62,4,51,117
Bartholomew,Pct. 5000,Attorney General,,R,Todd Rokita,177,36,211,424
Bartholomew,Pct. 5000,Attorney General,,D,Jonathan Weinzapfel,26,24,54,104
Bartholomew,Pct. 5000,U.S. House,6,R,Greg Pence,188,36,218,442
Bartholomew,Pct. 5000,U.S. House,6,D,Jeannine Lee Lake,16,22,49,87
Bartholomew,Pct. 5000,U.S. House,6,L,Tom Ferkinhoff,8,3,6,17
Bartholomew,Pct. 5000,U.S. House,6,,Write-In,0,0,0,0
Bartholomew,Pct. 5000,State Senate,44,R,Eric A Koch,188,34,218,440
Bartholomew,Pct. 5000,State Senate,44,D,Cynthia (Cinde) Wirth,22,26,52,100
Bartholomew,Pct. 5000,State Representative,59,R,Ryan Lauer,184,33,212,429
Bartholomew,Pct. 5000,State Representative,59,D,Dale Nowlin,26,28,56,110
Bartholomew,Pct. 5100,Registered Voters,,,,,,,1420
Bartholomew,Pct. 5100,Ballots Cast,,,,326,185,570,1081
Bartholomew,Pct. 5100,President,,R,Trump\Pence,260,93,420,773
Bartholomew,Pct. 5100,President,,D,Biden\Harris,56,87,137,280
Bartholomew,Pct. 5100,President,,L,Jorgense\Cohen,9,2,7,18
Bartholomew,Pct. 5100,President,,,Write-In,1,1,0,2
Bartholomew,Pct. 5100,Governor,,R,Holcomb\Crouch,199,105,369,673
Bartholomew,Pct. 5100,Governor,,D,Myers\Lawson,24,71,104,199
Bartholomew,Pct. 5100,Governor,,L,Rainwater II / Henry,100,5,87,192
Bartholomew,Pct. 5100,Attorney General,,R,Todd Rokita,242,97,414,753
Bartholomew,Pct. 5100,Attorney General,,D,Jonathan Weinzapfel,61,83,138,282
Bartholomew,Pct. 5100,U.S. House,6,R,Greg Pence,260,92,421,773
Bartholomew,Pct. 5100,U.S. House,6,D,Jeannine Lee Lake,50,83,127,260
Bartholomew,Pct. 5100,U.S. House,6,L,Tom Ferkinhoff,12,4,14,30
Bartholomew,Pct. 5100,U.S. House,6,,Write-In,0,0,0,0
Bartholomew,Pct. 5100,State Senate,44,R,Eric A Koch,267,94,429,790
Bartholomew,Pct. 5100,State Senate,44,D,Cynthia (Cinde) Wirth,52,82,128,262
Bartholomew,Pct. 5100,State Representative,59,R,Ryan Lauer,261,91,416,768
Bartholomew,Pct. 5100,State Representative,59,D,Dale Nowlin,58,85,142,285
Bartholomew,Pct. 5200,Registered Voters,,,,,,,1065
Bartholomew,Pct. 5200,Ballots Cast,,,,266,103,413,782
Bartholomew,Pct. 5200,President,,R,Trump\Pence,212,59,262,533
Bartholomew,Pct. 5200,President,,D,Biden\Harris,38,39,141,218
Bartholomew,Pct. 5200,President,,L,Jorgense\Cohen,10,4,6,20
Bartholomew,Pct. 5200,President,,,Write-In,1,0,1,2
Bartholomew,Pct. 5200,Governor,,R,Holcomb\Crouch,163,62,249,474
Bartholomew,Pct. 5200,Governor,,D,Myers\Lawson,30,31,104,165
Bartholomew,Pct. 5200,Governor,,L,Rainwater II / Henry,68,7,52,127
Bartholomew,Pct. 5200,Attorney General,,R,Todd Rokita,202,65,269,536
Bartholomew,Pct. 5200,Attorney General,,D,Jonathan Weinzapfel,47,36,125,208
Bartholomew,Pct. 5200,U.S. House,6,R,Greg Pence,208,60,265,533
Bartholomew,Pct. 5200,U.S. House,6,D,Jeannine Lee Lake,44,37,139,220
Bartholomew,Pct. 5200,U.S. House,6,L,Tom Ferkinhoff,10,3,6,19
Bartholomew,Pct. 5200,U.S. House,6,,Write-In,0,0,0,0
Bartholomew,Pct. 5200,State Senate,44,R,Eric A Koch,,,,
Bartholomew,Pct. 5200,State Senate,44,D,Cynthia (Cinde) Wirth,,,,
Bartholomew,Pct. 5200,State Representative,57,R,Sean R. Eberhart,226,64,314,604
Bartholomew,Pct. 5300,Registered Voters,,,,,,,778
Bartholomew,Pct. 5300,Ballots Cast,,,,210,99,284,593
Bartholomew,Pct. 5300,President,,R,Trump\Pence,177,41,219,437
Bartholomew,Pct. 5300,President,,D,Biden\Harris,30,52,59,141
Bartholomew,Pct. 5300,President,,L,Jorgense\Cohen,2,4,4,10
Bartholomew,Pct. 5300,President,,,Write-In,0,0,0,0
Bartholomew,Pct. 5300,Governor,,R,Holcomb\Crouch,136,64,177,377
Bartholomew,Pct. 5300,Governor,,D,Myers\Lawson,27,31,38,96
Bartholomew,Pct. 5300,Governor,,L,Rainwater II / Henry,43,4,62,109
Bartholomew,Pct. 5300,Attorney General,,R,Todd Rokita,169,50,217,436
Bartholomew,Pct. 5300,Attorney General,,D,Jonathan Weinzapfel,33,47,50,130
Bartholomew,Pct. 5300,U.S. House,6,R,Greg Pence,175,43,216,434
Bartholomew,Pct. 5300,U.S. House,6,D,Jeannine Lee Lake,27,48,48,123
Bartholomew,Pct. 5300,U.S. House,6,L,Tom Ferkinhoff,6,5,11,22
Bartholomew,Pct. 5300,U.S. House,6,,Write-In,0,0,0,0
Bartholomew,Pct. 5300,State Senate,44,R,Eric A Koch,,,,
Bartholomew,Pct. 5300,State Senate,44,D,Cynthia (Cinde) Wirth,,,,
Bartholomew,Pct. 5300,State Representative,59,R,Ryan Lauer,159,45,214,418
Bartholomew,Pct. 5300,State Representative,59,D,Dale Nowlin,48,50,56,154
Bartholomew,Pct. 5400,Registered Voters,,,,,,,813
Bartholomew,Pct. 5400,Ballots Cast,,,,252,89,236,577
Bartholomew,Pct. 5400,President,,R,Trump\Pence,203,46,178,427
Bartholomew,Pct. 5400,President,,D,Biden\Harris,39,41,51,131
Bartholomew,Pct. 5400,President,,L,Jorgense\Cohen,4,1,6,11
Bartholomew,Pct. 5400,President,,,Write-In,2,0,0,2
Bartholomew,Pct. 5400,Governor,,R,Holcomb\Crouch,169,58,156,383
Bartholomew,Pct. 5400,Governor,,D,Myers\Lawson,21,28,38,87
Bartholomew,Pct. 5400,Governor,,L,Rainwater II / Henry,56,2,38,96
Bartholomew,Pct. 5400,Attorney General,,R,Todd Rokita,201,51,176,428
Bartholomew,Pct. 5400,Attorney General,,D,Jonathan Weinzapfel,38,35,49,122
Bartholomew,Pct. 5400,U.S. House,6,R,Greg Pence,203,44,178,425
Bartholomew,Pct. 5400,U.S. House,6,D,Jeannine Lee Lake,37,44,45,126
Bartholomew,Pct. 5400,U.S. House,6,L,Tom Ferkinhoff,9,0,8,17
Bartholomew,Pct. 5400,U.S. House,6,,Write-In,0,0,1,1
Bartholomew,Pct. 5400,State Senate,44,R,Eric A Koch,,,,
Bartholomew,Pct. 5400,State Senate,44,D,Cynthia (Cinde) Wirth,,,,
Bartholomew,Pct. 5400,State Representative,69,R,Jim Lucas,197,49,168,414
Bartholomew,Pct. 5400,State Representative,69,D,Jeffery W. Prewitt,28,32,44,104
Bartholomew,Pct. 5400,State Representative,69,I,Katrina (Kat) Hardwick,19,5,17,41
Bartholomew,Pct. 5500,Registered Voters,,,,,,,621
Bartholomew,Pct. 5500,Ballots Cast,,,,113,62,194,369
Bartholomew,Pct. 5500,President,,R,Trump\Pence,83,34,151,268
Bartholomew,Pct. 5500,President,,D,Biden\Harris,20,27,37,84
Bartholomew,Pct. 5500,President,,L,Jorgense\Cohen,5,1,5,11
Bartholomew,Pct. 5500,President,,,Write-In,4,0,0,4
Bartholomew,Pct. 5500,Governor,,R,Holcomb\Crouch,60,37,113,210
Bartholomew,Pct. 5500,Governor,,D,Myers\Lawson,15,23,29,67
Bartholomew,Pct. 5500,Governor,,L,Rainwater II / Henry,35,1,51,87
Bartholomew,Pct. 5500,Attorney General,,R,Todd Rokita,75,37,147,259
Bartholomew,Pct. 5500,Attorney General,,D,Jonathan Weinzapfel,27,24,39,90
Bartholomew,Pct. 5500,U.S. House,6,R,Greg Pence,82,35,147,264
Bartholomew,Pct. 5500,U.S. House,6,D,Jeannine Lee Lake,17,26,34,77
Bartholomew,Pct. 5500,U.S. House,6,L,Tom Ferkinhoff,9,0,11,20
Bartholomew,Pct. 5500,U.S. House,6,,Write-In,0,0,0,0
Bartholomew,Pct. 5500,State Senate,44,R,Eric A Koch,79,36,154,269
Bartholomew,Pct. 5500,State Senate,44,D,Cynthia (Cinde) Wirth,24,24,37,85
Bartholomew,Pct. 5500,State Representative,59,R,Ryan Lauer,77,34,145,256
Bartholomew,Pct. 5500,State Representative,59,D,Dale Nowlin,27,27,43,97
Bartholomew,Pct. 5600,Registered Voters,,,,,,,958
Bartholomew,Pct. 5600,Ballots Cast,,,,181,94,355,630
Bartholomew,Pct. 5600,President,,R,Trump\Pence,156,57,292,505
Bartholomew,Pct. 5600,President,,D,Biden\Harris,22,34,54,110
Bartholomew,Pct. 5600,President,,L,Jorgense\Cohen,2,1,5,8
Bartholomew,Pct. 5600,President,,,Write-In,0,0,0,0
Bartholomew,Pct. 5600,Governor,,R,Holcomb\Crouch,119,67,236,422
Bartholomew,Pct. 5600,Governor,,D,Myers\Lawson,12,20,39,71
Bartholomew,Pct. 5600,Governor,,L,Rainwater II / Henry,48,6,71,125
Bartholomew,Pct. 5600,Attorney General,,R,Todd Rokita,145,59,277,481
Bartholomew,Pct. 5600,Attorney General,,D,Jonathan Weinzapfel,25,29,60,114
Bartholomew,Pct. 5600,U.S. House,6,R,Greg Pence,149,59,284,492
Bartholomew,Pct. 5600,U.S. House,6,D,Jeannine Lee Lake,25,32,53,110
Bartholomew,Pct. 5600,U.S. House,6,L,Tom Ferkinhoff,3,0,11,14
Bartholomew,Pct. 5600,U.S. House,6,,Write-In,0,0,0,0
Bartholomew,Pct. 5600,State Senate,44,R,Eric A Koch,151,58,290,499
Bartholomew,Pct. 5600,State Senate,44,D,Cynthia (Cinde) Wirth,22,31,52,105
Bartholomew,Pct. 5600,State Representative,59,R,Ryan Lauer,150,58,284,492
Bartholomew,Pct. 5600,State Representative,59,D,Dale Nowlin,23,32,58,113
Bartholomew,Pct. 5700,Registered Voters,,,,,,,685
Bartholomew,Pct. 5700,Ballots Cast,,,,166,57,277,500
Bartholomew,Pct. 5700,President,,R,Trump\Pence,141,35,227,403
Bartholomew,Pct. 5700,President,,D,Biden\Harris,18,22,45,85
Bartholomew,Pct. 5700,President,,L,Jorgense\Cohen,6,0,1,7
Bartholomew,Pct. 5700,President,,,Write-In,0,0,0,0
Bartholomew,Pct. 5700,Governor,,R,Holcomb\Crouch,94,38,204,336
Bartholomew,Pct. 5700,Governor,,D,Myers\Lawson,11,14,19,44
Bartholomew,Pct. 5700,Governor,,L,Rainwater II / Henry,59,2,50,111
Bartholomew,Pct. 5700,Attorney General,,R,Todd Rokita,133,32,229,394
Bartholomew,Pct. 5700,Attorney General,,D,Jonathan Weinzapfel,22,20,38,80
Bartholomew,Pct. 5700,U.S. House,6,R,Greg Pence,141,33,232,406
Bartholomew,Pct. 5700,U.S. House,6,D,Jeannine Lee Lake,15,21,38,74
Bartholomew,Pct. 5700,U.S. House,6,L,Tom Ferkinhoff,5,1,2,8
Bartholomew,Pct. 5700,U.S. House,6,,Write-In,0,0,0,0
Bartholomew,Pct. 5700,State Senate,44,R,Eric A Koch,142,30,237,409
Bartholomew,Pct. 5700,State Senate,44,D,Cynthia (Cinde) Wirth,16,22,32,70
Bartholomew,Pct. 5700,State Representative,59,R,Ryan Lauer,137,28,222,387
Bartholomew,Pct. 5700,State Representative,59,D,Dale Nowlin,20,26,49,95
Bartholomew,Pct. 5800,Registered Voters,,,,,,,375
Bartholomew,Pct. 5800,Ballots Cast,,,,87,25,134,246
Bartholomew,Pct. 5800,President,,R,Trump\Pence,64,9,99,172
Bartholomew,Pct. 5800,President,,D,Biden\Harris,15,16,34,65
Bartholomew,Pct. 5800,President,,L,Jorgense\Cohen,7,0,1,8
Bartholomew,Pct. 5800,President,,,Write-In,0,0,0,0
Bartholomew,Pct. 5800,Governor,,R,Holcomb\Crouch,46,10,78,134
Bartholomew,Pct. 5800,Governor,,D,Myers\Lawson,15,15,29,59
Bartholomew,Pct. 5800,Governor,,L,Rainwater II / Henry,26,0,27,53
Bartholomew,Pct. 5800,Attorney General,,R,Todd Rokita,61,7,94,162
Bartholomew,Pct. 5800,Attorney General,,D,Jonathan Weinzapfel,22,17,37,76
Bartholomew,Pct. 5800,U.S. House,6,R,Greg Pence,66,8,96,170
Bartholomew,Pct. 5800,U.S. House,6,D,Jeannine Lee Lake,16,16,35,67
Bartholomew,Pct. 5800,U.S. House,6,L,Tom Ferkinhoff,5,0,2,7
Bartholomew,Pct. 5800,U.S. House,6,,Write-In,0,0,0,0
Bartholomew,Pct. 5800,State Senate,44,R,Eric A Koch,67,7,96,170
Bartholomew,Pct. 5800,State Senate,44,D,Cynthia (Cinde) Wirth,16,16,36,68
Bartholomew,Pct. 5800,State Representative,59,R,Ryan Lauer,62,7,93,162
Bartholomew,Pct. 5800,State Representative,59,D,Dale Nowlin,21,18,40,77
