county,precinct,office,district,party,candidate,election_day,absentee,early_votin,votes
Boone,CENTER 01,Registered Voters,,,,,,,726
Boone,CENTER 01,Ballots Cast,,,,66,98,384,548
Boone,CENTER 01,President,,R,Trump\Pence,50,52,245,347
Boone,CENTER 01,President,,D,Biden\Harris,14,40,120,174
Boone,CENTER 01,President,,L,Jorgense\Cohen,2,2,11,15
Boone,CENTER 01,President,,,Write-In,0,0,2,2
Boone,CENTER 01,Governor,,R,Holcomb\Crouch,37,70,254,361
Boone,CENTER 01,Governor,,D,Myers\Lawson,10,21,63,94
Boone,CENTER 01,Governor,,L,Rainwater II / Henry,18,5,58,81
Boone,CENTER 01,Attorney General,,R,Todd Rokita,50,53,259,362
Boone,CENTER 01,Attorney General,,D,Jonathan Weinzapfel,12,40,103,155
Boone,CENTER 01,U.S. House,4,R,Jim Baird,50,56,268,374
Boone,CENTER 01,U.S. House,4,D,Joe Mackey,12,35,91,138
Boone,CENTER 01,U.S. House,4,,Write-In,0,0,0,0
Boone,CENTER 01,State Representative,41,R,Tim Brown,49,60,263,372
Boone,CENTER 01,State Representative,41,D,Greg A. Woods,13,29,99,141
Boone,CENTER 02,Registered Voters,,,,,,,963
Boone,CENTER 02,Ballots Cast,,,,143,74,367,584
Boone,CENTER 02,President,,R,Trump\Pence,92,35,252,379
Boone,CENTER 02,President,,D,Biden\Harris,45,36,100,181
Boone,CENTER 02,President,,L,Jorgense\Cohen,5,2,11,18
Boone,CENTER 02,President,,,Write-In,1,0,1,2
Boone,CENTER 02,Governor,,R,Holcomb\Crouch,81,44,213,338
Boone,CENTER 02,Governor,,D,Myers\Lawson,31,24,71,126
Boone,CENTER 02,Governor,,L,Rainwater II / Henry,29,2,79,110
Boone,CENTER 02,Attorney General,,R,Todd Rokita,93,44,246,383
Boone,CENTER 02,Attorney General,,D,Jonathan Weinzapfel,45,28,102,175
Boone,CENTER 02,U.S. House,4,R,Jim Baird,97,40,257,394
Boone,CENTER 02,U.S. House,4,D,Joe Mackey,40,34,101,175
Boone,CENTER 02,U.S. House,4,,Write-In,0,0,0,0
Boone,CENTER 02,State Representative,41,R,Tim Brown,92,38,254,384
Boone,CENTER 02,State Representative,41,D,Greg A. Woods,44,36,100,180
Boone,CENTER 03,Registered Voters,,,,,,,982
Boone,CENTER 03,Ballots Cast,,,,121,63,307,491
Boone,CENTER 03,President,,R,Trump\Pence,86,31,216,333
Boone,CENTER 03,President,,D,Biden\Harris,27,31,81,139
Boone,CENTER 03,President,,L,Jorgense\Cohen,8,1,8,17
Boone,CENTER 03,President,,,Write-In,0,0,1,1
Boone,CENTER 03,Governor,,R,Holcomb\Crouch,46,38,153,237
Boone,CENTER 03,Governor,,D,Myers\Lawson,20,22,63,105
Boone,CENTER 03,Governor,,L,Rainwater II / Henry,54,3,84,141
Boone,CENTER 03,Attorney General,,R,Todd Rokita,77,39,204,320
Boone,CENTER 03,Attorney General,,D,Jonathan Weinzapfel,37,24,84,145
Boone,CENTER 03,U.S. House,4,R,Jim Baird,83,33,218,334
Boone,CENTER 03,U.S. House,4,D,Joe Mackey,29,29,77,135
Boone,CENTER 03,U.S. House,4,,Write-In,0,0,0,0
Boone,CENTER 03,State Representative,41,R,Tim Brown,77,33,217,327
Boone,CENTER 03,State Representative,41,D,Greg A. Woods,35,29,77,141
Boone,CENTER 04,Registered Voters,,,,,,,765
Boone,CENTER 04,Ballots Cast,,,,135,42,293,470
Boone,CENTER 04,President,,R,Trump\Pence,97,20,199,316
Boone,CENTER 04,President,,D,Biden\Harris,31,21,79,131
Boone,CENTER 04,President,,L,Jorgense\Cohen,4,1,12,17
Boone,CENTER 04,President,,,Write-In,1,0,1,2
Boone,CENTER 04,Governor,,R,Holcomb\Crouch,66,23,169,258
Boone,CENTER 04,Governor,,D,Myers\Lawson,22,15,53,90
Boone,CENTER 04,Governor,,L,Rainwater II / Henry,42,3,67,112
Boone,CENTER 04,Attorney General,,R,Todd Rokita,95,23,198,316
Boone,CENTER 04,Attorney General,,D,Jonathan Weinzapfel,33,17,84,134
Boone,CENTER 04,U.S. House,4,R,Jim Baird,95,24,206,325
Boone,CENTER 04,U.S. House,4,D,Joe Mackey,32,16,74,122
Boone,CENTER 04,U.S. House,4,,Write-In,0,0,0,0
Boone,CENTER 04,State Representative,41,R,Tim Brown,96,24,201,321
Boone,CENTER 04,State Representative,41,D,Greg A. Woods,30,16,77,123
Boone,CENTER 05,Registered Voters,,,,,,,1043
Boone,CENTER 05,Ballots Cast,,,,149,104,546,799
Boone,CENTER 05,President,,R,Trump\Pence,130,47,423,600
Boone,CENTER 05,President,,D,Biden\Harris,14,55,111,180
Boone,CENTER 05,President,,L,Jorgense\Cohen,4,0,3,7
Boone,CENTER 05,President,,,Write-In,0,0,2,2
Boone,CENTER 05,Governor,,R,Holcomb\Crouch,87,61,343,491
Boone,CENTER 05,Governor,,D,Myers\Lawson,8,34,74,116
Boone,CENTER 05,Governor,,L,Rainwater II / Henry,53,7,121,181
Boone,CENTER 05,Attorney General,,R,Todd Rokita,130,58,420,608
Boone,CENTER 05,Attorney General,,D,Jonathan Weinzapfel,12,43,97,152
Boone,CENTER 05,U.S. House,4,R,Jim Baird,130,55,443,628
Boone,CENTER 05,U.S. House,4,D,Joe Mackey,14,45,87,146
Boone,CENTER 05,U.S. House,4,,Write-In,0,0,0,0
Boone,CENTER 05,State Representative,41,R,Tim Brown,126,54,431,611
Boone,CENTER 05,State Representative,41,D,Greg A. Woods,16,46,102,164
Boone,CENTER 06,Registered Voters,,,,,,,817
Boone,CENTER 06,Ballots Cast,,,,92,77,316,485
Boone,CENTER 06,President,,R,Trump\Pence,64,35,208,307
Boone,CENTER 06,President,,D,Biden\Harris,24,39,95,158
Boone,CENTER 06,President,,L,Jorgense\Cohen,3,1,4,8
Boone,CENTER 06,President,,,Write-In,0,1,3,4
Boone,CENTER 06,Governor,,R,Holcomb\Crouch,42,44,161,247
Boone,CENTER 06,Governor,,D,Myers\Lawson,19,28,82,129
Boone,CENTER 06,Governor,,L,Rainwater II / Henry,31,4,68,103
Boone,CENTER 06,Attorney General,,R,Todd Rokita,65,42,210,317
Boone,CENTER 06,Attorney General,,D,Jonathan Weinzapfel,26,34,96,156
Boone,CENTER 06,U.S. House,4,R,Jim Baird,63,37,214,314
Boone,CENTER 06,U.S. House,4,D,Joe Mackey,25,37,93,155
Boone,CENTER 06,U.S. House,4,,Write-In,0,0,0,0
Boone,CENTER 06,State Representative,41,R,Tim Brown,63,37,209,309
Boone,CENTER 06,State Representative,41,D,Greg A. Woods,25,34,94,153
Boone,CENTER 07,Registered Voters,,,,,,,904
Boone,CENTER 07,Ballots Cast,,,,82,140,370,592
Boone,CENTER 07,President,,R,Trump\Pence,59,67,240,366
Boone,CENTER 07,President,,D,Biden\Harris,22,65,121,208
Boone,CENTER 07,President,,L,Jorgense\Cohen,0,4,6,10
Boone,CENTER 07,President,,,Write-In,0,0,0,0
Boone,CENTER 07,Governor,,R,Holcomb\Crouch,47,89,232,368
Boone,CENTER 07,Governor,,D,Myers\Lawson,10,46,76,132
Boone,CENTER 07,Governor,,L,Rainwater II / Henry,24,1,59,84
Boone,CENTER 07,Attorney General,,R,Todd Rokita,54,84,241,379
Boone,CENTER 07,Attorney General,,D,Jonathan Weinzapfel,24,50,113,187
Boone,CENTER 07,U.S. House,4,R,Jim Baird,59,77,250,386
Boone,CENTER 07,U.S. House,4,D,Joe Mackey,19,55,113,187
Boone,CENTER 07,U.S. House,4,,Write-In,0,0,0,0
Boone,CENTER 07,State Representative,41,R,Tim Brown,59,77,246,382
Boone,CENTER 07,State Representative,41,D,Greg A. Woods,19,55,112,186
Boone,CENTER 08,Registered Voters,,,,,,,688
Boone,CENTER 08,Ballots Cast,,,,83,35,209,327
Boone,CENTER 08,President,,R,Trump\Pence,59,17,136,212
Boone,CENTER 08,President,,D,Biden\Harris,19,18,66,103
Boone,CENTER 08,President,,L,Jorgense\Cohen,5,0,5,10
Boone,CENTER 08,President,,,Write-In,0,0,0,0
Boone,CENTER 08,Governor,,R,Holcomb\Crouch,40,18,118,176
Boone,CENTER 08,Governor,,D,Myers\Lawson,14,14,50,78
Boone,CENTER 08,Governor,,L,Rainwater II / Henry,27,2,37,66
Boone,CENTER 08,Attorney General,,R,Todd Rokita,59,18,129,206
Boone,CENTER 08,Attorney General,,D,Jonathan Weinzapfel,20,16,68,104
Boone,CENTER 08,U.S. House,4,R,Jim Baird,60,18,134,212
Boone,CENTER 08,U.S. House,4,D,Joe Mackey,19,14,68,101
Boone,CENTER 08,U.S. House,4,,Write-In,0,0,0,0
Boone,CENTER 08,State Representative,41,R,Tim Brown,60,18,134,212
Boone,CENTER 08,State Representative,41,D,Greg A. Woods,18,14,65,97
Boone,CENTER 09,Registered Voters,,,,,,,882
Boone,CENTER 09,Ballots Cast,,,,100,81,431,612
Boone,CENTER 09,President,,R,Trump\Pence,73,46,280,399
Boone,CENTER 09,President,,D,Biden\Harris,22,35,135,192
Boone,CENTER 09,President,,L,Jorgense\Cohen,3,0,8,11
Boone,CENTER 09,President,,,Write-In,0,0,4,4
Boone,CENTER 09,Governor,,R,Holcomb\Crouch,67,56,291,414
Boone,CENTER 09,Governor,,D,Myers\Lawson,15,21,80,116
Boone,CENTER 09,Governor,,L,Rainwater II / Henry,17,1,56,74
Boone,CENTER 09,Attorney General,,R,Todd Rokita,68,49,285,402
Boone,CENTER 09,Attorney General,,D,Jonathan Weinzapfel,24,28,120,172
Boone,CENTER 09,U.S. House,4,R,Jim Baird,70,47,295,412
Boone,CENTER 09,U.S. House,4,D,Joe Mackey,18,30,120,168
Boone,CENTER 09,U.S. House,4,,Write-In,0,0,0,0
Boone,CENTER 09,State Representative,41,R,Tim Brown,70,45,304,419
Boone,CENTER 09,State Representative,41,D,Greg A. Woods,19,31,110,160
Boone,CENTER 10,Registered Voters,,,,,,,1081
Boone,CENTER 10,Ballots Cast,,,,143,77,421,641
Boone,CENTER 10,President,,R,Trump\Pence,100,38,258,396
Boone,CENTER 10,President,,D,Biden\Harris,30,37,145,212
Boone,CENTER 10,President,,L,Jorgense\Cohen,11,1,13,25
Boone,CENTER 10,President,,,Write-In,1,0,1,2
Boone,CENTER 10,Governor,,R,Holcomb\Crouch,81,47,233,361
Boone,CENTER 10,Governor,,D,Myers\Lawson,15,21,97,133
Boone,CENTER 10,Governor,,L,Rainwater II / Henry,46,5,83,134
Boone,CENTER 10,Attorney General,,R,Todd Rokita,98,42,249,389
Boone,CENTER 10,Attorney General,,D,Jonathan Weinzapfel,37,31,150,218
Boone,CENTER 10,U.S. House,4,R,Jim Baird,103,43,264,410
Boone,CENTER 10,U.S. House,4,D,Joe Mackey,33,30,138,201
Boone,CENTER 10,U.S. House,4,,Write-In,0,0,0,0
Boone,CENTER 10,State Representative,41,R,Tim Brown,101,43,262,406
Boone,CENTER 10,State Representative,41,D,Greg A. Woods,34,30,141,205
Boone,CENTER 11,Registered Voters,,,,,,,1071
Boone,CENTER 11,Ballots Cast,,,,149,79,405,633
Boone,CENTER 11,President,,R,Trump\Pence,116,46,275,437
Boone,CENTER 11,President,,D,Biden\Harris,23,29,116,168
Boone,CENTER 11,President,,L,Jorgense\Cohen,9,3,10,22
Boone,CENTER 11,President,,,Write-In,0,0,2,2
Boone,CENTER 11,Governor,,R,Holcomb\Crouch,76,53,241,370
Boone,CENTER 11,Governor,,D,Myers\Lawson,19,17,81,117
Boone,CENTER 11,Governor,,L,Rainwater II / Henry,50,6,79,135
Boone,CENTER 11,Attorney General,,R,Todd Rokita,109,49,277,435
Boone,CENTER 11,Attorney General,,D,Jonathan Weinzapfel,30,25,112,167
Boone,CENTER 11,U.S. House,4,R,Jim Baird,112,47,278,437
Boone,CENTER 11,U.S. House,4,D,Joe Mackey,31,27,111,169
Boone,CENTER 11,U.S. House,4,,Write-In,0,0,0,0
Boone,CENTER 11,State Representative,41,R,Tim Brown,115,48,269,432
Boone,CENTER 11,State Representative,41,D,Greg A. Woods,28,27,119,174
Boone,CENTER 12,Registered Voters,,,,,,,993
Boone,CENTER 12,Ballots Cast,,,,135,102,506,743
Boone,CENTER 12,President,,R,Trump\Pence,97,46,343,486
Boone,CENTER 12,President,,D,Biden\Harris,28,56,146,230
Boone,CENTER 12,President,,L,Jorgense\Cohen,6,0,11,17
Boone,CENTER 12,President,,,Write-In,3,0,0,3
Boone,CENTER 12,Governor,,R,Holcomb\Crouch,70,61,339,470
Boone,CENTER 12,Governor,,D,Myers\Lawson,18,33,84,135
Boone,CENTER 12,Governor,,L,Rainwater II / Henry,45,5,78,128
Boone,CENTER 12,Attorney General,,R,Todd Rokita,103,49,363,515
Boone,CENTER 12,Attorney General,,D,Jonathan Weinzapfel,25,48,124,197
Boone,CENTER 12,U.S. House,4,R,Jim Baird,107,45,364,516
Boone,CENTER 12,U.S. House,4,D,Joe Mackey,26,49,124,199
Boone,CENTER 12,U.S. House,4,,Write-In,0,0,0,0
Boone,CENTER 12,State Representative,41,R,Tim Brown,107,51,360,518
Boone,CENTER 12,State Representative,41,D,Greg A. Woods,26,45,129,200
Boone,CENTER 13,Registered Voters,,,,,,,867
Boone,CENTER 13,Ballots Cast,,,,114,87,243,444
Boone,CENTER 13,President,,R,Trump\Pence,74,20,155,249
Boone,CENTER 13,President,,D,Biden\Harris,28,66,78,172
Boone,CENTER 13,President,,L,Jorgense\Cohen,11,1,5,17
Boone,CENTER 13,President,,,Write-In,0,0,1,1
Boone,CENTER 13,Governor,,R,Holcomb\Crouch,54,21,139,214
Boone,CENTER 13,Governor,,D,Myers\Lawson,18,18,52,88
Boone,CENTER 13,Governor,,L,Rainwater II / Henry,42,2,46,90
Boone,CENTER 13,Attorney General,,R,Todd Rokita,72,20,156,248
Boone,CENTER 13,Attorney General,,D,Jonathan Weinzapfel,35,21,72,128
Boone,CENTER 13,U.S. House,4,R,Jim Baird,76,21,164,261
Boone,CENTER 13,U.S. House,4,D,Joe Mackey,30,59,69,158
Boone,CENTER 13,U.S. House,4,,Write-In,0,0,0,0
Boone,CENTER 13,State Representative,41,R,Tim Brown,72,21,162,255
Boone,CENTER 13,State Representative,41,D,Greg A. Woods,33,19,70,122
Boone,CENTER 14,Registered Voters,,,,,,,802
Boone,CENTER 14,Ballots Cast,,,,143,72,367,582
Boone,CENTER 14,President,,R,Trump\Pence,120,42,283,445
Boone,CENTER 14,President,,D,Biden\Harris,15,29,68,112
Boone,CENTER 14,President,,L,Jorgense\Cohen,6,1,11,18
Boone,CENTER 14,President,,,Write-In,0,0,1,1
Boone,CENTER 14,Governor,,R,Holcomb\Crouch,86,45,253,384
Boone,CENTER 14,Governor,,D,Myers\Lawson,12,22,39,73
Boone,CENTER 14,Governor,,L,Rainwater II / Henry,43,3,73,119
Boone,CENTER 14,Attorney General,,R,Todd Rokita,109,41,282,432
Boone,CENTER 14,Attorney General,,D,Jonathan Weinzapfel,27,25,66,118
Boone,CENTER 14,U.S. House,4,R,Jim Baird,125,45,293,463
Boone,CENTER 14,U.S. House,4,D,Joe Mackey,18,23,62,103
Boone,CENTER 14,U.S. House,4,,Write-In,0,0,0,0
Boone,CENTER 14,State Representative,41,R,Tim Brown,127,44,298,469
Boone,CENTER 14,State Representative,41,D,Greg A. Woods,15,24,57,96
Boone,CENTER 15,Registered Voters,,,,,,,151
Boone,CENTER 15,Ballots Cast,,,,15,29,80,124
Boone,CENTER 15,President,,R,Trump\Pence,11,14,54,79
Boone,CENTER 15,President,,D,Biden\Harris,3,13,25,41
Boone,CENTER 15,President,,L,Jorgense\Cohen,1,1,0,2
Boone,CENTER 15,President,,,Write-In,0,0,0,0
Boone,CENTER 15,Governor,,R,Holcomb\Crouch,9,23,56,88
Boone,CENTER 15,Governor,,D,Myers\Lawson,1,6,10,17
Boone,CENTER 15,Governor,,L,Rainwater II / Henry,5,0,12,17
Boone,CENTER 15,Attorney General,,R,Todd Rokita,12,18,55,85
Boone,CENTER 15,Attorney General,,D,Jonathan Weinzapfel,3,10,20,33
Boone,CENTER 15,U.S. House,4,R,Jim Baird,12,18,58,88
Boone,CENTER 15,U.S. House,4,D,Joe Mackey,3,10,17,30
Boone,CENTER 15,U.S. House,4,,Write-In,0,0,0,0
Boone,CENTER 15,State Representative,41,R,Tim Brown,12,19,61,92
Boone,CENTER 15,State Representative,41,D,Greg A. Woods,3,9,16,28
Boone,CENTER 16,Registered Voters,,,,,,,129
Boone,CENTER 16,Ballots Cast,,,,16,10,66,92
Boone,CENTER 16,President,,R,Trump\Pence,12,9,56,77
Boone,CENTER 16,President,,D,Biden\Harris,4,1,7,12
Boone,CENTER 16,President,,L,Jorgense\Cohen,0,0,3,3
Boone,CENTER 16,President,,,Write-In,0,0,0,0
Boone,CENTER 16,Governor,,R,Holcomb\Crouch,12,9,44,65
Boone,CENTER 16,Governor,,D,Myers\Lawson,2,1,8,11
Boone,CENTER 16,Governor,,L,Rainwater II / Henry,2,0,14,16
Boone,CENTER 16,Attorney General,,R,Todd Rokita,13,10,56,79
Boone,CENTER 16,Attorney General,,D,Jonathan Weinzapfel,3,0,7,10
Boone,CENTER 16,U.S. House,4,R,Jim Baird,12,9,59,80
Boone,CENTER 16,U.S. House,4,D,Joe Mackey,3,0,7,10
Boone,CENTER 16,U.S. House,4,,Write-In,0,0,0,0
Boone,CENTER 16,State Representative,41,R,Tim Brown,11,10,8,79
Boone,CENTER 16,State Representative,41,D,Greg A. Woods,3,0,8,11
Boone,CENTER 17,Registered Voters,,,,,,,1000
Boone,CENTER 17,Ballots Cast,,,,143,59,373,575
Boone,CENTER 17,President,,R,Trump\Pence,103,32,256,391
Boone,CENTER 17,President,,D,Biden\Harris,34,22,104,160
Boone,CENTER 17,President,,L,Jorgense\Cohen,3,1,5,9
Boone,CENTER 17,President,,,Write-In,0,0,3,3
Boone,CENTER 17,Governor,,R,Holcomb\Crouch,71,37,220,328
Boone,CENTER 17,Governor,,D,Myers\Lawson,25,13,75,113
Boone,CENTER 17,Governor,,L,Rainwater II / Henry,43,7,75,125
Boone,CENTER 17,Attorney General,,R,Todd Rokita,101,36,256,393
Boone,CENTER 17,Attorney General,,D,Jonathan Weinzapfel,34,21,103,158
Boone,CENTER 17,U.S. House,4,R,Jim Baird,102,33,261,396
Boone,CENTER 17,U.S. House,4,D,Joe Mackey,31,23,105,159
Boone,CENTER 17,U.S. House,4,,Write-In,0,0,0,0
Boone,CENTER 17,State Representative,41,R,Tim Brown,100,35,259,394
Boone,CENTER 17,State Representative,41,D,Greg A. Woods,32,22,104,158
Boone,CLINTON,Registered Voters,,,,,,,716
Boone,CLINTON,Ballots Cast,,,,134,54,347,535
Boone,CLINTON,President,,R,Trump\Pence,108,30,247,385
Boone,CLINTON,President,,D,Biden\Harris,19,23,90,132
Boone,CLINTON,President,,L,Jorgense\Cohen,6,1,6,13
Boone,CLINTON,President,,,Write-In,0,0,0,0
Boone,CLINTON,Governor,,R,Holcomb\Crouch,68,32,211,311
Boone,CLINTON,Governor,,D,Myers\Lawson,12,14,61,87
Boone,CLINTON,Governor,,L,Rainwater II / Henry,47,7,72,126
Boone,CLINTON,Attorney General,,R,Todd Rokita,103,33,249,385
Boone,CLINTON,Attorney General,,D,Jonathan Weinzapfel,20,18,84,122
Boone,CLINTON,U.S. House,4,R,Jim Baird,115,32,258,405
Boone,CLINTON,U.S. House,4,D,Joe Mackey,14,20,77,111
Boone,CLINTON,U.S. House,4,,Write-In,0,0,0,0
Boone,CLINTON,State Senate,7,R,Brian W Buchanan,115,36,265,416
Boone,CLINTON,State Senate,7,D,Tabitha N. Bartley,15,17,70,102
Boone,CLINTON,State Representative,41,R,Tim Brown,114,32,254,400
Boone,CLINTON,State Representative,41,D,Greg A. Woods,15,20,80,115
Boone,EAGLE 01,Registered Voters,,,,,,,1205
Boone,EAGLE 01,Ballots Cast,,,,55,257,627,939
Boone,EAGLE 01,President,,R,Trump\Pence,28,103,311,442
Boone,EAGLE 01,President,,D,Biden\Harris,21,149,290,460
Boone,EAGLE 01,President,,L,Jorgense\Cohen,3,3,8,14
Boone,EAGLE 01,President,,,Write-In,2,1,8,11
Boone,EAGLE 01,Governor,,R,Holcomb\Crouch,42,159,436,637
Boone,EAGLE 01,Governor,,D,Myers\Lawson,6,88,166,260
Boone,EAGLE 01,Governor,,L,Rainwater II / Henry,6,5,23,34
Boone,EAGLE 01,Attorney General,,R,Todd Rokita,36,132,358,526
Boone,EAGLE 01,Attorney General,,D,Jonathan Weinzapfel,16,116,243,375
Boone,EAGLE 01,U.S. House,5,R,Victoria Spartz,37,116,335,488
Boone,EAGLE 01,U.S. House,5,D,Christina Hale,15,130,265,410
Boone,EAGLE 01,U.S. House,5,L,Kenneth Tucker,2,7,13,22
Boone,EAGLE 01,U.S. House,5,,Write-In,0,0,0,0
Boone,EAGLE 01,State Representative,24,R,Donna Schaibley,41,137,380,558
Boone,EAGLE 01,State Representative,24,D,Naomo S Bechtold,13,107,228,348
Boone,EAGLE 02,Registered Voters,,,,,,,864
Boone,EAGLE 02,Ballots Cast,,,,71,193,376,640
Boone,EAGLE 02,President,,R,Trump\Pence,44,84,166,294
Boone,EAGLE 02,President,,D,Biden\Harris,25,104,196,325
Boone,EAGLE 02,President,,L,Jorgense\Cohen,2,2,8,12
Boone,EAGLE 02,President,,,Write-In,0,1,1,2
Boone,EAGLE 02,Governor,,R,Holcomb\Crouch,44,106,235,385
Boone,EAGLE 02,Governor,,D,Myers\Lawson,13,78,119,210
Boone,EAGLE 02,Governor,,L,Rainwater II / Henry,12,7,18,37
Boone,EAGLE 02,Attorney General,,R,Todd Rokita,49,96,189,334
Boone,EAGLE 02,Attorney General,,D,Jonathan Weinzapfel,19,93,162,274
Boone,EAGLE 02,U.S. House,5,R,Victoria Spartz,49,88,188,325
Boone,EAGLE 02,U.S. House,5,D,Christina Hale,21,96,176,293
Boone,EAGLE 02,U.S. House,5,L,Kenneth Tucker,0,7,4,11
Boone,EAGLE 02,U.S. House,5,,Write-In,0,0,0,0
Boone,EAGLE 02,State Representative,24,R,Donna Schaibley,51,93,194,338
Boone,EAGLE 02,State Representative,24,D,Naomo S Bechtold,18,94,168,280
Boone,EAGLE 03,Registered Voters,,,,,,,868
Boone,EAGLE 03,Ballots Cast,,,,74,144,459,677
Boone,EAGLE 03,President,,R,Trump\Pence,35,41,169,245
Boone,EAGLE 03,President,,D,Biden\Harris,33,99,278,410
Boone,EAGLE 03,President,,L,Jorgense\Cohen,4,2,8,14
Boone,EAGLE 03,President,,,Write-In,2,1,1,4
Boone,EAGLE 03,Governor,,R,Holcomb\Crouch,33,82,251,366
Boone,EAGLE 03,Governor,,D,Myers\Lawson,25,54,186,265
Boone,EAGLE 03,Governor,,L,Rainwater II / Henry,16,3,20,39
Boone,EAGLE 03,Attorney General,,R,Todd Rokita,39,57,206,302
Boone,EAGLE 03,Attorney General,,D,Jonathan Weinzapfel,33,82,241,356
Boone,EAGLE 03,U.S. House,5,R,Victoria Spartz,40,47,192,279
Boone,EAGLE 03,U.S. House,5,D,Christina Hale,29,94,258,381
Boone,EAGLE 03,U.S. House,5,L,Kenneth Tucker,5,0,5,10
Boone,EAGLE 03,U.S. House,5,,Write-In,0,0,0,0
Boone,EAGLE 03,State Representative,24,R,Donna Schaibley,38,58,207,303
Boone,EAGLE 03,State Representative,24,D,Naomo S Bechtold,34,83,247,364
Boone,EAGLE 04,Registered Voters,,,,,,,1414
Boone,EAGLE 04,Ballots Cast,,,,153,245,567,965
Boone,EAGLE 04,President,,R,Trump\Pence,87,82,224,393
Boone,EAGLE 04,President,,D,Biden\Harris,58,154,320,532
Boone,EAGLE 04,President,,L,Jorgense\Cohen,5,1,11,17
Boone,EAGLE 04,President,,,Write-In,0,0,5,5
Boone,EAGLE 04,Governor,,R,Holcomb\Crouch,85,137,307,529
Boone,EAGLE 04,Governor,,D,Myers\Lawson,48,96,223,367
Boone,EAGLE 04,Governor,,L,Rainwater II / Henry,15,2,31,48
Boone,EAGLE 04,Attorney General,,R,Todd Rokita,87,108,261,456
Boone,EAGLE 04,Attorney General,,D,Jonathan Weinzapfel,56,126,290,472
Boone,EAGLE 04,U.S. House,5,R,Victoria Spartz,90,93,239,422
Boone,EAGLE 04,U.S. House,5,D,Christina Hale,57,131,299,487
Boone,EAGLE 04,U.S. House,5,L,Kenneth Tucker,3,9,16,28
Boone,EAGLE 04,U.S. House,5,,Write-In,0,0,0,0
Boone,EAGLE 04,State Representative,24,R,Donna Schaibley,96,116,264,476
Boone,EAGLE 04,State Representative,24,D,Naomo S Bechtold,52,111,286,449
Boone,EAGLE 05,Registered Voters,,,,,,,830
Boone,EAGLE 05,Ballots Cast,,,,56,115,498,669
Boone,EAGLE 05,President,,R,Trump\Pence,33,45,244,322
Boone,EAGLE 05,President,,D,Biden\Harris,17,66,236,319
Boone,EAGLE 05,President,,L,Jorgense\Cohen,5,3,9,17
Boone,EAGLE 05,President,,,Write-In,0,0,4,4
Boone,EAGLE 05,Governor,,R,Holcomb\Crouch,40,71,313,424
Boone,EAGLE 05,Governor,,D,Myers\Lawson,6,37,146,189
Boone,EAGLE 05,Governor,,L,Rainwater II / Henry,10,4,35,49
Boone,EAGLE 05,Attorney General,,R,Todd Rokita,43,54,283,380
Boone,EAGLE 05,Attorney General,,D,Jonathan Weinzapfel,11,58,204,273
Boone,EAGLE 05,U.S. House,5,R,Victoria Spartz,40,52,256,348
Boone,EAGLE 05,U.S. House,5,D,Christina Hale,12,57,217,286
Boone,EAGLE 05,U.S. House,5,L,Kenneth Tucker,4,3,22,29
Boone,EAGLE 05,U.S. House,5,,Write-In,0,0,0,0
Boone,EAGLE 05,State Representative,24,R,Donna Schaibley,39,57,292,388
Boone,EAGLE 05,State Representative,24,D,Naomo S Bechtold,16,53,199,268
Boone,EAGLE 06,Registered Voters,,,,,,,1698
Boone,EAGLE 06,Ballots Cast,,,,153,393,913,1369
Boone,EAGLE 06,President,,R,Trump\Pence,100,112,466,678
Boone,EAGLE 06,President,,D,Biden\Harris,44,179,415,638
Boone,EAGLE 06,President,,L,Jorgense\Cohen,7,8,16,31
Boone,EAGLE 06,President,,,Write-In,2,1,8,11
Boone,EAGLE 06,Governor,,R,Holcomb\Crouch,121,181,639,941
Boone,EAGLE 06,Governor,,D,Myers\Lawson,19,115,234,368
Boone,EAGLE 06,Governor,,L,Rainwater II / Henry,11,2,37,50
Boone,EAGLE 06,Attorney General,,R,Todd Rokita,111,152,537,800
Boone,EAGLE 06,Attorney General,,D,Jonathan Weinzapfel,37,137,347,521
Boone,EAGLE 06,U.S. House,5,R,Victoria Spartz,103,128,494,725
Boone,EAGLE 06,U.S. House,5,D,Christina Hale,39,157,387,583
Boone,EAGLE 06,U.S. House,5,L,Kenneth Tucker,7,6,19,32
Boone,EAGLE 06,U.S. House,5,,Write-In,0,0,2,2
Boone,EAGLE 06,State Representative,24,R,Donna Schaibley,111,152,557,820
Boone,EAGLE 06,State Representative,24,D,Naomo S Bechtold,33,135,341,509
Boone,EAGLE 07,Registered Voters,,,,,,,1407
Boone,EAGLE 07,Ballots Cast,,,,89,268,722,1079
Boone,EAGLE 07,President,,R,Trump\Pence,54,116,381,551
Boone,EAGLE 07,President,,D,Biden\Harris,31,149,323,503
Boone,EAGLE 07,President,,L,Jorgense\Cohen,4,3,9,16
Boone,EAGLE 07,President,,,Write-In,0,0,4,4
Boone,EAGLE 07,Governor,,R,Holcomb\Crouch,64,170,501,735
Boone,EAGLE 07,Governor,,D,Myers\Lawson,17,89,175,281
Boone,EAGLE 07,Governor,,L,Rainwater II / Henry,8,4,41,53
Boone,EAGLE 07,Attorney General,,R,Todd Rokita,57,141,437,635
Boone,EAGLE 07,Attorney General,,D,Jonathan Weinzapfel,24,115,265,404
Boone,EAGLE 07,U.S. House,5,R,Victoria Spartz,55,124,412,591
Boone,EAGLE 07,U.S. House,5,D,Christina Hale,23,130,280,433
Boone,EAGLE 07,U.S. House,5,L,Kenneth Tucker,8,5,19,32
Boone,EAGLE 07,U.S. House,5,,Write-In,1,0,1,2
Boone,EAGLE 07,State Representative,24,R,Donna Schaibley,58,146,462,666
Boone,EAGLE 07,State Representative,24,D,Naomo S Bechtold,22,107,247,376
Boone,EAGLE 08,Registered Voters,,,,,,,1245
Boone,EAGLE 08,Ballots Cast,,,,86,264,605,955
Boone,EAGLE 08,President,,R,Trump\Pence,45,114,295,454
Boone,EAGLE 08,President,,D,Biden\Harris,34,142,284,460
Boone,EAGLE 08,President,,L,Jorgense\Cohen,6,5,12,23
Boone,EAGLE 08,President,,,Write-In,1,0,5,6
Boone,EAGLE 08,Governor,,R,Holcomb\Crouch,53,161,399,613
Boone,EAGLE 08,Governor,,D,Myers\Lawson,23,95,162,280
Boone,EAGLE 08,Governor,,L,Rainwater II / Henry,8,7,39,54
Boone,EAGLE 08,Attorney General,,R,Todd Rokita,46,146,356,548
Boone,EAGLE 08,Attorney General,,D,Jonathan Weinzapfel,35,114,229,378
Boone,EAGLE 08,U.S. House,5,R,Victoria Spartz,46,120,338,504
Boone,EAGLE 08,U.S. House,5,D,Christina Hale,34,130,237,401
Boone,EAGLE 08,U.S. House,5,L,Kenneth Tucker,4,11,19,34
Boone,EAGLE 08,U.S. House,5,,Write-In,0,0,0,0
Boone,EAGLE 08,State Representative,24,R,Donna Schaibley,49,145,369,563
Boone,EAGLE 08,State Representative,24,D,Naomo S Bechtold,33,113,214,360
Boone,EAGLE 09,Registered Voters,,,,,,,1385
Boone,EAGLE 09,Ballots Cast,,,,87,214,838,1149
Boone,EAGLE 09,President,,R,Trump\Pence,57,87,429,573
Boone,EAGLE 09,President,,D,Biden\Harris,32,117,369,518
Boone,EAGLE 09,President,,L,Jorgense\Cohen,5,3,27,35
Boone,EAGLE 09,President,,,Write-In,3,3,6,12
Boone,EAGLE 09,Governor,,R,Holcomb\Crouch,67,120,580,767
Boone,EAGLE 09,Governor,,D,Myers\Lawson,13,85,204,302
Boone,EAGLE 09,Governor,,L,Rainwater II / Henry,11,6,46,63
Boone,EAGLE 09,Attorney General,,R,Todd Rokita,65,107,491,663
Boone,EAGLE 09,Attorney General,,D,Jonathan Weinzapfel,24,102,324,450
Boone,EAGLE 09,U.S. House,5,R,Victoria Spartz,64,101,475,640
Boone,EAGLE 09,U.S. House,5,D,Christina Hale,24,103,335,462
Boone,EAGLE 09,U.S. House,5,L,Kenneth Tucker,4,5,18,27
Boone,EAGLE 09,U.S. House,5,,Write-In,0,0,0,0
Boone,EAGLE 09,State Representative,24,R,Donna Schaibley,66,112,514,692
Boone,EAGLE 09,State Representative,24,D,Naomo S Bechtold,25,95,311,431
Boone,EAGLE 10,Registered Voters,,,,,,,1829
Boone,EAGLE 10,Ballots Cast,,,,155,278,946,1379
Boone,EAGLE 10,President,,R,Trump\Pence,99,110,475,684
Boone,EAGLE 10,President,,D,Biden\Harris,48,155,429,632
Boone,EAGLE 10,President,,L,Jorgense\Cohen,5,4,25,34
Boone,EAGLE 10,President,,,Write-In,2,0,4,6
Boone,EAGLE 10,Governor,,R,Holcomb\Crouch,108,170,602,880
Boone,EAGLE 10,Governor,,D,Myers\Lawson,29,94,262,385
Boone,EAGLE 10,Governor,,L,Rainwater II / Henry,18,8,72,98
Boone,EAGLE 10,Attorney General,,R,Todd Rokita,105,132,555,792
Boone,EAGLE 10,Attorney General,,D,Jonathan Weinzapfel,43,129,358,530
Boone,EAGLE 10,U.S. House,5,R,Victoria Spartz,102,122,521,745
Boone,EAGLE 10,U.S. House,5,D,Christina Hale,39,139,392,570
Boone,EAGLE 10,U.S. House,5,L,Kenneth Tucker,12,6,22,40
Boone,EAGLE 10,U.S. House,5,,Write-In,0,0,0,0
Boone,EAGLE 10,State Representative,24,R,Donna Schaibley,117,135,560,812
Boone,EAGLE 10,State Representative,24,D,Naomo S Bechtold,36,119,365,520
Boone,EAGLE 11,Registered Voters,,,,,,,783
Boone,EAGLE 11,Ballots Cast,,,,56,151,406,613
Boone,EAGLE 11,President,,R,Trump\Pence,36,60,216,312
Boone,EAGLE 11,President,,D,Biden\Harris,16,86,178,280
Boone,EAGLE 11,President,,L,Jorgense\Cohen,2,5,7,14
Boone,EAGLE 11,President,,,Write-In,2,0,3,5
Boone,EAGLE 11,Governor,,R,Holcomb\Crouch,39,92,261,392
Boone,EAGLE 11,Governor,,D,Myers\Lawson,8,55,114,177
Boone,EAGLE 11,Governor,,L,Rainwater II / Henry,8,4,29,41
Boone,EAGLE 11,Attorney General,,R,Todd Rokita,38,76,233,347
Boone,EAGLE 11,Attorney General,,D,Jonathan Weinzapfel,14,71,167,252
Boone,EAGLE 11,U.S. House,5,R,Victoria Spartz,33,67,227,327
Boone,EAGLE 11,U.S. House,5,D,Christina Hale,16,76,165,257
Boone,EAGLE 11,U.S. House,5,L,Kenneth Tucker,5,4,10,19
Boone,EAGLE 11,U.S. House,5,,Write-In,0,0,0,0
Boone,EAGLE 11,State Representative,24,R,Donna Schaibley,39,76,248,363
Boone,EAGLE 11,State Representative,24,D,Naomo S Bechtold,13,71,154,238
Boone,EAGLE 12,Registered Voters,,,,,,,997
Boone,EAGLE 12,Ballots Cast,,,,84,152,509,745
Boone,EAGLE 12,President,,R,Trump\Pence,46,51,232,329
Boone,EAGLE 12,President,,D,Biden\Harris,29,97,259,385
Boone,EAGLE 12,President,,L,Jorgense\Cohen,6,2,15,23
Boone,EAGLE 12,President,,,Write-In,1,0,0,1
Boone,EAGLE 12,Governor,,R,Holcomb\Crouch,61,78,299,438
Boone,EAGLE 12,Governor,,D,Myers\Lawson,13,70,161,244
Boone,EAGLE 12,Governor,,L,Rainwater II / Henry,9,3,47,59
Boone,EAGLE 12,Attorney General,,R,Todd Rokita,50,59,260,369
Boone,EAGLE 12,Attorney General,,D,Jonathan Weinzapfel,26,90,231,347
Boone,EAGLE 12,U.S. House,5,R,Victoria Spartz,55,51,253,359
Boone,EAGLE 12,U.S. House,5,D,Christina Hale,21,95,238,354
Boone,EAGLE 12,U.S. House,5,L,Kenneth Tucker,7,3,13,23
Boone,EAGLE 12,U.S. House,5,,Write-In,0,0,0,0
Boone,EAGLE 12,State Representative,24,R,Donna Schaibley,60,63,279,402
Boone,EAGLE 12,State Representative,24,D,Naomo S Bechtold,23,87,222,332
Boone,EAGLE 13,Registered Voters,,,,,,,1894
Boone,EAGLE 13,Ballots Cast,,,,194,216,977,1387
Boone,EAGLE 13,President,,R,Trump\Pence,105,64,448,617
Boone,EAGLE 13,President,,D,Biden\Harris,76,143,503,722
Boone,EAGLE 13,President,,L,Jorgense\Cohen,12,5,19,36
Boone,EAGLE 13,President,,,Write-In,0,1,4,5
Boone,EAGLE 13,Governor,,R,Holcomb\Crouch,110,100,552,762
Boone,EAGLE 13,Governor,,D,Myers\Lawson,48,111,345,504
Boone,EAGLE 13,Governor,,L,Rainwater II / Henry,32,2,74,108
Boone,EAGLE 13,Attorney General,,R,Todd Rokita,101,80,507,688
Boone,EAGLE 13,Attorney General,,D,Jonathan Weinzapfel,70,127,442,639
Boone,EAGLE 13,U.S. House,5,R,Victoria Spartz,97,72,467,636
Boone,EAGLE 13,U.S. House,5,D,Christina Hale,76,130,465,671
Boone,EAGLE 13,U.S. House,5,L,Kenneth Tucker,16,7,35,58
Boone,EAGLE 13,U.S. House,5,,Write-In,0,0,0,0
Boone,EAGLE 13,State Representative,24,R,Donna Schaibley,113,81,524,718
Boone,EAGLE 13,State Representative,24,D,Naomo S Bechtold,70,126,434,630
Boone,EAGLE 14,Registered Voters,,,,,,,1231
Boone,EAGLE 14,Ballots Cast,,,,94,164,712,970
Boone,EAGLE 14,President,,R,Trump\Pence,67,46,319,432
Boone,EAGLE 14,President,,D,Biden\Harris,20,109,374,503
Boone,EAGLE 14,President,,L,Jorgense\Cohen,3,3,11,17
Boone,EAGLE 14,President,,,Write-In,4,1,3,8
Boone,EAGLE 14,Governor,,R,Holcomb\Crouch,75,80,466,621
Boone,EAGLE 14,Governor,,D,Myers\Lawson,7,72,208,287
Boone,EAGLE 14,Governor,,L,Rainwater II / Henry,12,11,34,57
Boone,EAGLE 14,Attorney General,,R,Todd Rokita,73,64,379,516
Boone,EAGLE 14,Attorney General,,D,Jonathan Weinzapfel,15,96,304,415
Boone,EAGLE 14,U.S. House,5,R,Victoria Spartz,73,62,352,487
Boone,EAGLE 14,U.S. House,5,D,Christina Hale,14,99,333,446
Boone,EAGLE 14,U.S. House,5,L,Kenneth Tucker,6,2,22,30
Boone,EAGLE 14,U.S. House,5,,Write-In,0,0,0,0
Boone,EAGLE 14,State Representative,24,R,Donna Schaibley,74,77,399,550
Boone,EAGLE 14,State Representative,24,D,Naomo S Bechtold,14,84,295,393
Boone,EAGLE 15,Registered Voters,,,,,,,682
Boone,EAGLE 15,Ballots Cast,,,,38,112,385,535
Boone,EAGLE 15,President,,R,Trump\Pence,28,38,198,264
Boone,EAGLE 15,President,,D,Biden\Harris,9,68,178,255
Boone,EAGLE 15,President,,L,Jorgense\Cohen,0,2,9,11
Boone,EAGLE 15,President,,,Write-In,1,2,0,3
Boone,EAGLE 15,Governor,,R,Holcomb\Crouch,27,64,244,335
Boone,EAGLE 15,Governor,,D,Myers\Lawson,5,40,110,155
Boone,EAGLE 15,Governor,,L,Rainwater II / Henry,6,1,31,38
Boone,EAGLE 15,Attorney General,,R,Todd Rokita,32,50,225,307
Boone,EAGLE 15,Attorney General,,D,Jonathan Weinzapfel,5,51,152,208
Boone,EAGLE 15,U.S. House,5,R,Victoria Spartz,29,48,218,295
Boone,EAGLE 15,U.S. House,5,D,Christina Hale,6,56,155,217
Boone,EAGLE 15,U.S. House,5,L,Kenneth Tucker,2,1,10,13
Boone,EAGLE 15,U.S. House,5,,Write-In,0,0,0,0
Boone,EAGLE 15,State Representative,24,R,Donna Schaibley,31,52,237,320
Boone,EAGLE 15,State Representative,24,D,Naomo S Bechtold,7,49,142,198
Boone,EAGLE 16,Registered Voters,,,,,,,891
Boone,EAGLE 16,Ballots Cast,,,,31,449,266,746
Boone,EAGLE 16,President,,R,Trump\Pence,24,189,127,340
Boone,EAGLE 16,President,,D,Biden\Harris,6,249,135,390
Boone,EAGLE 16,President,,L,Jorgense\Cohen,1,3,3,7
Boone,EAGLE 16,President,,,Write-In,0,2,1,3
Boone,EAGLE 16,Governor,,R,Holcomb\Crouch,20,293,162,475
Boone,EAGLE 16,Governor,,D,Myers\Lawson,6,145,91,242
Boone,EAGLE 16,Governor,,L,Rainwater II / Henry,5,1,10,16
Boone,EAGLE 16,Attorney General,,R,Todd Rokita,21,233,139,393
Boone,EAGLE 16,Attorney General,,D,Jonathan Weinzapfel,8,200,119,327
Boone,EAGLE 16,U.S. House,5,R,Victoria Spartz,20,204,134,358
Boone,EAGLE 16,U.S. House,5,D,Christina Hale,8,225,127,360
Boone,EAGLE 16,U.S. House,5,L,Kenneth Tucker,3,3,4,10
Boone,EAGLE 16,U.S. House,5,,Write-In,0,0,0,0
Boone,EAGLE 16,State Representative,24,R,Donna Schaibley,24,233,142,399
Boone,EAGLE 16,State Representative,24,D,Naomo S Bechtold,7,192,118,317
Boone,EAGLE 17,Registered Voters,,,,,,,1016
Boone,EAGLE 17,Ballots Cast,,,,85,153,481,719
Boone,EAGLE 17,President,,R,Trump\Pence,46,59,248,353
Boone,EAGLE 17,President,,D,Biden\Harris,31,91,220,342
Boone,EAGLE 17,President,,L,Jorgense\Cohen,8,2,10,20
Boone,EAGLE 17,President,,,Write-In,0,0,3,3
Boone,EAGLE 17,Governor,,R,Holcomb\Crouch,44,77,276,397
Boone,EAGLE 17,Governor,,D,Myers\Lawson,21,65,152,238
Boone,EAGLE 17,Governor,,L,Rainwater II / Henry,18,7,49,74
Boone,EAGLE 17,Attorney General,,R,Todd Rokita,49,59,271,379
Boone,EAGLE 17,Attorney General,,D,Jonathan Weinzapfel,30,87,197,314
Boone,EAGLE 17,U.S. House,5,R,Victoria Spartz,43,60,253,356
Boone,EAGLE 17,U.S. House,5,D,Christina Hale,28,86,203,317
Boone,EAGLE 17,U.S. House,5,L,Kenneth Tucker,11,3,18,32
Boone,EAGLE 17,U.S. House,5,,Write-In,0,0,0,0
Boone,EAGLE 17,State Representative,24,R,Donna Schaibley,48,89,283,400
Boone,EAGLE 17,State Representative,24,D,Naomo S Bechtold,32,78,187,297
Boone,EAGLE 18,Registered Voters,,,,,,,957
Boone,EAGLE 18,Ballots Cast,,,,74,187,479,740
Boone,EAGLE 18,President,,R,Trump\Pence,45,67,231,343
Boone,EAGLE 18,President,,D,Biden\Harris,21,114,226,361
Boone,EAGLE 18,President,,L,Jorgense\Cohen,5,3,13,21
Boone,EAGLE 18,President,,,Write-In,1,0,4,5
Boone,EAGLE 18,Governor,,R,Holcomb\Crouch,51,109,328,488
Boone,EAGLE 18,Governor,,D,Myers\Lawson,18,67,131,216
Boone,EAGLE 18,Governor,,L,Rainwater II / Henry,5,3,18,26
Boone,EAGLE 18,Attorney General,,R,Todd Rokita,52,87,275,414
Boone,EAGLE 18,Attorney General,,D,Jonathan Weinzapfel,21,92,193,306
Boone,EAGLE 18,U.S. House,5,R,Victoria Spartz,54,84,266,404
Boone,EAGLE 18,U.S. House,5,D,Christina Hale,17,91,202,310
Boone,EAGLE 18,U.S. House,5,L,Kenneth Tucker,3,6,8,17
Boone,EAGLE 18,U.S. House,5,,Write-In,0,0,0,0
Boone,EAGLE 18,State Representative,24,R,Donna Schaibley,54,94,289,437
Boone,EAGLE 18,State Representative,24,D,Naomo S Bechtold,19,84,186,289
Boone,EAGLE 19,Registered Voters,,,,,,,1492
Boone,EAGLE 19,Ballots Cast,,,,133,184,854,1171
Boone,EAGLE 19,President,,R,Trump\Pence,83,54,412,549
Boone,EAGLE 19,President,,D,Biden\Harris,45,119,410,574
Boone,EAGLE 19,President,,L,Jorgense\Cohen,4,8,24,36
Boone,EAGLE 19,President,,,Write-In,1,0,3,4
Boone,EAGLE 19,Governor,,R,Holcomb\Crouch,91,103,525,719
Boone,EAGLE 19,Governor,,D,Myers\Lawson,27,74,260,361
Boone,EAGLE 19,Governor,,L,Rainwater II / Henry,14,6,64,84
Boone,EAGLE 19,Attorney General,,R,Todd Rokita,91,76,452,619
Boone,EAGLE 19,Attorney General,,D,Jonathan Weinzapfel,34,106,372,512
Boone,EAGLE 19,U.S. House,5,R,Victoria Spartz,88,63,411,562
Boone,EAGLE 19,U.S. House,5,D,Christina Hale,38,109,396,543
Boone,EAGLE 19,U.S. House,5,L,Kenneth Tucker,5,7,33,45
Boone,EAGLE 19,U.S. House,5,,Write-In,0,0,0,0
Boone,EAGLE 19,State Representative,24,R,Donna Schaibley,90,77,452,619
Boone,EAGLE 19,State Representative,24,D,Naomo S Bechtold,37,100,377,514
Boone,EAGLE 20,Registered Voters,,,,,,,1895
Boone,EAGLE 20,Ballots Cast,,,,181,229,1031,1441
Boone,EAGLE 20,President,,R,Trump\Pence,100,81,465,646
Boone,EAGLE 20,President,,D,Biden\Harris,71,138,541,750
Boone,EAGLE 20,President,,L,Jorgense\Cohen,6,7,14,27
Boone,EAGLE 20,President,,,Write-In,2,0,5,7
Boone,EAGLE 20,Governor,,R,Holcomb\Crouch,106,117,567,790
Boone,EAGLE 20,Governor,,D,Myers\Lawson,38,98,374,510
Boone,EAGLE 20,Governor,,L,Rainwater II / Henry,32,10,79,121
Boone,EAGLE 20,Attorney General,,R,Todd Rokita,105,96,529,730
Boone,EAGLE 20,Attorney General,,D,Jonathan Weinzapfel,64,127,458,649
Boone,EAGLE 20,U.S. House,5,R,Victoria Spartz,110,81,470,661
Boone,EAGLE 20,U.S. House,5,D,Christina Hale,53,133,516,702
Boone,EAGLE 20,U.S. House,5,L,Kenneth Tucker,12,10,33,55
Boone,EAGLE 20,U.S. House,5,,Write-In,0,0,1,1
Boone,EAGLE 20,State Representative,24,R,Donna Schaibley,110,98,531,739
Boone,EAGLE 20,State Representative,24,D,Naomo S Bechtold,58,120,475,653
Boone,HARRISON,Registered Voters,,,,,,,551
Boone,HARRISON,Ballots Cast,,,,89,48,279,416
Boone,HARRISON,President,,R,Trump\Pence,73,28,212,313
Boone,HARRISON,President,,D,Biden\Harris,10,20,60,90
Boone,HARRISON,President,,L,Jorgense\Cohen,4,0,3,7
Boone,HARRISON,President,,,Write-In,0,0,0,0
Boone,HARRISON,Governor,,R,Holcomb\Crouch,47,34,149,230
Boone,HARRISON,Governor,,D,Myers\Lawson,6,10,42,58
Boone,HARRISON,Governor,,L,Rainwater II / Henry,33,4,85,122
Boone,HARRISON,Attorney General,,R,Todd Rokita,68,29,202,299
Boone,HARRISON,Attorney General,,D,Jonathan Weinzapfel,15,18,65,98
Boone,HARRISON,U.S. House,4,R,Jim Baird,75,28,222,325
Boone,HARRISON,U.S. House,4,D,Joe Mackey,11,18,54,83
Boone,HARRISON,U.S. House,4,,Write-In,0,0,0,0
Boone,HARRISON,State Representative,41,R,Tim Brown,80,29,215,324
Boone,HARRISON,State Representative,41,D,Greg A. Woods,6,18,58,82
Boone,JACKSON 1,Registered Voters,,,,,,,727
Boone,JACKSON 1,Ballots Cast,,,,220,51,242,513
Boone,JACKSON 1,President,,R,Trump\Pence,185,34,204,423
Boone,JACKSON 1,President,,D,Biden\Harris,27,16,36,79
Boone,JACKSON 1,President,,L,Jorgense\Cohen,5,0,2,7
Boone,JACKSON 1,President,,,Write-In,1,0,0,1
Boone,JACKSON 1,Governor,,R,Holcomb\Crouch,143,34,143,320
Boone,JACKSON 1,Governor,,D,Myers\Lawson,15,10,24,49
Boone,JACKSON 1,Governor,,L,Rainwater II / Henry,61,6,73,140
Boone,JACKSON 1,Attorney General,,R,Todd Rokita,171,33,200,404
Boone,JACKSON 1,Attorney General,,D,Jonathan Weinzapfel,39,13,31,83
Boone,JACKSON 1,U.S. House,4,R,Jim Baird,180,33,206,419
Boone,JACKSON 1,U.S. House,4,D,Joe Mackey,29,14,33,76
Boone,JACKSON 1,U.S. House,4,,Write-In,1,0,0,1
Boone,JACKSON 1,State Representative,41,R,Tim Brown,179,31,203,413
Boone,JACKSON 1,State Representative,41,D,Greg A. Woods,28,15,32,75
Boone,JACKSON 2,Registered Voters,,,,,,,683
Boone,JACKSON 2,Ballots Cast,,,,166,54,279,499
Boone,JACKSON 2,President,,R,Trump\Pence,134,23,202,359
Boone,JACKSON 2,President,,D,Biden\Harris,25,30,65,120
Boone,JACKSON 2,President,,L,Jorgense\Cohen,4,1,5,10
Boone,JACKSON 2,President,,,Write-In,0,0,0,0
Boone,JACKSON 2,Governor,,R,Holcomb\Crouch,89,27,150,266
Boone,JACKSON 2,Governor,,D,Myers\Lawson,21,21,51,93
Boone,JACKSON 2,Governor,,L,Rainwater II / Henry,54,4,75,133
Boone,JACKSON 2,Attorney General,,R,Todd Rokita,121,27,197,345
Boone,JACKSON 2,Attorney General,,D,Jonathan Weinzapfel,38,25,74,137
Boone,JACKSON 2,U.S. House,4,R,Jim Baird,132,27,200,359
Boone,JACKSON 2,U.S. House,4,D,Joe Mackey,27,26,69,122
Boone,JACKSON 2,U.S. House,4,,Write-In,0,0,0,0
Boone,JACKSON 2,State Representative,41,R,Tim Brown,130,27,202,359
Boone,JACKSON 2,State Representative,41,D,Greg A. Woods,25,25,66,116
Boone,JACKSON 3,Registered Voters,,,,,,,546
Boone,JACKSON 3,Ballots Cast,,,,141,31,225,397
Boone,JACKSON 3,President,,R,Trump\Pence,117,15,187,319
Boone,JACKSON 3,President,,D,Biden\Harris,17,14,34,65
Boone,JACKSON 3,President,,L,Jorgense\Cohen,5,1,3,9
Boone,JACKSON 3,President,,,Write-In,1,0,0,1
Boone,JACKSON 3,Governor,,R,Holcomb\Crouch,78,15,131,224
Boone,JACKSON 3,Governor,,D,Myers\Lawson,14,10,28,52
Boone,JACKSON 3,Governor,,L,Rainwater II / Henry,48,3,62,113
Boone,JACKSON 3,Attorney General,,R,Todd Rokita,110,16,179,305
Boone,JACKSON 3,Attorney General,,D,Jonathan Weinzapfel,25,11,35,71
Boone,JACKSON 3,U.S. House,4,R,Jim Baird,116,16,186,318
Boone,JACKSON 3,U.S. House,4,D,Joe Mackey,20,11,32,63
Boone,JACKSON 3,U.S. House,4,,Write-In,0,0,0,0
Boone,JACKSON 3,State Representative,41,R,Tim Brown,119,17,181,317
Boone,JACKSON 3,State Representative,41,D,Greg A. Woods,17,10,36,63
Boone,JEFFERSON,Registered Voters,,,,,,,1172
Boone,JEFFERSON,Ballots Cast,,,,237,81,582,900
Boone,JEFFERSON,President,,R,Trump\Pence,205,51,461,717
Boone,JEFFERSON,President,,D,Biden\Harris,23,25,106,154
Boone,JEFFERSON,President,,L,Jorgense\Cohen,8,4,11,23
Boone,JEFFERSON,President,,,Write-In,0,0,3,3
Boone,JEFFERSON,Governor,,R,Holcomb\Crouch,125,64,353,542
Boone,JEFFERSON,Governor,,D,Myers\Lawson,12,10,65,87
Boone,JEFFERSON,Governor,,L,Rainwater II / Henry,100,5,155,260
Boone,JEFFERSON,Attorney General,,R,Todd Rokita,197,53,454,704
Boone,JEFFERSON,Attorney General,,D,Jonathan Weinzapfel,31,23,100,154
Boone,JEFFERSON,U.S. House,4,R,Jim Baird,204,56,479,739
Boone,JEFFERSON,U.S. House,4,D,Joe Mackey,23,22,88,133
Boone,JEFFERSON,U.S. House,4,,Write-In,0,0,0,0
Boone,JEFFERSON,State Senate,7,R,Brian W Buchanan,209,52,481,742
Boone,JEFFERSON,State Senate,7,D,Tabitha N. Bartley,19,26,81,126
Boone,JEFFERSON,State Representative,41,R,Tim Brown,198,53,481,732
Boone,JEFFERSON,State Representative,41,D,Greg A. Woods,27,24,84,135
Boone,MARION 1,Registered Voters,,,,,,,454
Boone,MARION 1,Ballots Cast,,,,92,53,195,340
Boone,MARION 1,President,,R,Trump\Pence,73,31,157,261
Boone,MARION 1,President,,D,Biden\Harris,19,18,29,66
Boone,MARION 1,President,,L,Jorgense\Cohen,0,2,8,10
Boone,MARION 1,President,,,Write-In,0,0,0,0
Boone,MARION 1,Governor,,R,Holcomb\Crouch,47,37,116,200
Boone,MARION 1,Governor,,D,Myers\Lawson,8,12,21,41
Boone,MARION 1,Governor,,L,Rainwater II / Henry,37,2,52,91
Boone,MARION 1,Attorney General,,R,Todd Rokita,66,38,146,250
Boone,MARION 1,Attorney General,,D,Jonathan Weinzapfel,20,14,40,74
Boone,MARION 1,U.S. House,5,R,Victoria Spartz,71,33,145,249
Boone,MARION 1,U.S. House,5,D,Christina Hale,18,18,29,65
Boone,MARION 1,U.S. House,5,L,Kenneth Tucker,3,0,19,22
Boone,MARION 1,U.S. House,5,,Write-In,0,0,0,0
Boone,MARION 1,State Senate,7,R,Brian W Buchanan,75,35,164,274
Boone,MARION 1,State Senate,7,D,Tabitha N. Bartley,14,15,25,54
Boone,MARION 1,State Representative,41,R,Tim Brown,73,35,167,275
Boone,MARION 1,State Representative,41,D,Greg A. Woods,16,14,25,55
Boone,MARION 2,Registered Voters,,,,,,,518
Boone,MARION 2,Ballots Cast,,,,79,65,251,395
Boone,MARION 2,President,,R,Trump\Pence,71,32,193,296
Boone,MARION 2,President,,D,Biden\Harris,7,30,54,91
Boone,MARION 2,President,,L,Jorgense\Cohen,1,0,2,3
Boone,MARION 2,President,,,Write-In,0,0,0,0
Boone,MARION 2,Governor,,R,Holcomb\Crouch,44,33,176,253
Boone,MARION 2,Governor,,D,Myers\Lawson,6,24,39,69
Boone,MARION 2,Governor,,L,Rainwater II / Henry,29,6,33,68
Boone,MARION 2,Attorney General,,R,Todd Rokita,67,36,192,295
Boone,MARION 2,Attorney General,,D,Jonathan Weinzapfel,9,24,46,79
Boone,MARION 2,U.S. House,5,R,Victoria Spartz,62,30,180,272
Boone,MARION 2,U.S. House,5,D,Christina Hale,8,25,53,86
Boone,MARION 2,U.S. House,5,L,Kenneth Tucker,9,6,12,27
Boone,MARION 2,U.S. House,5,,Write-In,0,0,0,0
Boone,MARION 2,State Senate,7,R,Brian W Buchanan,69,36,200,305
Boone,MARION 2,State Senate,7,D,Tabitha N. Bartley,10,26,44,80
Boone,MARION 2,State Representative,41,R,Tim Brown,71,32,192,295
Boone,MARION 2,State Representative,41,D,Greg A. Woods,8,30,48,86
Boone,PERRY,Registered Voters,,,,,,,1108
Boone,PERRY,Ballots Cast,,,,136,146,551,833
Boone,PERRY,President,,R,Trump\Pence,109,70,374,553
Boone,PERRY,President,,D,Biden\Harris,20,71,161,252
Boone,PERRY,President,,L,Jorgense\Cohen,6,4,9,19
Boone,PERRY,President,,,Write-In,1,0,2,3
Boone,PERRY,Governor,,R,Holcomb\Crouch,86,94,338,518
Boone,PERRY,Governor,,D,Myers\Lawson,12,41,119,172
Boone,PERRY,Governor,,L,Rainwater II / Henry,37,11,87,135
Boone,PERRY,Attorney General,,R,Todd Rokita,108,80,381,569
Boone,PERRY,Attorney General,,D,Jonathan Weinzapfel,22,63,145,230
Boone,PERRY,U.S. House,4,R,Jim Baird,113,80,390,583
Boone,PERRY,U.S. House,4,D,Joe Mackey,19,61,147,227
Boone,PERRY,U.S. House,4,,Write-In,0,0,0,0
Boone,PERRY,State Representative,28,R,Jeffrey A Thompson,114,86,393,593
Boone,PERRY,State Representative,28,D,Eric C. Shotwell,17,57,142,216
Boone,SUGAR CREEK 1,Registered Voters,,,,,,,721
Boone,SUGAR CREEK 1,Ballots Cast,,,,144,60,293,497
Boone,SUGAR CREEK 1,President,,R,Trump\Pence,115,28,226,369
Boone,SUGAR CREEK 1,President,,D,Biden\Harris,22,30,61,113
Boone,SUGAR CREEK 1,President,,L,Jorgense\Cohen,5,2,4,11
Boone,SUGAR CREEK 1,President,,,Write-In,1,0,0,1
Boone,SUGAR CREEK 1,Governor,,R,Holcomb\Crouch,71,33,176,280
Boone,SUGAR CREEK 1,Governor,,D,Myers\Lawson,13,22,51,86
Boone,SUGAR CREEK 1,Governor,,L,Rainwater II / Henry,58,4,64,126
Boone,SUGAR CREEK 1,Attorney General,,R,Todd Rokita,112,32,219,363
Boone,SUGAR CREEK 1,Attorney General,,D,Jonathan Weinzapfel,28,26,64,118
Boone,SUGAR CREEK 1,U.S. House,4,R,Jim Baird,118,30,222,370
Boone,SUGAR CREEK 1,U.S. House,4,D,Joe Mackey,23,29,64,116
Boone,SUGAR CREEK 1,U.S. House,4,,Write-In,0,0,0,0
Boone,SUGAR CREEK 1,State Senate,7,R,Brian W Buchanan,121,32,225,378
Boone,SUGAR CREEK 1,State Senate,7,D,Tabitha N. Bartley,20,26,61,107
Boone,SUGAR CREEK 1,State Representative,41,R,Tim Brown,117,30,222,369
Boone,SUGAR CREEK 1,State Representative,41,D,Greg A. Woods,24,27,61,112
Boone,SUGAR CREEK 2,Registered Voters,,,,,,,827
Boone,SUGAR CREEK 2,Ballots Cast,,,,187,59,319,565
Boone,SUGAR CREEK 2,President,,R,Trump\Pence,159,26,243,428
Boone,SUGAR CREEK 2,President,,D,Biden\Harris,20,29,64,113
Boone,SUGAR CREEK 2,President,,L,Jorgense\Cohen,5,2,10,17
Boone,SUGAR CREEK 2,President,,,Write-In,0,0,0,0
Boone,SUGAR CREEK 2,Governor,,R,Holcomb\Crouch,107,38,184,329
Boone,SUGAR CREEK 2,Governor,,D,Myers\Lawson,10,15,36,61
Boone,SUGAR CREEK 2,Governor,,L,Rainwater II / Henry,66,6,95,167
Boone,SUGAR CREEK 2,Attorney General,,R,Todd Rokita,148,34,239,421
Boone,SUGAR CREEK 2,Attorney General,,D,Jonathan Weinzapfel,30,24,69,123
Boone,SUGAR CREEK 2,U.S. House,4,R,Jim Baird,156,31,249,436
Boone,SUGAR CREEK 2,U.S. House,4,D,Joe Mackey,24,27,63,114
Boone,SUGAR CREEK 2,U.S. House,4,,Write-In,0,0,0,0
Boone,SUGAR CREEK 2,State Senate,7,R,Brian W Buchanan,153,33,253,439
Boone,SUGAR CREEK 2,State Senate,7,D,Tabitha N. Bartley,23,25,54,102
Boone,SUGAR CREEK 2,State Representative,41,R,Tim Brown,154,34,239,427
Boone,SUGAR CREEK 2,State Representative,41,D,Greg A. Woods,21,24,65,110
Boone,UNION 1,Registered Voters,,,,,,,1462
Boone,UNION 1,Ballots Cast,,,,156,207,766,1129
Boone,UNION 1,President,,R,Trump\Pence,103,76,433,612
Boone,UNION 1,President,,D,Biden\Harris,43,124,315,482
Boone,UNION 1,President,,L,Jorgense\Cohen,9,6,9,24
Boone,UNION 1,President,,,Write-In,1,0,2,3
Boone,UNION 1,Governor,,R,Holcomb\Crouch,109,108,519,736
Boone,UNION 1,Governor,,D,Myers\Lawson,19,84,189,292
Boone,UNION 1,Governor,,L,Rainwater II / Henry,23,10,57,90
Boone,UNION 1,Attorney General,,R,Todd Rokita,111,88,482,681
Boone,UNION 1,Attorney General,,D,Jonathan Weinzapfel,39,110,264,413
Boone,UNION 1,U.S. House,5,R,Victoria Spartz,105,79,458,642
Boone,UNION 1,U.S. House,5,D,Christina Hale,38,113,289,440
Boone,UNION 1,U.S. House,5,L,Kenneth Tucker,9,8,10,27
Boone,UNION 1,U.S. House,5,,Write-In,0,0,0,0
Boone,UNION 1,State Senate,7,R,Brian W Buchanan,118,98,504,720
Boone,UNION 1,State Senate,7,D,Tabitha N. Bartley,30,101,252,383
Boone,UNION 1,State Representative,24,R,Donna Schaibley,117,87,497,701
Boone,UNION 1,State Representative,24,D,Naomo S Bechtold,31,112,257,400
Boone,UNION 2,Registered Voters,,,,,,,1238
Boone,UNION 2,Ballots Cast,,,,104,180,658,942
Boone,UNION 2,President,,R,Trump\Pence,74,89,433,596
Boone,UNION 2,President,,D,Biden\Harris,24,89,207,320
Boone,UNION 2,President,,L,Jorgense\Cohen,2,0,9,11
Boone,UNION 2,President,,,Write-In,2,2,2,6
Boone,UNION 2,Governor,,R,Holcomb\Crouch,74,120,438,632
Boone,UNION 2,Governor,,D,Myers\Lawson,14,50,132,196
Boone,UNION 2,Governor,,L,Rainwater II / Henry,16,2,79,97
Boone,UNION 2,Attorney General,,R,Todd Rokita,80,104,452,636
Boone,UNION 2,Attorney General,,D,Jonathan Weinzapfel,20,67,182,269
Boone,UNION 2,U.S. House,5,R,Victoria Spartz,82,92,439,613
Boone,UNION 2,U.S. House,5,D,Christina Hale,20,71,190,281
Boone,UNION 2,U.S. House,5,L,Kenneth Tucker,1,4,16,21
Boone,UNION 2,U.S. House,5,,Write-In,0,0,0,0
Boone,UNION 2,State Senate,7,R,Brian W Buchanan,85,112,474,671
Boone,UNION 2,State Senate,7,D,Tabitha N. Bartley,17,57,165,239
Boone,UNION 2,State Representative,24,R,Donna Schaibley,83,102,472,657
Boone,UNION 2,State Representative,24,D,Naomo S Bechtold,18,65,169,252
Boone,WASHINGTON,Registered Voters,,,,,,,1104
Boone,WASHINGTON,Ballots Cast,,,,153,93,568,814
Boone,WASHINGTON,President,,R,Trump\Pence,134,46,443,623
Boone,WASHINGTON,President,,D,Biden\Harris,11,40,109,160
Boone,WASHINGTON,President,,L,Jorgense\Cohen,6,2,8,16
Boone,WASHINGTON,President,,,Write-In,0,1,2,3
Boone,WASHINGTON,Governor,,R,Holcomb\Crouch,99,57,382,538
Boone,WASHINGTON,Governor,,D,Myers\Lawson,4,30,60,94
Boone,WASHINGTON,Governor,,L,Rainwater II / Henry,50,5,117,172
Boone,WASHINGTON,Attorney General,,R,Todd Rokita,125,55,443,623
Boone,WASHINGTON,Attorney General,,D,Jonathan Weinzapfel,16,35,108,159
Boone,WASHINGTON,U.S. House,4,R,Jim Baird,136,52,461,649
Boone,WASHINGTON,U.S. House,4,D,Joe Mackey,12,36,94,142
Boone,WASHINGTON,U.S. House,4,,Write-In,0,0,0,0
Boone,WASHINGTON,State Senate,7,R,Brian W Buchanan,136,52,470,658
Boone,WASHINGTON,State Senate,7,D,Tabitha N. Bartley,11,34,83,128
Boone,WASHINGTON,State Representative,41,R,Tim Brown,134,51,456,641
Boone,WASHINGTON,State Representative,41,D,Greg A. Woods,12,36,90,138
Boone,WORTH 1,Registered Voters,,,,,,,2461
Boone,WORTH 1,Ballots Cast,,,,298,232,1236,1766
Boone,WORTH 1,President,,R,Trump\Pence,196,75,658,929
Boone,WORTH 1,President,,D,Biden\Harris,85,148,536,770
Boone,WORTH 1,President,,L,Jorgense\Cohen,16,6,35,57
Boone,WORTH 1,President,,,Write-In,0,1,4,5
Boone,WORTH 1,Governor,,R,Holcomb\Crouch,165,117,713,995
Boone,WORTH 1,Governor,,D,Myers\Lawson,51,103,347,501
Boone,WORTH 1,Governor,,L,Rainwater II / Henry,79,9,169,257
Boone,WORTH 1,Attorney General,,R,Todd Rokita,194,94,719,1007
Boone,WORTH 1,Attorney General,,D,Jonathan Weinzapfel,90,132,476,698
Boone,WORTH 1,U.S. House,4,R,Jim Baird,210,87,737,1034
Boone,WORTH 1,U.S. House,4,D,Joe Mackey,75,135,473,683
Boone,WORTH 1,U.S. House,4,,Write-In,0,0,0,0
Boone,WORTH 1,State Representative,28,R,Jeffrey A Thompson,210,86,729,1025
Boone,WORTH 1,State Representative,28,D,Eric C. Shotwell,75,136,468,679
Boone,WORTH 2,Registered Voters,,,,,,,1106
Boone,WORTH 2,Ballots Cast,,,,147,148,564,859
Boone,WORTH 2,President,,R,Trump\Pence,98,64,366,528
Boone,WORTH 2,President,,D,Biden\Harris,37,80,188,305
Boone,WORTH 2,President,,L,Jorgense\Cohen,7,3,7,17
Boone,WORTH 2,President,,,Write-In,3,1,0,4
Boone,WORTH 2,Governor,,R,Holcomb\Crouch,80,82,337,499
Boone,WORTH 2,Governor,,D,Myers\Lawson,24,53,132,209
Boone,WORTH 2,Governor,,L,Rainwater II / Henry,36,7,89,132
Boone,WORTH 2,Attorney General,,R,Todd Rokita,99,79,383,561
Boone,WORTH 2,Attorney General,,D,Jonathan Weinzapfel,35,63,169,267
Boone,WORTH 2,U.S. House,4,R,Jim Baird,101,76,379,556
Boone,WORTH 2,U.S. House,4,D,Joe Mackey,33,64,171,268
Boone,WORTH 2,U.S. House,4,,Write-In,1,0,0,1
Boone,WORTH 2,State Representative,24,R,Donna Schaibley,101,75,376,552
Boone,WORTH 2,State Representative,24,D,Naomo S Bechtold,30,66,172,268
