county,precinct,office,district,party,candidate,votes
Huntington,cl.ear creek 2,State House,50.0,D,jorge fernandez,52
Huntington,cl.ear creek 2,State House,50.0,R,daniel j (dan) leonard,371
Huntington,cl.ear creek 2,State Senate,17.0,D,gary l snyder,65
Huntington,cl.ear creek 2,State Senate,17.0,,(r) andy zay,0
Huntington,cl.ear creek 2,U.S. House,,R,jim banks,351
Huntington,cl.ear creek 2,U.S. House,,,write in,1
Huntington,clear creek,State Senate,17.0,R,andy zay,426
Huntington,clear creek,State Treasurer,,D,john c agu1lera,98
Huntington,clear creek,State Treasurer,,R,kelly mitchell,422
Huntington,clear creek,U.S. House,3.0,D,courtney tritch,115
Huntington,clear creek,U.S. House,3.0,R,jim banks,421
Huntington,clear creek,U.S. House,3.0,,write in,0
Huntington,clear creek 1,State Auditor,,D,joselyn vvhitticker,100
Huntington,clear creek 1,State Auditor,,D,joselyn whitticker,100
Huntington,clear creek 1,State Auditor,,R,tera klutz,397
Huntington,clear creek 1,State Auditor,,,klutz,307
Huntington,clear creek 1,State House,50.0,D,jorge fernandez,86
Huntington,clear creek 1,State House,50.0,R,daniel j (dan) leonard,442
Huntington,clear creek 1,State Secretary,,D,jim harper,103
Huntington,clear creek 1,State Secretary,,,harper,103
Huntington,clear creek 1,State Senate,17.0,D,gary l snyder,102
Huntington,clear creek 1,State Senate,17.0,R ,andy zay,426
Huntington,clear creek 1,State Treasurer,,D,john c aguilera,98
Huntington,clear creek 1,State Treasurer,,R,kelly mitchell,422
Huntington,clear creek 1,U.S. House,3.0,D,courtney tritch,115
Huntington,clear creek 1,U.S. House,3.0,R,jim banks,421
Huntington,clear creek 1,U.S. House,3.0,,write in,0
Huntington,clear creek 1,U.S. Senate,,L,lucy m brenton,20
Huntington,clear creek 1,U.S. Senate,,,lucy m brenton,20
Huntington,clear creek 1,U.S. Senate,,,write in,0
Huntington,clear creek 2,State Auditor,,D,joselyn whitticker,58
Huntington,clear creek 2,State Auditor,,L,john schick,13
Huntington,clear creek 2,State Auditor,,R,tera klutz,349
Huntington,clear creek 2,State House,50.0,D,jorge fernandez,52
Huntington,clear creek 2,State House,50.0,R,daniel j (dan) leonard,371
Huntington,clear creek 2,State Secretary,,D,jim harper,64
Huntington,clear creek 2,State Secretary,,R,connie lavvson,354
Huntington,clear creek 2,State Secretary,,R,connie lawson,354
Huntington,clear creek 2,State Senate,17.0,D,gary l snyder,65
Huntington,clear creek 2,State Senate,17.0,R ,andy zay,359
Huntington,clear creek 2,State Treasurer,,D,john c aguilera,60
Huntington,clear creek 2,State Treasurer,,R,kelly mitchell,358
Huntington,clear creek 2,U.S. House,3.0,D,courtney tritch,80
Huntington,clear creek 2,U.S. House,3.0,R,jim banks,351
Huntington,clear creek 2,U.S. House,3.0,,write in,1
Huntington,clear creek 2,U.S. Senate,,D,joe donnelly,95
Huntington,clear creek 2,U.S. Senate,,L,lucy m brenton,11
Huntington,clear creek 2,U.S. Senate,,,joe donnelly,95
Huntington,clear creek 2,U.S. Senate,,,write in,0
Huntington,dallas 1,State Auditor,,R,tera klutz,327
Huntington,dallas 1,State House,50.0,D,jorge fernandez,64
Huntington,dallas 1,State House,50.0,,jorge fernandez,64
Huntington,dallas 1,State Secretary,,D,jim harper,72
Huntington,dallas 1,State Secretary,,L,mark w rutherford,16
Huntington,dallas 1,State Secretary,,R,connie lawson,339
Huntington,dallas 1,State Secretary,,,write in,0
Huntington,dallas 1,State Senate,17.0,R,andy zay,348
Huntington,dallas 1,State Senate,17.0,R ,andy zay,348
Huntington,dallas 1,State Treasurer,,R,kelly niitchell,340
Huntington,dallas 1,State Treasurer,,R,kelly mitchell,340
Huntington,dallas 1,U.S. House,3.0,D,courtney tritch,81
Huntington,dallas 1,U.S. House,3.0,R,jim banks,348
Huntington,dallas 1,U.S. House,3.0,,write in,0
Huntington,dallas 1,U.S. Senate,,D,joe donnelly,96
Huntington,dallas 1,U.S. Senate,,,(d) joe donnelly,96
Huntington,dallas 2,State House,50.0,D,jorge fernandez,56
Huntington,dallas 2,State House,50.0,R,daniel j (dan) leonard,169
Huntington,dallas 2,State Secretary,,R,connie lawson,171
Huntington,dallas 2,State Senate,17.0,D,gary l snyder,50
Huntington,dallas 2,State Senate,17.0,D,gary l snyder,56
Huntington,dallas 2,State Senate,17.0,R ,andy zay,169
Huntington,dallas 2,State Senate,17.0,,zay,169
Huntington,dallas 2,State Treasurer,,D,sohn a aguilera,52
Huntington,dallas 2,State Treasurer,,D,courtney fritch,59
Huntington,dallas 2,State Treasurer,,D,john c aguilera,52
Huntington,dallas 2,State Treasurer,,R,jim banks,168
Huntington,dallas 2,State Treasurer,,R,kelly mitchell,174
Huntington,dallas 2,State Treasurer,,,kelly mitchell,174
Huntington,dallas 2,State Treasurer,,,write in,1
Huntington,dallas 2,U.S. House,3.0,D,courtney tritch,59
Huntington,dallas 2,U.S. House,3.0,R,jim banks,168
Huntington,dallas 2,U.S. House,3.0,,write in,1
Huntington,hunting ton 6,State Senate,17.0,D,gary l snyder,111
Huntington,hunting ton 6,State Senate,17.0,R,andy zay,339
Huntington,hunting ton 6,State Treasurer,,R,kelly m/tchell,330
Huntington,hunting ton 6,State Treasurer,,,john c aguilera,106
Huntington,hunting ton 6,U.S. House,3.0,D,courtney tritch,127
Huntington,hunting ton 6,U.S. House,3.0,R,jim banks,325
Huntington,hunting ton 6,U.S. House,3.0,,write in,0
Huntington,huntington 1,State Auditor,,D,joselyn whitticker,72
Huntington,huntington 1,State Auditor,,L,john schick,13
Huntington,huntington 1,State Auditor,,R,tera klutz,148
Huntington,huntington 1,State Auditor,,,(r) tera klutz,148
Huntington,huntington 1,State Auditor,,,joselyn whitticker,72
Huntington,huntington 1,State House,50.0,D,jorge fernandez,69
Huntington,huntington 1,State House,50.0,R,daniel j (dan) leonard ',163
Huntington,huntington 1,State House,50.0,R,daniel j (dan) leonard,163
Huntington,huntington 1,State House,50.0,,jorge fernandez,89
Huntington,huntington 1,State Secretary,,D,jim harper,68
Huntington,huntington 1,State Secretary,,L,mark w rutherford,14
Huntington,huntington 1,State Secretary,,R,connie lawson,155
Huntington,huntington 1,State Secretary,,,write in,0
Huntington,huntington 1,State Senate,17.0,D,gary l snyder,80
Huntington,huntington 1,State Senate,17.0,R ,andy zay,156
Huntington,huntington 1,State Treasurer,,D,john c aguilera,72
Huntington,huntington 1,State Treasurer,,R,kelly mitchell,157
Huntington,huntington 1,U.S. House,3.0,D,courtney tritch,79
Huntington,huntington 1,U.S. House,3.0,R,jim banks,157
Huntington,huntington 1,U.S. Senate,,D,joe donnelly,78
Huntington,huntington 1,U.S. Senate,,L,lucy m brenton,25
Huntington,huntington 1,U.S. Senate,,R,mike braun,138
Huntington,huntington 1,U.S. Senate,,,write in,0
Huntington,huntington 10,State Auditor,,D,joselyn whitticker,68
Huntington,huntington 10,State Auditor,,,joselyn whitticker,68
Huntington,huntington 10,State House,50.0,R,daniel j (dan) leonard,166
Huntington,huntington 10,State House,50.0,,daniel i (dan) leonard,166
Huntington,huntington 10,State Secretary,,D,jim harper,64
Huntington,huntington 10,State Secretary,,L,mark w rutherford,17
Huntington,huntington 10,State Secretary,,R,connie lawson,153
Huntington,huntington 10,State Secretary,,,write in,0
Huntington,huntington 10,State Senate,17.0,D,gary l snyder,85
Huntington,huntington 10,State Senate,17.0,R ,andy zay,148
Huntington,huntington 10,State Treasurer,,D,john c aguilera,64
Huntington,huntington 10,State Treasurer,,R,kelly mitchell,165
Huntington,huntington 10,State Treasurer,,,kelly mitchell,166
Huntington,huntington 10,State Treasurer,,,c aguilera,64
Huntington,huntington 10,U.S. House,3.0,D,courtney tritch,69
Huntington,huntington 10,U.S. Senate,,D,joe donnelly,78
Huntington,huntington 10,U.S. Senate,,L,lucy m 611enton,20
Huntington,huntington 10,U.S. Senate,,L,lucy m brenton,20
Huntington,huntington 10,U.S. Senate,,R,mike i3ftaun,137
Huntington,huntington 10,U.S. Senate,,R,mike braun,137
Huntington,huntington 10,U.S. Senate,,,joe donnelly,78
Huntington,huntington 11,State Auditor,,D,joselyn whitticker,82
Huntington,huntington 11,State Auditor,,L,john schick,16
Huntington,huntington 11,State Auditor,,R,tera klutz,290
Huntington,huntington 11,State House,50.0,D,jorge fernandez,81
Huntington,huntington 11,State House,50.0,R,daniel j (dan) leonard,317
Huntington,huntington 11,State Secretary,,D,jim harper,83
Huntington,huntington 11,State Secretary,,L,mark w rutherford,15
Huntington,huntington 11,State Secretary,,,mark in rutherford,15
Huntington,huntington 11,State Secretary,,,write in,0
Huntington,huntington 11,State Senate,17.0,D,gary l snyder,95
Huntington,huntington 11,State Senate,17.0,R ,andy zay,296
Huntington,huntington 11,State Treasurer,,D,john c aguilera,81
Huntington,huntington 11,State Treasurer,,R,kelly mitchell,307
Huntington,huntington 11,U.S. House,3.0,D,courtney tritch,100
Huntington,huntington 11,U.S. House,3.0,R,jim banks,294
Huntington,huntington 11,U.S. House,3.0,,write in,0
Huntington,huntington 11,U.S. Senate,,D,joe donnelly,109
Huntington,huntington 11,U.S. Senate,,L,lucy m brenton,18
Huntington,huntington 11,U.S. Senate,,R,mike braun,269
Huntington,huntington 11,U.S. Senate,,,write in,0
Huntington,huntington 11a,State Auditor,,D,joselyn whitticker,88
Huntington,huntington 11a,State Auditor,,L,john schick,7
Huntington,huntington 11a,State Auditor,,R,tera klutz,235
Huntington,huntington 11a,State Secretary,,R,connie lavvson,243
Huntington,huntington 11a,State Secretary,,R,connie lawson,243
Huntington,huntington 11a,State Secretary,,,,0
Huntington,huntington 11a,State Secretary,,,write in,0
Huntington,huntington 11a,State Senate,17.0,R,andy zay,250
Huntington,huntington 11a,State Senate,17.0,R ,andy zay,250
Huntington,huntington 11a,State Treasurer,,D,john c aguilera,82
Huntington,huntington 11a,State Treasurer,,R,kelly mitchell,247
Huntington,huntington 11a,U.S. House,3.0,D,courtney tritch,81
Huntington,huntington 11a,U.S. House,3.0,R,jim banks,252
Huntington,huntington 11a,U.S. House,3.0,,write in,0
Huntington,huntington 11a,U.S. House,,D,courtney tritch,81
Huntington,huntington 11a,U.S. House,,R,jim banks,252
Huntington,huntington 11a,U.S. House,,,write in,0
Huntington,huntington 12,State Auditor,,D,john c: aguilera,54
Huntington,huntington 12,State Auditor,,D,joselyn whitticker,57
Huntington,huntington 12,State Auditor,,L,john schick,3
Huntington,huntington 12,State Auditor,,R,kelly mitchell,210
Huntington,huntington 12,State Auditor,,R,tera klutz,206
Huntington,huntington 12,State House,50.0,D,jorge fernandez,46
Huntington,huntington 12,State House,50.0,R,danielj (dan) leonard,226
Huntington,huntington 12,State House,50.0,R,daniel j (dan) leonard,226
Huntington,huntington 12,State House,50.0,,jorge fernandez,46
Huntington,huntington 12,State Secretary,,D,jim harper,51
Huntington,huntington 12,State Secretary,,L,mark w rutherford,6
Huntington,huntington 12,State Secretary,,R,connie lawson,215
Huntington,huntington 12,State Secretary,,,write in,0
Huntington,huntington 12,State Senate,17.0,R,andy 2ay,203
Huntington,huntington 12,State Treasurer,,D,john c aguilera,54
Huntington,huntington 12,State Treasurer,,R,kelly mitchell,210
Huntington,huntington 12,U.S. House,3.0,D,courtney tfutch,55
Huntington,huntington 12,U.S. House,3.0,D,courtney tritch,55
Huntington,huntington 12,U.S. Senate,,D,joe donnelly,60
Huntington,huntington 12,U.S. Senate,,L,lucy m brenton,10
Huntington,huntington 12,U.S. Senate,,R,mike braun,205
Huntington,huntington 12,U.S. Senate,,,write in,0
Huntington,huntington 12a,State Auditor,,D,jos elyn whitticker,81
Huntington,huntington 12a,State Auditor,,D,joselyn whitticker,81
Huntington,huntington 12a,State House,50.0,D,jorge fernandez,81
Huntington,huntington 12a,State House,50.0,R,daniel j (dan) leonard,331
Huntington,huntington 12a,State Secretary,,R,connie lavvson,311
Huntington,huntington 12a,State Secretary,,R,connie lawson,311
Huntington,huntington 12a,State Secretary,,,write in,0
Huntington,huntington 12a,State Senate,17.0,D,gary l snyder,4
Huntington,huntington 12a,State Senate,17.0,D,gary l snyder,94
Huntington,huntington 12a,State Senate,17.0,R,and`e zay,312
Huntington,huntington 12a,State Senate,17.0,R ,andy zay,312
Huntington,huntington 12a,State Treasurer,,D,john c aguilera,82
Huntington,huntington 12a,State Treasurer,,R,kelly mitchell,313
Huntington,huntington 12a,U.S. House,3.0,D,courtney tritch,96
Huntington,huntington 12a,U.S. House,3.0,R,jim banks,312
Huntington,huntington 12a,U.S. House,3.0,,write in,0
Huntington,huntington 12a,U.S. Senate,,D,joe donnelly,96
Huntington,huntington 12a,U.S. Senate,,L,lucy m brenton,20
Huntington,huntington 12a,U.S. Senate,,R,mike braun,300
Huntington,huntington 12a,U.S. Senate,,,write in,0
Huntington,huntington 1:1,State Senate,17.0,D,gary l snyder,95
Huntington,huntington 1:1,State Senate,17.0,R,andy zay,296
Huntington,huntington 1:1,U.S. House,,R,jim banks,294
Huntington,huntington 1:1,U.S. House,,,courtney triton,100
Huntington,huntington 1:1,U.S. House,,,write in,0
Huntington,huntington 1a,State Auditor,,D,joselyn whitticker,31
Huntington,huntington 1a,State Auditor,,L,john schick,10
Huntington,huntington 1a,State Auditor,,R,tera klutz,83
Huntington,huntington 1a,State House,50.0,D,jorge fernandez,40
Huntington,huntington 1a,State House,50.0,,jorge fernandez,40
Huntington,huntington 1a,State Secretary,,D,jim harper,33
Huntington,huntington 1a,State Secretary,,L,mark w rutherford,11
Huntington,huntington 1a,State Secretary,,R,connie lawson,84
Huntington,huntington 1a,State Secretary,,,write in,0
Huntington,huntington 1a,State Senate,17.0,R,andy zay,89
Huntington,huntington 1a,State Senate,17.0,R ,andy zay,89
Huntington,huntington 1a,State Treasurer,,D,john c agoilera,34
Huntington,huntington 1a,State Treasurer,,D,john c aguilera,34
Huntington,huntington 1a,U.S. House,3.0,D,courtney tritch,43
Huntington,huntington 1a,U.S. House,3.0,,write in,0
Huntington,huntington 1a,U.S. Senate,,D,joe donnelly,41
Huntington,huntington 1a,U.S. Senate,,L,lucy m brenton,12
Huntington,huntington 1a,U.S. Senate,,R,mike braun,79
Huntington,huntington 1a,U.S. Senate,,,write in,0
Huntington,huntington 2,State Auditor,,D,joselyn whitticker,83
Huntington,huntington 2,State Auditor,,L,john schick,17
Huntington,huntington 2,State Auditor,,R,tera klutz,198
Huntington,huntington 2,State House,50.0,D,jorge fernandez,90
Huntington,huntington 2,State House,50.0,R,daniel j (dan) leonard,223
Huntington,huntington 2,State Secretary,,D,jim harper,76
Huntington,huntington 2,State Secretary,,L,mark w rutherford,19
Huntington,huntington 2,State Secretary,,R,connie lawson,210
Huntington,huntington 2,State Secretary,,,write in,0
Huntington,huntington 2,State Senate,17.0,D,gary l snyder,92
Huntington,huntington 2,State Senate,17.0,R ,andy zay,208
Huntington,huntington 2,State Senate,,,andy zay,208
Huntington,huntington 2,State Treasurer,,D,john c aguilera,85
Huntington,huntington 2,State Treasurer,,,john o aguilera,85
Huntington,huntington 2,U.S. House,3.0,D,courtn ey tritch,97
Huntington,huntington 2,U.S. House,3.0,D,courtney tritch,97
Huntington,huntington 2,U.S. House,3.0,R,jim ranks,208
Huntington,huntington 2,U.S. House,3.0,R,jim banks,208
Huntington,huntington 2,U.S. House,3.0,,,0
Huntington,huntington 2,U.S. House,3.0,,write in,0
Huntington,huntington 2,U.S. Senate,,D,joe donnelly,107
Huntington,huntington 2,U.S. Senate,,L,lucy m brenton,24
Huntington,huntington 2,U.S. Senate,,R,mike braun,179
Huntington,huntington 2,U.S. Senate,,,write in,0
Huntington,huntington 2a,State Auditor,,D,joselyn whitticker,74
Huntington,huntington 2a,State Auditor,,L,john schick,22
Huntington,huntington 2a,State Auditor,,R,tera klutz,206
Huntington,huntington 2a,State House,50.0,D,jorge fernandez,76
Huntington,huntington 2a,State House,50.0,R,daniel j (dan) leonard,227
Huntington,huntington 2a,State House,56.0,D,jorge fernandez,76
Huntington,huntington 2a,State House,56.0,R,daniel j (dan) leonard,227
Huntington,huntington 2a,State Secretary,,R,connie lavvson,208
Huntington,huntington 2a,State Secretary,,R,connie lawson,208
Huntington,huntington 2a,State Senate,17.0,R ,andy zay,214
Huntington,huntington 2a,State Senate,17.0,,zay,214
Huntington,huntington 2a,U.S. House,3.0,D,courtney tritch,94
Huntington,huntington 2a,U.S. House,3.0,R,jim banks,212
Huntington,huntington 2a,U.S. House,3.0,,write in,0
Huntington,huntington 2a,U.S. House,,R,jim banks,212
Huntington,huntington 2a,U.S. House,,,courtney tritch,94
Huntington,huntington 2a,U.S. House,,,write in,0
Huntington,huntington 3,State Auditor,,D,joselyn whitticker,82
Huntington,huntington 3,State Auditor,,L,john schick,14
Huntington,huntington 3,State Auditor,,R,tera klutz,168
Huntington,huntington 3,State House,50.0,R,daniel j (dan) leonard,197
Huntington,huntington 3,State House,50.0,,) daniel j (dan) leonard,197
Huntington,huntington 3,State Secretary,,D,jim harper,83
Huntington,huntington 3,State Secretary,,L,mark w rutherford,14
Huntington,huntington 3,State Secretary,,R,connie lawson,176
Huntington,huntington 3,State Secretary,,,write in,0
Huntington,huntington 3,State Senate,17.0,R,andy zay,189
Huntington,huntington 3,State Senate,17.0,R ,andy zay,189
Huntington,huntington 3,U.S. Senate,,D,joe donnelly,97
Huntington,huntington 3,U.S. Senate,,L,"lucym, brenton",16
Huntington,huntington 3,U.S. Senate,,L,lucy m brenton,16
Huntington,huntington 3,U.S. Senate,,R,mike braun,163
Huntington,huntington 3,U.S. Senate,,,,0
Huntington,huntington 3,U.S. Senate,,,write in,0
Huntington,huntington 4,State Auditor,,R,tera klutz,347
Huntington,huntington 4,State House,50.0,D,jorge fernandez,89
Huntington,huntington 4,State House,50.0,R,daniel 4 (dan) leonard,387
Huntington,huntington 4,State House,50.0,R,daniel j (dan) leonard,387
Huntington,huntington 4,State House,50.0,,jorge fernandez,89
Huntington,huntington 4,State Secretary,,D,jim harper,93
Huntington,huntington 4,State Secretary,,L,mark w rutherford,18
Huntington,huntington 4,State Secretary,,R,connie lawson,368
Huntington,huntington 4,State Secretary,,,write in,0
Huntington,huntington 4,State Senate,17.0,R,andy zay,368
Huntington,huntington 4,State Senate,17.0,R ,andy zay,368
Huntington,huntington 4,U.S. House,3.0,D,courtney tritch,135
Huntington,huntington 4,U.S. House,3.0,D,courtney tritch,105
Huntington,huntington 4,U.S. Senate,,L,lucy m brenton,19
Huntington,huntington 4,U.S. Senate,,,lucy m brenton,19
Huntington,huntington 5,State Auditor,,D,joselyn whitticker,124
Huntington,huntington 5,State Auditor,,L,john schick,21
Huntington,huntington 5,State Auditor,,R,tera klutz,164
Huntington,huntington 5,State House,50.0,R,daniel j (dan) leonard,198
Huntington,huntington 5,State Secretary,,D,jim harper,116
Huntington,huntington 5,State Secretary,,L,mark w rutherford,26
Huntington,huntington 5,State Secretary,,R,connie lawson,176
Huntington,huntington 5,State Secretary,,,write in,0
Huntington,huntington 5,State Senate,17.0,D,gary l snyder,129
Huntington,huntington 5,State Senate,17.0,R ,andy zay,184
Huntington,huntington 5,U.S. House,3.0,,,0
Huntington,huntington 5,U.S. House,3.0,,write in,0
Huntington,huntington 5,U.S. Senate,,D,joe oonnelly,140
Huntington,huntington 5,U.S. Senate,,D,joe donnelly,140
Huntington,huntington 5,U.S. Senate,,L,lucy m brenton,24
Huntington,huntington 5,U.S. Senate,,R,mike braun,157
Huntington,huntington 5a,State House,50.0,D,jorge fernandez,102
Huntington,huntington 5a,State House,50.0,R,daniel j (dan) leonard,254
Huntington,huntington 5a,State Secretary,,D,jim harper,105
Huntington,huntington 5a,State Secretary,,L,"mark w, rutherford",13
Huntington,huntington 5a,State Secretary,,L,mark w rutherford,13
Huntington,huntington 5a,State Secretary,,,jim harper,105
Huntington,huntington 5a,State Senate,17.0,D,gary l snyder,116
Huntington,huntington 5a,State Senate,17.0,R ,andy zay,241
Huntington,huntington 5a,State Treasurer,,D,john c aguilera,99
Huntington,huntington 5a,State Treasurer,,R,kelly mitchell,252
Huntington,huntington 5a,U.S. House,3.0,D,courtney tritch,117
Huntington,huntington 5a,U.S. House,3.0,R,jim banks,244
Huntington,huntington 5a,U.S. House,3.0,,write in,0
Huntington,huntington 5a,U.S. Senate,,D,joe donnelly,120
Huntington,huntington 5a,U.S. Senate,,L,lucy m brenton,26
Huntington,huntington 5a,U.S. Senate,,R,mike braun,214
Huntington,huntington 5a,U.S. Senate,,,write in,1
Huntington,huntington 6,State Auditor,,D,joselyn whitticker,98
Huntington,huntington 6,State Auditor,,R,tera klutz,321
Huntington,huntington 6,State Auditor,,,tera klutz,321
Huntington,huntington 6,State Auditor,,,jos elyn vvhitticker,95
Huntington,huntington 6,State House,50.0,D,jorge fernandez,97
Huntington,huntington 6,State House,50.0,R,daniel j (dan) leonard,352
Huntington,huntington 6,State Secretary,,D,jim harper,101
Huntington,huntington 6,State Secretary,,L,mark w rutherford,17
Huntington,huntington 6,State Secretary,,R,connie lawson,333
Huntington,huntington 6,State Secretary,,,write in,0
Huntington,huntington 6,State Senate,17.0,D,gary l snyder,111
Huntington,huntington 6,State Senate,17.0,R ,andy zay,339
Huntington,huntington 6,State Treasurer,,D,john c aguilera,106
Huntington,huntington 6,State Treasurer,,R,kelly mitchell,330
Huntington,huntington 6,U.S. House,3.0,D,courtney tritch,127
Huntington,huntington 6,U.S. House,3.0,R,jim banks,325
Huntington,huntington 6,U.S. House,3.0,,write in,0
Huntington,huntington 6,U.S. Senate,,D,joe donnelly,144
Huntington,huntington 6,U.S. Senate,,L,lucy m brenton,24
Huntington,huntington 6,U.S. Senate,,R,mike braun,287
Huntington,huntington 6,U.S. Senate,,,write in,1
Huntington,huntington 6a,State Auditor,,L,john schick,12
Huntington,huntington 6a,State Auditor,,R,tera klutz,274
Huntington,huntington 6a,State Auditor,,,klutz,274
Huntington,huntington 6a,State Auditor,,,john schick,12
Huntington,huntington 6a,State House,50.0,D,jorge fernandez,117
Huntington,huntington 6a,State House,50.0,R,daniel j (dan) leonard,291
Huntington,huntington 6a,State Secretary,,D,jim harper,113
Huntington,huntington 6a,State Secretary,,L,mark w rutherford,18
Huntington,huntington 6a,State Secretary,,R,connie lawson,278
Huntington,huntington 6a,State Secretary,,,write in,1
Huntington,huntington 6a,State Senate,17.0,D,gary l snyder,119
Huntington,huntington 6a,State Senate,17.0,R ,andy zay,286
Huntington,huntington 6a,State Treasurer,,D,john c aguilera,120
Huntington,huntington 6a,State Treasurer,,R,kelly mitchell,286
Huntington,huntington 6a,U.S. House,3.0,D,courtney tritch,132
Huntington,huntington 6a,U.S. House,3.0,R,jim banks,282
Huntington,huntington 6a,U.S. House,3.0,,write in,0
Huntington,huntington 6a,U.S. Senate,,D,joe donnelly,136
Huntington,huntington 6a,U.S. Senate,,L,lucy m brenton,27
Huntington,huntington 6a,U.S. Senate,,,joe donnelly,136
Huntington,huntington 7,State Auditor,,D,joselyn whitticker,74
Huntington,huntington 7,State Auditor,,L,john schick,13
Huntington,huntington 7,State Auditor,,R,tera klutz,164
Huntington,huntington 7,State House,50.0,D,jorge fernandez,68
Huntington,huntington 7,State House,50.0,R,daniel j (dan) leonard,189
Huntington,huntington 7,State House,,R,daniel j (dan) leonard,189
Huntington,huntington 7,State House,,,(0) jorge fernandez,68
Huntington,huntington 7,State Secretary,,L,mark w rutherford,18
Huntington,huntington 7,State Secretary,,,schick,13
Huntington,huntington 7,State Secretary,,,write in,0
Huntington,huntington 7,State Senate,17.0,R,andy zay,182
Huntington,huntington 7,State Senate,17.0,R ,andy zay,182
Huntington,huntington 7,U.S. House,3.0,D,courtney tritch,76
Huntington,huntington 7,U.S. House,3.0,,courtney tritch,76
Huntington,huntington 7,U.S. House,3.0,,write in,0
Huntington,huntington 7a,State Auditor,,D,joselyn whittioker,94
Huntington,huntington 7a,State Auditor,,D,joselyn whitticker,94
Huntington,huntington 7a,State House,50.0,D,jorge fernandez,88
Huntington,huntington 7a,State House,50.0,R,daniel j (dan) leonard,282
Huntington,huntington 7a,State Secretary,,D,jim harper,86
Huntington,huntington 7a,State Secretary,,L,mark w rutherford,14
Huntington,huntington 7a,State Secretary,,R,connie lawson,278
Huntington,huntington 7a,State Secretary,,,connie lavvson,0
Huntington,huntington 7a,State Secretary,,,jim 11iarpea,86
Huntington,huntington 7a,State Secretary,,,write in,1
Huntington,huntington 7a,State Senate,17.0,D,gary l snyder,89
Huntington,huntington 7a,State Senate,17.0,R ,andy zay,281
Huntington,huntington 7a,State Treasurer,,D,john c aguilera,94
Huntington,huntington 7a,State Treasurer,,R,kelly mitchell,271
Huntington,huntington 7a,U.S. House,3.0,D,courtney tritch,95
Huntington,huntington 7a,U.S. House,3.0,R,jim banks,279
Huntington,huntington 8,State Auditor,,D,joselyn whitticker,104
Huntington,huntington 8,State Auditor,,,joselyn whittickef,104
Huntington,huntington 8,State Secretary,,D,jim harper,106
Huntington,huntington 8,State Secretary,,L,mark w rutherford,20
Huntington,huntington 8,State Secretary,,R,connie lawson,206
Huntington,huntington 8,State Secretary,,,write in,1
Huntington,huntington 8,State Senate,17.0,D,gary l snyder,116
Huntington,huntington 8,State Senate,17.0,R,andy lay,218
Huntington,huntington 8,State Senate,17.0,R ,andy zay,218
Huntington,huntington 8,State Senate,17.0,,gary l snyder,116
Huntington,huntington 8,U.S. House,3.0,D,courtney tritch,119
Huntington,huntington 8,U.S. House,3.0,,courtney tritch,119
Huntington,huntington 8,U.S. House,3.0,,,0
Huntington,huntington 8,U.S. House,3.0,,write in,0
Huntington,huntington 8,U.S. Senate,,D,joe donnelly,117
Huntington,huntington 8,U.S. Senate,,,joe donnelly,117
Huntington,huntington 9,State Auditor,,D,joselyn whitticker,76
Huntington,huntington 9,State Auditor,,L,john schick,20
Huntington,huntington 9,State Auditor,,R,tera klutz,195
Huntington,huntington 9,State Secretary,,D,jim harper,77
Huntington,huntington 9,State Secretary,,L,mark w rutherford,21
Huntington,huntington 9,State Secretary,,R,connie lawson,204
Huntington,huntington 9,State Secretary,,,write in,1
Huntington,huntington 9,State Senate,17.0,D,gary l snyder,88
Huntington,huntington 9,State Senate,17.0,R ,andy zay,201
Huntington,huntington 9,State Senate,,R,andy zay,201
Huntington,huntington 9,State Senate,,,gary l snyder,88
Huntington,huntington 9,State Treasurer,,D,john c aguilefta,77
Huntington,huntington 9,State Treasurer,,D,john c aguilera,77
Huntington,huntington 9,U.S. House,3.0,D,courtney triton,94
Huntington,huntington 9,U.S. House,3.0,D,courtney tritch,94
Huntington,huntington 9,U.S. House,3.0,R,jim ranks,205
Huntington,huntington 9,U.S. House,3.0,R,jim banks,205
Huntington,huntington 9,U.S. House,3.0,,write-in,0
Huntington,huntington 9,U.S. House,3.0,,write in,0
Huntington,huntington 9,U.S. Senate,,D,joe donnelly,97
Huntington,huntington 9,U.S. Senate,,R,mike braun,195
Huntington,huntington 9,U.S. Senate,,,write in,0
Huntington,huntington ga,State Senate,17.0,D,gary l snyder,119
Huntington,huntington ga,State Senate,17.0,R,andy zay,286
Huntington,huntington ga,State Treasurer,,R,kelly mitchell,286
Huntington,huntington ga,State Treasurer,,,john c aguilera,120
Huntington,huntington ga,U.S. House,3.0,D,courtney tritch,132
Huntington,huntington ga,U.S. House,3.0,R,jim banks,282
Huntington,huntington ga,U.S. House,3.0,,write in,0
Huntington,huntington sa,State Senate,,,zay,241
Huntington,huntington sa,State Treasurer,,D,john c agu1lera,99
Huntington,huntington sa,State Treasurer,,R,kelly mitchell,252
Huntington,huntington sa,U.S. House,,D,courtney toitch,117
Huntington,huntington sa,U.S. House,,,jim banks,244
Huntington,huntington sa,U.S. House,,,,0
Huntington,huntington ta,State House,50.0,D,jorge fernandez,88
Huntington,huntington ta,U.S. House,3.0,,banks,279
Huntington,huntington ta,U.S. House,3.0,,courtney tritch,95
Huntington,i-iuntington 12,State Auditor,,D,joselyn wiiitticker,57
Huntington,i-iuntington 12,State Auditor,,L,john schick,3
Huntington,i-iuntington 12,State Auditor,,R,tera klutz,206
Huntington,i-iuntington 12,State Secretary,,D,jim harper,51
Huntington,i-iuntington 12,State Secretary,,L,mark vy rutherford,6
Huntington,i-iuntington 12,State Secretary,,R,connie lawson,215
Huntington,i-iuntington 12,U.S. Senate,,D,joe donnelly,60
Huntington,i-iuntington 12,U.S. Senate,,L,lucy m brenton,10
Huntington,i-iuntington 12,U.S. Senate,,R,nuke braun,205
Huntington,i-iuntington 12,U.S. Senate,,,write in,0
Huntington,jackson 1,State Auditor,,D,joselyn whitticker,120
Huntington,jackson 1,State Auditor,,L,john schick,12
Huntington,jackson 1,State Auditor,,R,kelly mitchell,379
Huntington,jackson 1,State House,50.0,D,jorge fernandez,118
Huntington,jackson 1,State House,50.0,R,daniel j (dan) leonard,382
Huntington,jackson 1,State Secretary,,D,jim harper,120
Huntington,jackson 1,State Secretary,,L,mark w rutherford,17
Huntington,jackson 1,State Secretary,,,jim harper,120
Huntington,jackson 1,State Senate,19.0,R,travis holtman,403
Huntington,jackson 1,State Senate,19.0,R ,travis holdman,403
Huntington,jackson 1,State Treasurer,,D,john c aguilera,115
Huntington,jackson 1,State Treasurer,,R,kelly mitchell,379
Huntington,jackson 1,U.S. House,3.0,D,courtney tritch,132
Huntington,jackson 1,U.S. House,3.0,R,jim banks,370
Huntington,jackson 1,U.S. House,3.0,,write in,0
Huntington,jackson 1,U.S. Senate,,D,joe donnelly,149
Huntington,jackson 1,U.S. Senate,,,joe donnelly,149
Huntington,jackson 1,U.S. Senate,,,write in,0
Huntington,jackson 2,State Auditor,,D,joselyn whitticker,102
Huntington,jackson 2,State Auditor,,L,john schick,22
Huntington,jackson 2,State Auditor,,R,tera klutz,452
Huntington,jackson 2,State House,50.0,D,jorge fernandez,108
Huntington,jackson 2,State House,50.0,,jorge fernandez,108
Huntington,jackson 2,State House,50.0,,davin:glen smith,503
Huntington,jackson 2,State Secretary,,D,jim harper,108
Huntington,jackson 2,State Secretary,,L,mark w rutherford,15
Huntington,jackson 2,State Secretary,,R,connie lawson,458
Huntington,jackson 2,State Secretary,,,write in,0
Huntington,jackson 2,State Senate,19.0,R ,travis holdman,494
Huntington,jackson 2,State Senate,,R,travis holdman,494
Huntington,jackson 2,State Treasurer,,D,john c aguilera,116
Huntington,jackson 2,State Treasurer,,,(d) john c agvilera,116
Huntington,jackson 2,U.S. House,3.0,D,courtney tritch,123
Huntington,jackson 2,U.S. House,3.0,,courtney tritch,123
Huntington,jackson 2,U.S. Senate,,D,joe donnelly,148
Huntington,jackson 2,U.S. Senate,,L,lucy m brenton,17
Huntington,jackson 2,U.S. Senate,,R,mike braun,422
Huntington,jackson 2,U.S. Senate,,,write in,0
Huntington,jackson 3,State Auditor,,D,joselyn whitticker,117
Huntington,jackson 3,State Auditor,,L,john schick,24
Huntington,jackson 3,State Auditor,,R,tera klutz,248
Huntington,jackson 3,State House,50.0,D,jorge fernandez,117
Huntington,jackson 3,State House,50.0,R,daniel j (dan) leonard,275
Huntington,jackson 3,State Secretary,,D,jim harper,131
Huntington,jackson 3,State Secretary,,L,mark w rutherford,14
Huntington,jackson 3,State Secretary,,R,connie lawson,251
Huntington,jackson 3,State Secretary,,,write in,0
Huntington,jackson 3,State Senate,19.0,R ,travis holdman,290
Huntington,jackson 3,State Treasurer,,D,john c aguile(24,128
Huntington,jackson 3,State Treasurer,,D,john c aguilera,128
Huntington,jackson 3,State Treasurer,,R,kelly mitchell,267
Huntington,jackson 3,State Treasurer,,R,kelly mitchell,257
Huntington,jackson 3,U.S. House,3.0,D,courtney witch,146
Huntington,jackson 3,U.S. House,3.0,D,courtney tritch,146
Huntington,jackson 3,U.S. House,3.0,R,jim banks,256
Huntington,jackson 4,State Auditor,,L,john schick,9
Huntington,jackson 4,State Auditor,,,schick,9
Huntington,jackson 4,State House,50.0,R,daniel j (dan) leonard,280
Huntington,jackson 4,State House,50.0,R,daniel j (dan) leonard,260
Huntington,jackson 4,State Secretary,,D,jim harper,92
Huntington,jackson 4,State Secretary,,L,mark w rutherford,9
Huntington,jackson 4,State Secretary,,R,connie lawson,254
Huntington,jackson 4,State Secretary,,,write in,0
Huntington,jackson 4,State Senate,19.0,R ,travis holdman,284
Huntington,jackson 4,State Senate,19.0,,travis 11oldman,284
Huntington,jackson 4,State Treasurer,,D,john c aguilera,95
Huntington,jackson 4,State Treasurer,,R,kelly mitchell,254
Huntington,jackson 4,U.S. House,3.0,D,courtney tritch,112
Huntington,jackson 4,U.S. House,3.0,R,jim banks,246
Huntington,jackson 4,U.S. House,3.0,,write in,0
Huntington,jackson 4,U.S. Senate,,L,lucy m brenton,18
Huntington,jackson 4,U.S. Senate,,,lucy m brenton,18
Huntington,jefferson,State Auditor,,D,joselyn whitticker,62
Huntington,jefferson,State Auditor,,,jos elyn whitticker,62
Huntington,jefferson,State House,50.0,D,jorge fernandez,53
Huntington,jefferson,State House,50.0,,jorge fernandez,53
Huntington,jefferson,State Secretary,,D,jim harper,57
Huntington,jefferson,State Secretary,,L,mark vv rutherford,9
Huntington,jefferson,State Secretary,,L,mark w rutherford,9
Huntington,jefferson,State Secretary,,R,connie lawson,218
Huntington,jefferson,State Secretary,,,connie lawson,218
Huntington,jefferson,State Secretary,,,(d) jim harper,57
Huntington,jefferson,State Senate,17.0,D,gary l snyder,70
Huntington,jefferson,State Senate,17.0,R,andy zay,212
Huntington,jefferson,State Senate,17.0,R ,andy zay,212
Huntington,jefferson,State Senate,17.0,,gary l snyder,70
Huntington,jefferson,State Treasurer,,D,john c aguilera,57
Huntington,jefferson,State Treasurer,,,john c aouilera,57
Huntington,jefferson,U.S. House,3.0,D,couraney triton,65
Huntington,jefferson,U.S. House,3.0,D,courtney tritch,65
Huntington,jefferson,U.S. House,3.0,R,jim banks,215
Huntington,jefferson,U.S. House,3.0,R,jim banks,216
Huntington,jefferson,U.S. Senate,,D,joe donnelly,82
Huntington,jefferson,U.S. Senate,,,joe donnelly,82
Huntington,lancaster,State House,50.0,R,daniel j: (dan) leonard,364
Huntington,lancaster,State House,50.0,R,daniel j (dan) leonard,394
Huntington,lancaster,State Secretary,,L,mark vv rutherford,13
Huntington,lancaster,State Secretary,,L,mark w rutherford,13
Huntington,lancaster,State Secretary,,R,connie lavvson,383
Huntington,lancaster,State Secretary,,R,connie lawson,383
Huntington,lancaster,State Senate,17.0,R,ahoy zay,374
Huntington,lancaster,State Senate,17.0,R ,andy zay,374
Huntington,lancaster,State Treasurer,,D,john c aguilera,83
Huntington,lancaster,U.S. House,3.0,,write in,0
Huntington,lancaster,U.S. Senate,,L,lucy m brenton,17
Huntington,polk,State Auditor,,L,john schick,6
Huntington,polk,State Secretary,,R,connie lawson,144
Huntington,polk,State Senate,17.0,R,andy zay,149
Huntington,polk,State Senate,17.0,R ,andy zay,149
Huntington,polk,State Treasurer,,D,john c aguilera,29
Huntington,polk,State Treasurer,,R,kelly mitchell,145
Huntington,polk,U.S. House,3.0,R,jtm banks,150
Huntington,polk,U.S. House,3.0,R,jim banks,150
Huntington,polk,U.S. Senate,,D,joe donnelly,35
Huntington,polk,U.S. Senate,,,"joe donnell),",35
Huntington,polk,U.S. Senate,,,write in,0
Huntington,precinct narhe: jackson 2,State Auditor,,D,joselyn whitticker,102
Huntington,precinct narhe: jackson 2,State Auditor,,L,john schick,22
Huntington,precinct narhe: jackson 2,State Auditor,,R,tera klutz,452
Huntington,precinct narhe: jackson 2,State Secretary,,D,jim harper,108
Huntington,precinct narhe: jackson 2,State Secretary,,L,mark w rutherford,15
Huntington,precinct narhe: jackson 2,State Secretary,,R,connie lavvson,458
Huntington,precinct narhe: jackson 2,State Secretary,,,write in,0
Huntington,precinct narhe: jackson 2,U.S. Senate,,,mike i3raun,422
Huntington,precinct narhe: jackson 2,U.S. Senate,,,joe donnelly,148
Huntington,rock creek,State Auditor,,D,joselyn whitticker,100
Huntington,rock creek,State Auditor,,L,john schick,15
Huntington,rock creek,State Auditor,,R,tera klutz,363
Huntington,rock creek,State House,50.0,D,jorge fernandez,93
Huntington,rock creek,State House,50.0,,jorgefernandez,93
Huntington,rock creek,State Secretary,,D,jim harper,105
Huntington,rock creek,State Secretary,,L,mark w rutherford,10
Huntington,rock creek,State Secretary,,R,connie lawson,371
Huntington,rock creek,State Secretary,,,write in,0
Huntington,rock creek,State Senate,19.0,R,travis holdman,395
Huntington,rock creek,State Senate,19.0,R ,travis holdman,396
Huntington,rock creek,State Treasurer,,D,john c agu1lefta,105
Huntington,rock creek,State Treasurer,,D,john c aguilera,105
Huntington,rock creek,State Treasurer,,R,kelly mitchell,369
Huntington,rock creek,State Treasurer,,,kelly mitchell,369
Huntington,rock creek,U.S. House,3.0,D,courtney tritch,108
Huntington,rock creek,U.S. House,3.0,R,jim banks,374
Huntington,rock creek,U.S. House,3.0,,write in,0
Huntington,rock creek,U.S. House,,R,jim banks,374
Huntington,rock creek,U.S. House,,,courtney tritch,105
Huntington,rock creek,U.S. House,,,write in,0
Huntington,salaivionie 2,State House,60.0,R,daniel j (dan) leonard,370
Huntington,salaivionie 2,State House,60.0,,jorge fernandez,112
Huntington,salaivionie 2,State Senate,19.0,,(12) travis holdman,397
Huntington,salaivionie 2,State Treasurer,,,kelly mitchell,359
Huntington,salaivionie 2,State Treasurer,,,(0) john c aguilera,104
Huntington,salaivionie 2,U.S. House,3.0,D,courtney tritch,122
Huntington,salaivionie 2,U.S. House,3.0,,banks,356
Huntington,salamon1e 2,State Auditor,,D,joselyn whitticker,109
Huntington,salamon1e 2,State Auditor,,R,tera klutz,353
Huntington,salamon1e 2,State Auditor,,,tera klutz,353
Huntington,salamon1e 2,State Auditor,,,lyn vvhitticker,109
Huntington,salamon1e 2,State House,50.0,D,jorge fernandez,112
Huntington,salamon1e 2,State House,50.0,R,daniel j (dan) leonard,370
Huntington,salamon1e 2,State Secretary,,D,iim harper,108
Huntington,salamon1e 2,State Secretary,,D,jim harper,108
Huntington,salamon1e 2,State Secretary,,L,"mark vv rutherford,",14
Huntington,salamon1e 2,State Secretary,,L,mark w rutherford,14
Huntington,salamon1e 2,State Secretary,,R,connie lawson,360
Huntington,salamon1e 2,State Senate,19.0,R ,travis holdman,397
Huntington,salamon1e 2,State Treasurer,,D,john c aguilera,104
Huntington,salamon1e 2,State Treasurer,,R,kelly mitchell,369
Huntington,salamon1e 2,U.S. House,3.0,D,courtney tritch,122
Huntington,salamon1e 2,U.S. House,3.0,R,jim banks,356
Huntington,salamon1e 2,U.S. House,3.0,,write in,0
Huntington,salamon1e 2,U.S. Senate,,D,joe donnelly,129
Huntington,salamon1e 2,U.S. Senate,,L,lucy m brenton,24
Huntington,salamon1e 2,U.S. Senate,,R,mike braun,337
Huntington,salamon1e 2,U.S. Senate,,,write in,1
Huntington,salamonie 1,State Auditor,,D,joselyn whitticker,8
Huntington,salamonie 1,State Auditor,,D,joselyn whitticker,98
Huntington,salamonie 1,State Auditor,,L,john$chick,14
Huntington,salamonie 1,State Auditor,,L,john schick,14
Huntington,salamonie 1,State Auditor,,R,tera klutz,326
Huntington,salamonie 1,State House,50.0,D,jorge fernandez,90
Huntington,salamonie 1,State House,50.0,R,daniel j (dan) leonard,353
Huntington,salamonie 1,State Secretary,,D,jim harper,101
Huntington,salamonie 1,State Secretary,,L,mark w rutherford,10
Huntington,salamonie 1,State Secretary,,R,connie lawson,339
Huntington,salamonie 1,State Secretary,,,write in,0
Huntington,salamonie 1,State Senate,19.0,R ,travis holdman,381
Huntington,salamonie 1,State Treasurer,,D,john c aguilera,101
Huntington,salamonie 1,State Treasurer,,R,kelly mitchell,335
Huntington,salamonie 1,U.S. House,3.0,D,courtney tritch,107
Huntington,salamonie 1,U.S. House,3.0,R,jim banks,337
Huntington,salamonie 1,U.S. House,3.0,,write in,0
Huntington,salamonie 1,U.S. Senate,,D,joe donnelly,112
Huntington,salamonie 1,U.S. Senate,,L,lucy m brenton,20
Huntington,salamonie 1,U.S. Senate,,R,mike braun,323
Huntington,salamonie 1,U.S. Senate,,,write in,0
Huntington,salanionie 1,State House,50.0,R,daniel j (dan) leonard,353
Huntington,salanionie 1,State House,50.0,,jorge fernandez,90
Huntington,salanionie 1,State Senate,19.0,R,travis holdman,381
Huntington,salanionie 1,State Treasurer,,R,kelly mitchell,335
Huntington,salanionie 1,State Treasurer,,,john c aguilera,101
Huntington,salanionie 1,U.S. House,3.0,D,courtney tritch,107
Huntington,salanionie 1,U.S. House,3.0,,jim banks,337
Huntington,salanionie 1,U.S. House,3.0,,write in,0
Huntington,union,State Auditor,,D,joselyn vvi1itticker,89
Huntington,union,State Auditor,,D,joselyn whitticker,89
Huntington,union,State Auditor,,L,john eck ick,11
Huntington,union,State Auditor,,L,john schick,11
Huntington,union,State Auditor,,R,tera klutz,481
Huntington,union,State Auditor,,,klutz,481
Huntington,union,State Secretary,,L,mari< w rutherford,10
Huntington,union,State Secretary,,L,mark w rutherford,10
Huntington,union,State Secretary,,R,connie lawson,491
Huntington,union,State Senate,19.0,R ,travis holdman,508
Huntington,union,State Senate,19.0,,travis holdn1an,508
Huntington,union,U.S. Senate,,,,0
Huntington,union,U.S. Senate,,,write in,0
Huntington,warren,State Auditor,,L,john schick,12
Huntington,warren,State Auditor,,R,tera klutz,220
Huntington,warren,State House,50.0,D,jorge fernandez,47
Huntington,warren,State House,50.0,,jorge fernandez,47
Huntington,warren,State Secretary,,D,jim harper,53
Huntington,warren,State Secretary,,L,mark w rutherford,12
Huntington,warren,State Secretary,,R,connie lawson,234
Huntington,warren,State Secretary,,,jim harper,53
Huntington,warren,State Senate,17.0,R,andy zay,224
Huntington,warren,State Senate,17.0,R ,andy zay,224
Huntington,warren,State Treasurer,,D,john c aguilefta,56
Huntington,warren,State Treasurer,,D,john c aguilera,56
Huntington,warren,U.S. House,3.0,D,courtney tritch,61
Huntington,warren,U.S. House,3.0,R,jim banks,230
Huntington,warren,U.S. House,3.0,,write in,0
Huntington,warren,U.S. Senate,,,write in,0
Huntington,wayne,State Auditor,,D,joselyn whitticker,32
Huntington,wayne,State Auditor,,,joselyn whitt1cker,32
Huntington,wayne,State Secretary,,D,jim harper,28
Huntington,wayne,State Secretary,,L,mark w rutherford,10
Huntington,wayne,State Secretary,,R,connie lawson,168
Huntington,wayne,State Secretary,,,write in,0
Huntington,wayne,State Senate,17.0,R,andy zay,171
Huntington,wayne,State Senate,17.0,R ,andy zay,171
Huntington,,State Senate,17.0,R ,andy zay,203
