candidate,office,district,party,county,precinct,election_day,absentee,provisional,votes
,Registered Voters,,,Greene,Beech Creek 1,,,,634
,Ballots Cast,,,Greene,Beech Creek 1,264,94,0,358
Mike Braun,U.S. Senate,,R,Greene,Beech Creek 1,169,57,0,226
Joe Donnelly,U.S. Senate,,D,Greene,Beech Creek 1,81,35,0,116
Lucy M Brenton,U.S. Senate,,L,Greene,Beech Creek 1,13,2,0,15
Write in,U.S. Senate,,,Greene,Beech Creek 1,0,0,0,0
Connie Lawson,Secretary of State,,R,Greene,Beech Creek 1,170,57,0,227
Jim Harper,Secretary of State,,D,Greene,Beech Creek 1,75,34,0,109
Mark W. Rutherford,Secretary of State,,L,Greene,Beech Creek 1,15,3,0,18
Write in,Secretary of State,,,Greene,Beech Creek 1,0,0,0,0
Tera Klutz,Auditor of State,,R,Greene,Beech Creek 1,173,57,0,230
Joselyn Whitticker,Auditor of State,,D,Greene,Beech Creek 1,76,35,0,111
John Schick,Auditor of State,,L,Greene,Beech Creek 1,9,0,0,9
Kelly Mitchell,Treasurer of State,,R,Greene,Beech Creek 1,178,58,0,236
John C. Aguilera,Treasurer of State,,D,Greene,Beech Creek 1,79,35,0,114
Larry D Bucshon,U.S. House,8,R,Greene,Beech Creek 1,180,62,0,242
William Tanoos,U.S. House,8,D,Greene,Beech Creek 1,,,,110
Tom Ferkinhoff,Write In,8,,Greene,Beech Creek 1,0,0,0,0
Eric S Bassler,State Senate,39,R ,Greene,Beech Creek 1,197,67,0,264
No Candidate Filed,State Senate,39,D,Greene,Beech Creek 1,0,0,0,0
Jeff Ellington,State Representative,62,R,Greene,Beech Creek 1,172,58,0,230
Amy Swain,State Representative,62,D,Greene,Beech Creek 1,88,35,0,123
,Registered Voters,,,Greene,Beech Creek 2,,,,651
,Ballots Cast,,,Greene,Beech Creek 2,306,97,0,403
Mike Braun,U.S. Senate,,R,Greene,Beech Creek 2,201,57,0,258
Joe Donnelly,U.S. Senate,,D,Greene,Beech Creek 2,95,35,0,130
Lucy M Brenton,U.S. Senate,,L,Greene,Beech Creek 2,8,4,0,12
Write in,U.S. Senate,,,Greene,Beech Creek 2,0,0,0,0
Connie Lawson,Secretary of State,,R,Greene,Beech Creek 2,213,60,0,273
Jim Harper,Secretary of State,,D,Greene,Beech Creek 2,82,35,0,117
Mark W. Rutherford,Secretary of State,,L,Greene,Beech Creek 2,9,1,0,10
Write in,Secretary of State,,,Greene,Beech Creek 2,0,0,0,0
Tera Klutz,Auditor of State,,R,Greene,Beech Creek 2,209,58,0,267
Joselyn Whitticker,Auditor of State,,D,Greene,Beech Creek 2,81,36,0,117
John Schick,Auditor of State,,L,Greene,Beech Creek 2,3,0,0,3
Kelly Mitchell,Treasurer of State,,R,Greene,Beech Creek 2,217,59,0,276
John C. Aguilera,Treasurer of State,,D,Greene,Beech Creek 2,77,35,0,112
Larry D Bucshon,U.S. House,8,R,Greene,Beech Creek 2,210,58,0,268
William Tanoos,U.S. House,8,D,Greene,Beech Creek 2,,,,126
Tom Ferkinhoff,Write In,8,,Greene,Beech Creek 2,0,0,0,0
Eric S Bassler,State Senate,39,R ,Greene,Beech Creek 2,236,66,0,302
No Candidate Filed,State Senate,39,D,Greene,Beech Creek 2,0,0,0,0
Jeff Ellington,State Representative,62,R,Greene,Beech Creek 2,205,54,0,259
Amy Swain,State Representative,62,D,Greene,Beech Creek 2,95,43,0,138
,Registered Voters,,,Greene,Cass,,,,177
,Ballots Cast,,,Greene,Cass,72,21,0,93
Mike Braun,U.S. Senate,,R,Greene,Cass,38,10,0,48
Joe Donnelly,U.S. Senate,,D,Greene,Cass,29,10,0,39
Lucy M Brenton,U.S. Senate,,L,Greene,Cass,4,1,0,5
Write in,U.S. Senate,,,Greene,Cass,0,0,0,0
Connie Lawson,Secretary of State,,R,Greene,Cass,41,13,0,54
Jim Harper,Secretary of State,,D,Greene,Cass,27,8,0,35
Mark W. Rutherford,Secretary of State,,L,Greene,Cass,1,0,0,1
Write in,Secretary of State,,,Greene,Cass,0,0,0,0
Tera Klutz,Auditor of State,,R,Greene,Cass,36,11,0,47
Joselyn Whitticker,Auditor of State,,D,Greene,Cass,30,5,0,35
John Schick,Auditor of State,,L,Greene,Cass,3,1,0,4
Kelly Mitchell,Treasurer of State,,R,Greene,Cass,43,13,0,56
John C. Aguilera,Treasurer of State,,D,Greene,Cass,26,5,0,31
Larry D Bucshon,U.S. House,8,R,Greene,Cass,45,13,0,58
William Tanoos,U.S. House,8,D,Greene,Cass,,,,32
Tom Ferkinhoff,Write In,8,,Greene,Cass,0,0,0,0
Eric S Bassler,State Senate,39,R ,Greene,Cass,49,15,0,64
No Candidate Filed,State Senate,39,D,Greene,Cass,0,0,0,0
Jeff Ellington,State Representative,62,R,Greene,Cass,41,11,0,52
Amy Swain,State Representative,62,D,Greene,Cass,30,9,0,39
,Registered Voters,,,Greene,Center 1,,,,617
,Ballots Cast,,,Greene,Center 1,248,89,0,337
Mike Braun,U.S. Senate,,R,Greene,Center 1,158,45,0,203
Joe Donnelly,U.S. Senate,,D,Greene,Center 1,77,42,0,119
Lucy M Brenton,U.S. Senate,,L,Greene,Center 1,11,0,0,11
Write in,U.S. Senate,,,Greene,Center 1,0,0,0,0
Connie Lawson,Secretary of State,,R,Greene,Center 1,170,44,0,214
Jim Harper,Secretary of State,,D,Greene,Center 1,58,42,0,100
Mark W. Rutherford,Secretary of State,,L,Greene,Center 1,12,2,0,14
Write in,Secretary of State,,,Greene,Center 1,0,0,0,0
Tera Klutz,Auditor of State,,R,Greene,Center 1,166,47,0,213
Joselyn Whitticker,Auditor of State,,D,Greene,Center 1,57,40,0,97
John Schick,Auditor of State,,L,Greene,Center 1,11,1,0,12
Kelly Mitchell,Treasurer of State,,R,Greene,Center 1,174,49,0,223
John C. Aguilera,Treasurer of State,,D,Greene,Center 1,54,38,0,92
Larry D Bucshon,U.S. House,8,R,Greene,Center 1,173,50,0,223
William Tanoos,U.S. House,8,D,Greene,Center 1,,,,98
Tom Ferkinhoff,Write In,8,,Greene,Center 1,1,0,0,1
Eric S Bassler,State Senate,39,R ,Greene,Center 1,184,52,0,236
No Candidate Filed,State Senate,39,D,Greene,Center 1,0,0,0,0
Jeff Ellington,State Representative,62,R,Greene,Center 1,161,42,0,203
Amy Swain,State Representative,62,D,Greene,Center 1,79,47,0,126
,Registered Voters,,,Greene,Center 2,,,,1239
,Ballots Cast,,,Greene,Center 2,441,272,0,713
Mike Braun,U.S. Senate,,R,Greene,Center 2,293,152,0,445
Joe Donnelly,U.S. Senate,,D,Greene,Center 2,117,102,0,219
Lucy M Brenton,U.S. Senate,,L,Greene,Center 2,25,13,0,38
Write in,U.S. Senate,,,Greene,Center 2,0,0,0,0
Connie Lawson,Secretary of State,,R,Greene,Center 2,307,162,0,469
Jim Harper,Secretary of State,,D,Greene,Center 2,106,92,0,198
Mark W. Rutherford,Secretary of State,,L,Greene,Center 2,13,11,0,24
Write in,Secretary of State,,,Greene,Center 2,0,0,0,0
Tera Klutz,Auditor of State,,R,Greene,Center 2,300,151,0,451
Joselyn Whitticker,Auditor of State,,D,Greene,Center 2,98,98,0,196
John Schick,Auditor of State,,L,Greene,Center 2,20,11,0,31
Kelly Mitchell,Treasurer of State,,R,Greene,Center 2,319,160,0,479
John C. Aguilera,Treasurer of State,,D,Greene,Center 2,99,101,0,200
Larry D Bucshon,U.S. House,8,R,Greene,Center 2,321,168,0,489
William Tanoos,U.S. House,8,D,Greene,Center 2,,,,205
Tom Ferkinhoff,Write In,8,,Greene,Center 2,0,0,0,0
Eric S Bassler,State Senate,39,R ,Greene,Center 2,359,197,0,556
No Candidate Filed,State Senate,39,D,Greene,Center 2,0,0,0,0
Jeff Ellington,State Representative,62,R,Greene,Center 2,306,157,0,463
Amy Swain,State Representative,62,D,Greene,Center 2,127,110,0,237
,Registered Voters,,,Greene,Fairplay,,,,365
,Ballots Cast,,,Greene,Fairplay,192,52,0,244
Mike Braun,U.S. Senate,,R,Greene,Fairplay,115,31,0,146
Joe Donnelly,U.S. Senate,,D,Greene,Fairplay,62,21,0,83
Lucy M Brenton,U.S. Senate,,L,Greene,Fairplay,9,0,0,9
Write in,U.S. Senate,,,Greene,Fairplay,0,0,0,0
Connie Lawson,Secretary of State,,R,Greene,Fairplay,127,31,0,158
Jim Harper,Secretary of State,,D,Greene,Fairplay,54,20,0,74
Mark W. Rutherford,Secretary of State,,L,Greene,Fairplay,5,0,0,5
Write in,Secretary of State,,,Greene,Fairplay,0,0,0,0
Tera Klutz,Auditor of State,,R,Greene,Fairplay,124,27,0,151
Joselyn Whitticker,Auditor of State,,D,Greene,Fairplay,55,20,0,75
John Schick,Auditor of State,,L,Greene,Fairplay,4,2,0,6
Kelly Mitchell,Treasurer of State,,R,Greene,Fairplay,125,30,0,155
John C. Aguilera,Treasurer of State,,D,Greene,Fairplay,54,18,0,72
Larry D Bucshon,U.S. House,8,R,Greene,Fairplay,136,30,0,166
William Tanoos,U.S. House,8,D,Greene,Fairplay,,,,68
Tom Ferkinhoff,Write In,8,,Greene,Fairplay,0,0,0,0
Eric S Bassler,State Senate,39,R ,Greene,Fairplay,148,33,0,181
No Candidate Filed,State Senate,39,D,Greene,Fairplay,0,0,0,0
Jeff Ellington,State Representative,62,R,Greene,Fairplay,135,32,0,167
Amy Swain,State Representative,62,D,Greene,Fairplay,53,19,0,72
,Registered Voters,,,Greene,Grant,,,,441
,Ballots Cast,,,Greene,Grant,185,79,0,264
Mike Braun,U.S. Senate,,R,Greene,Grant,134,59,0,193
Joe Donnelly,U.S. Senate,,D,Greene,Grant,40,19,0,59
Lucy M Brenton,U.S. Senate,,L,Greene,Grant,8,0,0,8
Write in,U.S. Senate,,,Greene,Grant,0,0,0,0
Connie Lawson,Secretary of State,,R,Greene,Grant,143,60,0,203
Jim Harper,Secretary of State,,D,Greene,Grant,33,15,0,48
Mark W. Rutherford,Secretary of State,,L,Greene,Grant,5,2,0,7
Write in,Secretary of State,,,Greene,Grant,0,0,0,0
Tera Klutz,Auditor of State,,R,Greene,Grant,140,62,0,202
Joselyn Whitticker,Auditor of State,,D,Greene,Grant,35,15,0,50
John Schick,Auditor of State,,L,Greene,Grant,3,1,0,4
Kelly Mitchell,Treasurer of State,,R,Greene,Grant,146,60,0,206
John C. Aguilera,Treasurer of State,,D,Greene,Grant,33,18,0,51
Larry D Bucshon,U.S. House,8,R,Greene,Grant,146,62,0,208
William Tanoos,U.S. House,8,D,Greene,Grant,,,,50
Tom Ferkinhoff,Write In,8,,Greene,Grant,0,0,0,0
Eric S Bassler,State Senate,39,R ,Greene,Grant,158,65,0,223
No Candidate Filed,State Senate,39,D,Greene,Grant,0,0,0,0
Jeff Ellington,State Representative,62,R,Greene,Grant,141,59,0,200
Amy Swain,State Representative,62,D,Greene,Grant,40,19,0,59
,Registered Voters,,,Greene,Highland,,,,463
,Ballots Cast,,,Greene,Highland,160,95,0,255
Mike Braun,U.S. Senate,,R,Greene,Highland,119,58,0,177
Joe Donnelly,U.S. Senate,,D,Greene,Highland,34,25,0,59
Lucy M Brenton,U.S. Senate,,L,Greene,Highland,5,10,0,15
Write in,U.S. Senate,,,Greene,Highland,0,0,0,0
Connie Lawson,Secretary of State,,R,Greene,Highland,121,60,0,181
Jim Harper,Secretary of State,,D,Greene,Highland,28,25,0,53
Mark W. Rutherford,Secretary of State,,L,Greene,Highland,5,6,0,11
Write in,Secretary of State,,,Greene,Highland,0,0,0,0
Tera Klutz,Auditor of State,,R,Greene,Highland,123,57,0,180
Joselyn Whitticker,Auditor of State,,D,Greene,Highland,28,25,0,53
John Schick,Auditor of State,,L,Greene,Highland,5,5,0,10
Kelly Mitchell,Treasurer of State,,R,Greene,Highland,127,61,0,188
John C. Aguilera,Treasurer of State,,D,Greene,Highland,28,24,0,52
Larry D Bucshon,U.S. House,8,R,Greene,Highland,128,63,0,191
William Tanoos,U.S. House,8,D,Greene,Highland,,,,52
Tom Ferkinhoff,Write In,8,,Greene,Highland,0,0,0,0
Eric S Bassler,State Senate,39,R ,Greene,Highland,139,66,0,205
No Candidate Filed,State Senate,39,D,Greene,Highland,0,0,0,0
Jeff Ellington,State Representative,62,R,Greene,Highland,123,60,0,183
Amy Swain,State Representative,62,D,Greene,Highland,33,29,0,62
,Registered Voters,,,Greene,Jackson,,,,1122
,Ballots Cast,,,Greene,Jackson,470,190,0,660
Mike Braun,U.S. Senate,,R,Greene,Jackson,307,118,0,425
Joe Donnelly,U.S. Senate,,D,Greene,Jackson,140,66,0,206
Lucy M Brenton,U.S. Senate,,L,Greene,Jackson,16,3,0,19
Write in,U.S. Senate,,,Greene,Jackson,0,0,0,0
Connie Lawson,Secretary of State,,R,Greene,Jackson,318,122,0,440
Jim Harper,Secretary of State,,D,Greene,Jackson,117,54,0,171
Mark W. Rutherford,Secretary of State,,L,Greene,Jackson,17,6,0,23
Write in,Secretary of State,,,Greene,Jackson,0,1,0,1
Tera Klutz,Auditor of State,,R,Greene,Jackson,310,115,0,425
Joselyn Whitticker,Auditor of State,,D,Greene,Jackson,112,60,0,172
John Schick,Auditor of State,,L,Greene,Jackson,17,7,0,24
Kelly Mitchell,Treasurer of State,,R,Greene,Jackson,329,125,0,454
John C. Aguilera,Treasurer of State,,D,Greene,Jackson,111,57,0,168
Larry D Bucshon,U.S. House,8,R,Greene,Jackson,330,125,0,455
William Tanoos,U.S. House,8,D,Greene,Jackson,,,,168
Tom Ferkinhoff,Write In,8,,Greene,Jackson,0,0,0,0
Eric S Bassler,State Senate,39,R ,Greene,Jackson,362,135,0,497
No Candidate Filed,State Senate,39,D,Greene,Jackson,0,0,0,0
Jeff Ellington,State Representative,62,R,Greene,Jackson,322,121,0,443
Amy Swain,State Representative,62,D,Greene,Jackson,132,64,0,196
,Registered Voters,,,Greene,Jefferson 1,,,,676
,Ballots Cast,,,Greene,Jefferson 1,307,89,0,396
Mike Braun,U.S. Senate,,R,Greene,Jefferson 1,192,52,0,244
Joe Donnelly,U.S. Senate,,D,Greene,Jefferson 1,89,29,0,118
Lucy M Brenton,U.S. Senate,,L,Greene,Jefferson 1,20,5,0,25
Write in,U.S. Senate,,,Greene,Jefferson 1,0,0,0,0
Connie Lawson,Secretary of State,,R,Greene,Jefferson 1,207,53,0,260
Jim Harper,Secretary of State,,D,Greene,Jefferson 1,70,27,0,97
Mark W. Rutherford,Secretary of State,,L,Greene,Jefferson 1,17,2,0,19
Write in,Secretary of State,,,Greene,Jefferson 1,0,0,0,0
Tera Klutz,Auditor of State,,R,Greene,Jefferson 1,203,56,0,259
Joselyn Whitticker,Auditor of State,,D,Greene,Jefferson 1,66,30,0,96
John Schick,Auditor of State,,L,Greene,Jefferson 1,9,0,0,9
Kelly Mitchell,Treasurer of State,,R,Greene,Jefferson 1,213,57,0,270
John C. Aguilera,Treasurer of State,,D,Greene,Jefferson 1,69,28,0,97
Larry D Bucshon,U.S. House,8,R,Greene,Jefferson 1,222,57,0,279
William Tanoos,U.S. House,8,D,Greene,Jefferson 1,,,,94
Tom Ferkinhoff,Write In,8,,Greene,Jefferson 1,0,0,0,0
Eric S Bassler,State Senate,39,R ,Greene,Jefferson 1,251,69,0,320
No Candidate Filed,State Senate,39,D,Greene,Jefferson 1,0,0,0,0
Jeff Ellington,State Representative,62,R,Greene,Jefferson 1,201,56,0,257
Amy Swain,State Representative,62,D,Greene,Jefferson 1,94,30,0,124
,Registered Voters,,,Greene,Jefferson 2,,,,597
,Ballots Cast,,,Greene,Jefferson 2,268,82,0,350
Mike Braun,U.S. Senate,,R,Greene,Jefferson 2,155,52,0,207
Joe Donnelly,U.S. Senate,,D,Greene,Jefferson 2,75,27,0,102
Lucy M Brenton,U.S. Senate,,L,Greene,Jefferson 2,29,3,0,32
Write in,U.S. Senate,,,Greene,Jefferson 2,0,0,0,0
Connie Lawson,Secretary of State,,R,Greene,Jefferson 2,176,55,0,231
Jim Harper,Secretary of State,,D,Greene,Jefferson 2,69,24,0,93
Mark W. Rutherford,Secretary of State,,L,Greene,Jefferson 2,9,2,0,11
Write in,Secretary of State,,,Greene,Jefferson 2,0,0,0,0
Tera Klutz,Auditor of State,,R,Greene,Jefferson 2,162,57,0,219
Joselyn Whitticker,Auditor of State,,D,Greene,Jefferson 2,72,20,0,92
John Schick,Auditor of State,,L,Greene,Jefferson 2,13,3,0,16
Kelly Mitchell,Treasurer of State,,R,Greene,Jefferson 2,169,59,0,228
John C. Aguilera,Treasurer of State,,D,Greene,Jefferson 2,77,21,0,98
Larry D Bucshon,U.S. House,8,R,Greene,Jefferson 2,182,56,0,238
William Tanoos,U.S. House,8,D,Greene,Jefferson 2,,,,93
Tom Ferkinhoff,Write In,8,,Greene,Jefferson 2,0,0,0,0
Eric S Bassler,State Senate,39,R ,Greene,Jefferson 2,200,63,0,263
No Candidate Filed,State Senate,39,D,Greene,Jefferson 2,0,0,0,0
Jeff Ellington,State Representative,62,R,Greene,Jefferson 2,172,55,0,227
Amy Swain,State Representative,62,D,Greene,Jefferson 2,85,26,0,111
,Registered Voters,,,Greene,Richland 1,,,,827
,Ballots Cast,,,Greene,Richland 1,284,250,0,534
Mike Braun,U.S. Senate,,R,Greene,Richland 1,184,155,0,339
Joe Donnelly,U.S. Senate,,D,Greene,Richland 1,85,74,0,159
Lucy M Brenton,U.S. Senate,,L,Greene,Richland 1,10,14,0,24
Write in,U.S. Senate,,,Greene,Richland 1,0,1,0,1
Connie Lawson,Secretary of State,,R,Greene,Richland 1,208,160,0,368
Jim Harper,Secretary of State,,D,Greene,Richland 1,63,71,0,134
Mark W. Rutherford,Secretary of State,,L,Greene,Richland 1,8,8,0,16
Write in,Secretary of State,,,Greene,Richland 1,1,1,0,2
Tera Klutz,Auditor of State,,R,Greene,Richland 1,201,154,0,355
Joselyn Whitticker,Auditor of State,,D,Greene,Richland 1,61,69,0,130
John Schick,Auditor of State,,L,Greene,Richland 1,7,7,0,14
Kelly Mitchell,Treasurer of State,,R,Greene,Richland 1,206,162,0,368
John C. Aguilera,Treasurer of State,,D,Greene,Richland 1,65,71,0,136
Larry D Bucshon,U.S. House,8,R,Greene,Richland 1,216,170,0,386
William Tanoos,U.S. House,8,D,Greene,Richland 1,,,,124
Tom Ferkinhoff,Write In,8,,Greene,Richland 1,0,1,0,1
Eric S Bassler,State Senate,39,R ,Greene,Richland 1,223,185,0,408
No Candidate Filed,State Senate,39,D,Greene,Richland 1,0,0,0,0
Jeff Ellington,State Representative,62,R,Greene,Richland 1,202,165,0,367
Amy Swain,State Representative,62,D,Greene,Richland 1,79,77,0,156
,Registered Voters,,,Greene,Richland 2,,,,726
,Ballots Cast,,,Greene,Richland 2,242,222,0,464
Mike Braun,U.S. Senate,,R,Greene,Richland 2,155,142,0,297
Joe Donnelly,U.S. Senate,,D,Greene,Richland 2,68,72,0,140
Lucy M Brenton,U.S. Senate,,L,Greene,Richland 2,12,6,0,18
Write in,U.S. Senate,,,Greene,Richland 2,0,0,0,0
Connie Lawson,Secretary of State,,R,Greene,Richland 2,170,154,0,324
Jim Harper,Secretary of State,,D,Greene,Richland 2,52,55,0,107
Mark W. Rutherford,Secretary of State,,L,Greene,Richland 2,7,7,0,14
Write in,Secretary of State,,,Greene,Richland 2,0,0,0,0
Tera Klutz,Auditor of State,,R,Greene,Richland 2,173,150,0,323
Joselyn Whitticker,Auditor of State,,D,Greene,Richland 2,45,59,0,104
John Schick,Auditor of State,,L,Greene,Richland 2,6,6,0,12
Kelly Mitchell,Treasurer of State,,R,Greene,Richland 2,184,158,0,342
John C. Aguilera,Treasurer of State,,D,Greene,Richland 2,42,53,0,95
Larry D Bucshon,U.S. House,8,R,Greene,Richland 2,185,165,0,350
William Tanoos,U.S. House,8,D,Greene,Richland 2,,,,96
Tom Ferkinhoff,Write In,8,,Greene,Richland 2,0,0,0,0
Eric S Bassler,State Senate,39,R ,Greene,Richland 2,200,173,0,373
No Candidate Filed,State Senate,39,D,Greene,Richland 2,0,0,0,0
Jeff Ellington,State Representative,62,R,Greene,Richland 2,173,154,0,327
Amy Swain,State Representative,62,D,Greene,Richland 2,61,67,0,128
,Registered Voters,,,Greene,Richland 3,,,,630
,Ballots Cast,,,Greene,Richland 3,224,152,0,376
Mike Braun,U.S. Senate,,R,Greene,Richland 3,140,95,0,235
Joe Donnelly,U.S. Senate,,D,Greene,Richland 3,71,45,0,116
Lucy M Brenton,U.S. Senate,,L,Greene,Richland 3,9,10,0,19
Write in,U.S. Senate,,,Greene,Richland 3,0,0,0,0
Connie Lawson,Secretary of State,,R,Greene,Richland 3,157,97,0,254
Jim Harper,Secretary of State,,D,Greene,Richland 3,60,43,0,103
Mark W. Rutherford,Secretary of State,,L,Greene,Richland 3,3,4,0,7
Write in,Secretary of State,,,Greene,Richland 3,0,0,0,0
Tera Klutz,Auditor of State,,R,Greene,Richland 3,147,93,0,240
Joselyn Whitticker,Auditor of State,,D,Greene,Richland 3,62,41,0,103
John Schick,Auditor of State,,L,Greene,Richland 3,3,7,0,10
Kelly Mitchell,Treasurer of State,,R,Greene,Richland 3,150,101,0,251
John C. Aguilera,Treasurer of State,,D,Greene,Richland 3,63,40,0,103
Larry D Bucshon,U.S. House,8,R,Greene,Richland 3,156,104,0,260
William Tanoos,U.S. House,8,D,Greene,Richland 3,,,,102
Tom Ferkinhoff,Write In,8,,Greene,Richland 3,0,0,0,0
Eric S Bassler,State Senate,39,R ,Greene,Richland 3,176,115,0,291
No Candidate Filed,State Senate,39,D,Greene,Richland 3,0,0,0,0
Jeff Ellington,State Representative,62,R,Greene,Richland 3,153,98,0,251
Amy Swain,State Representative,62,D,Greene,Richland 3,66,49,0,115
,Registered Voters,,,Greene,Richland 4,,,,729
,Ballots Cast,,,Greene,Richland 4,273,205,0,478
Mike Braun,U.S. Senate,,R,Greene,Richland 4,190,131,0,321
Joe Donnelly,U.S. Senate,,D,Greene,Richland 4,64,62,0,126
Lucy M Brenton,U.S. Senate,,L,Greene,Richland 4,15,8,0,23
Write in,U.S. Senate,,,Greene,Richland 4,0,0,0,0
Connie Lawson,Secretary of State,,R,Greene,Richland 4,199,137,0,336
Jim Harper,Secretary of State,,D,Greene,Richland 4,52,60,0,112
Mark W. Rutherford,Secretary of State,,L,Greene,Richland 4,9,2,0,11
Write in,Secretary of State,,,Greene,Richland 4,0,0,0,0
Tera Klutz,Auditor of State,,R,Greene,Richland 4,196,139,0,335
Joselyn Whitticker,Auditor of State,,D,Greene,Richland 4,45,56,0,101
John Schick,Auditor of State,,L,Greene,Richland 4,11,3,0,14
Kelly Mitchell,Treasurer of State,,R,Greene,Richland 4,196,141,0,337
John C. Aguilera,Treasurer of State,,D,Greene,Richland 4,55,56,0,111
Larry D Bucshon,U.S. House,8,R,Greene,Richland 4,209,151,0,360
William Tanoos,U.S. House,8,D,Greene,Richland 4,,,,99
Tom Ferkinhoff,Write In,8,,Greene,Richland 4,0,0,0,0
Eric S Bassler,State Senate,39,R ,Greene,Richland 4,218,152,0,370
No Candidate Filed,State Senate,39,D,Greene,Richland 4,0,0,0,0
Jeff Ellington,State Representative,62,R,Greene,Richland 4,210,136,0,346
Amy Swain,State Representative,62,D,Greene,Richland 4,56,65,0,121
,Registered Voters,,,Greene,Smith,,,,231
,Ballots Cast,,,Greene,Smith,98,49,0,147
Mike Braun,U.S. Senate,,R,Greene,Smith,70,38,0,108
Joe Donnelly,U.S. Senate,,D,Greene,Smith,19,9,0,28
Lucy M Brenton,U.S. Senate,,L,Greene,Smith,5,2,0,7
Write in,U.S. Senate,,,Greene,Smith,0,0,0,0
Connie Lawson,Secretary of State,,R,Greene,Smith,77,39,0,116
Jim Harper,Secretary of State,,D,Greene,Smith,12,8,0,20
Mark W. Rutherford,Secretary of State,,L,Greene,Smith,4,2,0,6
Write in,Secretary of State,,,Greene,Smith,0,0,0,0
Tera Klutz,Auditor of State,,R,Greene,Smith,78,34,0,112
Joselyn Whitticker,Auditor of State,,D,Greene,Smith,11,9,0,20
John Schick,Auditor of State,,L,Greene,Smith,3,4,0,7
Kelly Mitchell,Treasurer of State,,R,Greene,Smith,84,40,0,124
John C. Aguilera,Treasurer of State,,D,Greene,Smith,10,8,0,18
Larry D Bucshon,U.S. House,8,R,Greene,Smith,80,39,0,119
William Tanoos,U.S. House,8,D,Greene,Smith,,,,24
Tom Ferkinhoff,Write In,8,,Greene,Smith,0,0,0,0
Eric S Bassler,State Senate,39,R ,Greene,Smith,83,42,0,125
No Candidate Filed,State Senate,39,D,Greene,Smith,0,0,0,0
Jeff Ellington,State Representative,62,R,Greene,Smith,75,37,0,112
Amy Swain,State Representative,62,D,Greene,Smith,20,10,0,30
,Registered Voters,,,Greene,Stafford,,,,295
,Ballots Cast,,,Greene,Stafford,124,47,0,171
Mike Braun,U.S. Senate,,R,Greene,Stafford,96,31,0,127
Joe Donnelly,U.S. Senate,,D,Greene,Stafford,23,15,0,38
Lucy M Brenton,U.S. Senate,,L,Greene,Stafford,4,1,0,5
Write in,U.S. Senate,,,Greene,Stafford,0,0,0,0
Connie Lawson,Secretary of State,,R,Greene,Stafford,99,30,0,129
Jim Harper,Secretary of State,,D,Greene,Stafford,17,15,0,32
Mark W. Rutherford,Secretary of State,,L,Greene,Stafford,3,1,0,4
Write in,Secretary of State,,,Greene,Stafford,0,0,0,0
Tera Klutz,Auditor of State,,R,Greene,Stafford,94,29,0,123
Joselyn Whitticker,Auditor of State,,D,Greene,Stafford,17,15,0,32
John Schick,Auditor of State,,L,Greene,Stafford,3,2,0,5
Kelly Mitchell,Treasurer of State,,R,Greene,Stafford,98,29,0,127
John C. Aguilera,Treasurer of State,,D,Greene,Stafford,15,17,0,32
Larry D Bucshon,U.S. House,8,R,Greene,Stafford,105,34,0,139
William Tanoos,U.S. House,8,D,Greene,Stafford,,,,24
Tom Ferkinhoff,Write In,8,,Greene,Stafford,0,0,0,0
Eric S Bassler,State Senate,39,R ,Greene,Stafford,109,36,0,145
No Candidate Filed,State Senate,39,D,Greene,Stafford,0,0,0,0
Jeff Ellington,State Representative,62,R,Greene,Stafford,94,28,0,122
Amy Swain,State Representative,62,D,Greene,Stafford,23,18,0,41
,Registered Voters,,,Greene,Stockton 1,,,,625
,Ballots Cast,,,Greene,Stockton 1,264,100,0,364
Mike Braun,U.S. Senate,,R,Greene,Stockton 1,155,55,0,210
Joe Donnelly,U.S. Senate,,D,Greene,Stockton 1,84,38,0,122
Lucy M Brenton,U.S. Senate,,L,Greene,Stockton 1,18,7,0,25
Write in,U.S. Senate,,,Greene,Stockton 1,0,0,0,0
Connie Lawson,Secretary of State,,R,Greene,Stockton 1,179,61,0,240
Jim Harper,Secretary of State,,D,Greene,Stockton 1,65,35,0,100
Mark W. Rutherford,Secretary of State,,L,Greene,Stockton 1,8,2,0,10
Write in,Secretary of State,,,Greene,Stockton 1,1,0,0,1
Tera Klutz,Auditor of State,,R,Greene,Stockton 1,170,58,0,228
Joselyn Whitticker,Auditor of State,,D,Greene,Stockton 1,77,37,0,114
John Schick,Auditor of State,,L,Greene,Stockton 1,5,4,0,9
Kelly Mitchell,Treasurer of State,,R,Greene,Stockton 1,184,62,0,246
John C. Aguilera,Treasurer of State,,D,Greene,Stockton 1,67,37,0,104
Larry D Bucshon,U.S. House,8,R,Greene,Stockton 1,194,71,0,265
William Tanoos,U.S. House,8,D,Greene,Stockton 1,,,,92
Tom Ferkinhoff,Write In,8,,Greene,Stockton 1,0,0,0,0
Eric S Bassler,State Senate,39,R ,Greene,Stockton 1,210,76,0,286
No Candidate Filed,State Senate,39,D,Greene,Stockton 1,0,0,0,0
Jeff Ellington,State Representative,62,R,Greene,Stockton 1,180,0,0,240
Amy Swain,State Representative,62,D,Greene,Stockton 1,75,40,0,115
,Registered Voters,,,Greene,Stockton 2,,,,1277
,Ballots Cast,,,Greene,Stockton 2,542,207,0,749
Mike Braun,U.S. Senate,,R,Greene,Stockton 2,388,136,0,524
Joe Donnelly,U.S. Senate,,D,Greene,Stockton 2,128,67,0,195
Lucy M Brenton,U.S. Senate,,L,Greene,Stockton 2,21,4,0,25
Write in,U.S. Senate,,,Greene,Stockton 2,0,0,0,0
Connie Lawson,Secretary of State,,R,Greene,Stockton 2,404,151,0,555
Jim Harper,Secretary of State,,D,Greene,Stockton 2,110,49,0,159
Mark W. Rutherford,Secretary of State,,L,Greene,Stockton 2,14,3,0,17
Write in,Secretary of State,,,Greene,Stockton 2,0,0,0,0
Tera Klutz,Auditor of State,,R,Greene,Stockton 2,386,140,0,526
Joselyn Whitticker,Auditor of State,,D,Greene,Stockton 2,115,52,0,167
John Schick,Auditor of State,,L,Greene,Stockton 2,14,4,0,18
Kelly Mitchell,Treasurer of State,,R,Greene,Stockton 2,409,149,0,558
John C. Aguilera,Treasurer of State,,D,Greene,Stockton 2,103,45,0,148
Larry D Bucshon,U.S. House,8,R,Greene,Stockton 2,424,157,0,581
William Tanoos,U.S. House,8,D,Greene,Stockton 2,,,,154
Tom Ferkinhoff,Write In,8,,Greene,Stockton 2,0,0,0,0
Eric S Bassler,State Senate,39,R ,Greene,Stockton 2,455,169,0,624
No Candidate Filed,State Senate,39,D,Greene,Stockton 2,0,0,0,0
Jeff Ellington,State Representative,62,R,Greene,Stockton 2,395,145,0,540
Amy Swain,State Representative,62,D,Greene,Stockton 2,133,57,0,190
,Registered Voters,,,Greene,Stockton 3,,,,593
,Ballots Cast,,,Greene,Stockton 3,185,109,0,294
Mike Braun,U.S. Senate,,R,Greene,Stockton 3,102,9,0,161
Joe Donnelly,U.S. Senate,,D,Greene,Stockton 3,71,46,0,117
Lucy M Brenton,U.S. Senate,,L,Greene,Stockton 3,8,3,0,11
Write in,U.S. Senate,,,Greene,Stockton 3,0,0,0,0
Connie Lawson,Secretary of State,,R,Greene,Stockton 3,114,61,0,175
Jim Harper,Secretary of State,,D,Greene,Stockton 3,62,43,0,105
Mark W. Rutherford,Secretary of State,,L,Greene,Stockton 3,4,3,0,7
Write in,Secretary of State,,,Greene,Stockton 3,0,0,0,0
Tera Klutz,Auditor of State,,R,Greene,Stockton 3,106,60,0,166
Joselyn Whitticker,Auditor of State,,D,Greene,Stockton 3,64,44,0,108
John Schick,Auditor of State,,L,Greene,Stockton 3,4,3,0,7
Kelly Mitchell,Treasurer of State,,R,Greene,Stockton 3,113,60,0,173
John C. Aguilera,Treasurer of State,,D,Greene,Stockton 3,62,44,0,106
Larry D Bucshon,U.S. House,8,R,Greene,Stockton 3,119,70,0,189
William Tanoos,U.S. House,8,D,Greene,Stockton 3,,,,97
Tom Ferkinhoff,Write In,8,,Greene,Stockton 3,0,0,0,0
Eric S Bassler,State Senate,39,R ,Greene,Stockton 3,132,75,0,207
No Candidate Filed,State Senate,39,D,Greene,Stockton 3,0,0,0,0
Jeff Ellington,State Representative,62,R,Greene,Stockton 3,107,62,0,169
Amy Swain,State Representative,62,D,Greene,Stockton 3,73,45,0,118
,Registered Voters,,,Greene,Stockton 4,,,,594
,Ballots Cast,,,Greene,Stockton 4,199,87,0,286
Mike Braun,U.S. Senate,,R,Greene,Stockton 4,116,52,0,168
Joe Donnelly,U.S. Senate,,D,Greene,Stockton 4,68,28,0,96
Lucy M Brenton,U.S. Senate,,L,Greene,Stockton 4,12,7,0,19
Write in,U.S. Senate,,,Greene,Stockton 4,0,0,0,0
Connie Lawson,Secretary of State,,R,Greene,Stockton 4,127,59,0,186
Jim Harper,Secretary of State,,D,Greene,Stockton 4,57,24,0,81
Mark W. Rutherford,Secretary of State,,L,Greene,Stockton 4,9,1,0,10
Write in,Secretary of State,,,Greene,Stockton 4,0,0,0,0
Tera Klutz,Auditor of State,,R,Greene,Stockton 4,120,54,0,174
Joselyn Whitticker,Auditor of State,,D,Greene,Stockton 4,61,24,0,85
John Schick,Auditor of State,,L,Greene,Stockton 4,7,4,0,11
Kelly Mitchell,Treasurer of State,,R,Greene,Stockton 4,126,59,0,185
John C. Aguilera,Treasurer of State,,D,Greene,Stockton 4,63,23,0,86
Larry D Bucshon,U.S. House,8,R,Greene,Stockton 4,131,63,0,194
William Tanoos,U.S. House,8,D,Greene,Stockton 4,,,,82
Tom Ferkinhoff,Write In,8,,Greene,Stockton 4,0,0,0,0
Eric S Bassler,State Senate,39,R ,Greene,Stockton 4,160,63,0,223
No Candidate Filed,State Senate,39,D,Greene,Stockton 4,0,0,0,0
Jeff Ellington,State Representative,62,R,Greene,Stockton 4,128,53,0,181
Amy Swain,State Representative,62,D,Greene,Stockton 4,68,34,0,102
,Registered Voters,,,Greene,Stockton 5,,,,520
,Ballots Cast,,,Greene,Stockton 5,164,76,0,240
Mike Braun,U.S. Senate,,R,Greene,Stockton 5,101,35,0,136
Joe Donnelly,U.S. Senate,,D,Greene,Stockton 5,52,37,0,89
Lucy M Brenton,U.S. Senate,,L,Greene,Stockton 5,9,2,0,11
Write in,U.S. Senate,,,Greene,Stockton 5,0,0,0,0
Connie Lawson,Secretary of State,,R,Greene,Stockton 5,103,40,0,143
Jim Harper,Secretary of State,,D,Greene,Stockton 5,51,33,0,84
Mark W. Rutherford,Secretary of State,,L,Greene,Stockton 5,7,1,0,8
Write in,Secretary of State,,,Greene,Stockton 5,0,0,0,0
Tera Klutz,Auditor of State,,R,Greene,Stockton 5,98,35,0,133
Joselyn Whitticker,Auditor of State,,D,Greene,Stockton 5,52,33,0,85
John Schick,Auditor of State,,L,Greene,Stockton 5,6,4,0,10
Kelly Mitchell,Treasurer of State,,R,Greene,Stockton 5,109,39,0,148
John C. Aguilera,Treasurer of State,,D,Greene,Stockton 5,47,31,0,78
Larry D Bucshon,U.S. House,8,R,Greene,Stockton 5,115,40,0,155
William Tanoos,U.S. House,8,D,Greene,Stockton 5,,,,75
Tom Ferkinhoff,Write In,8,,Greene,Stockton 5,0,0,0,0
Eric S Bassler,State Senate,39,R ,Greene,Stockton 5,128,55,0,183
No Candidate Filed,State Senate,39,D,Greene,Stockton 5,0,0,0,0
Jeff Ellington,State Representative,62,R,Greene,Stockton 5,109,38,0,147
Amy Swain,State Representative,62,D,Greene,Stockton 5,54,36,0,90
,Registered Voters,,,Greene,Stockton 6,,,,679
,Ballots Cast,,,Greene,Stockton 6,260,134,0,394
Mike Braun,U.S. Senate,,R,Greene,Stockton 6,164,69,0,233
Joe Donnelly,U.S. Senate,,D,Greene,Stockton 6,81,61,0,142
Lucy M Brenton,U.S. Senate,,L,Greene,Stockton 6,11,1,0,12
Write in,U.S. Senate,,,Greene,Stockton 6,0,0,0,0
Connie Lawson,Secretary of State,,R,Greene,Stockton 6,166,72,0,238
Jim Harper,Secretary of State,,D,Greene,Stockton 6,75,57,0,132
Mark W. Rutherford,Secretary of State,,L,Greene,Stockton 6,6,2,0,8
Write in,Secretary of State,,,Greene,Stockton 6,0,0,0,0
Tera Klutz,Auditor of State,,R,Greene,Stockton 6,168,72,0,240
Joselyn Whitticker,Auditor of State,,D,Greene,Stockton 6,72,58,0,130
John Schick,Auditor of State,,L,Greene,Stockton 6,7,0,0,7
Kelly Mitchell,Treasurer of State,,R,Greene,Stockton 6,174,73,0,247
John C. Aguilera,Treasurer of State,,D,Greene,Stockton 6,73,56,0,129
Larry D Bucshon,U.S. House,8,R,Greene,Stockton 6,185,73,0,258
William Tanoos,U.S. House,8,D,Greene,Stockton 6,,,,127
Tom Ferkinhoff,Write In,8,,Greene,Stockton 6,0,0,0,0
Eric S Bassler,State Senate,39,R ,Greene,Stockton 6,198,84,0,282
No Candidate Filed,State Senate,39,D,Greene,Stockton 6,0,0,0,0
Jeff Ellington,State Representative,62,R,Greene,Stockton 6,179,71,0,250
Amy Swain,State Representative,62,D,Greene,Stockton 6,75,62,0,137
,Registered Voters,,,Greene,Stockton 7,,,,689
,Ballots Cast,,,Greene,Stockton 7,268,129,0,397
Mike Braun,U.S. Senate,,R,Greene,Stockton 7,175,74,0,249
Joe Donnelly,U.S. Senate,,D,Greene,Stockton 7,78,47,0,125
Lucy M Brenton,U.S. Senate,,L,Greene,Stockton 7,12,6,0,18
Write in,U.S. Senate,,,Greene,Stockton 7,0,0,0,0
Connie Lawson,Secretary of State,,R,Greene,Stockton 7,187,77,0,264
Jim Harper,Secretary of State,,D,Greene,Stockton 7,65,48,0,113
Mark W. Rutherford,Secretary of State,,L,Greene,Stockton 7,7,3,0,10
Write in,Secretary of State,,,Greene,Stockton 7,0,0,0,0
Tera Klutz,Auditor of State,,R,Greene,Stockton 7,178,73,0,251
Joselyn Whitticker,Auditor of State,,D,Greene,Stockton 7,71,48,0,119
John Schick,Auditor of State,,L,Greene,Stockton 7,6,5,0,11
Kelly Mitchell,Treasurer of State,,R,Greene,Stockton 7,183,76,0,259
John C. Aguilera,Treasurer of State,,D,Greene,Stockton 7,71,48,0,119
Larry D Bucshon,U.S. House,8,R,Greene,Stockton 7,190,82,0,272
William Tanoos,U.S. House,8,D,Greene,Stockton 7,,,,113
Tom Ferkinhoff,Write In,8,,Greene,Stockton 7,0,0,0,0
Eric S Bassler,State Senate,39,R ,Greene,Stockton 7,213,93,0,306
No Candidate Filed,State Senate,39,D,Greene,Stockton 7,0,0,0,0
Jeff Ellington,State Representative,62,R,Greene,Stockton 7,173,73,0,246
Amy Swain,State Representative,62,D,Greene,Stockton 7,88,54,0,142
,Registered Voters,,,Greene,Taylor,,,,778
,Ballots Cast,,,Greene,Taylor,356,170,0,526
Mike Braun,U.S. Senate,,R,Greene,Taylor,244,95,0,339
Joe Donnelly,U.S. Senate,,D,Greene,Taylor,87,60,0,147
Lucy M Brenton,U.S. Senate,,L,Greene,Taylor,18,13,0,31
Write in,U.S. Senate,,,Greene,Taylor,0,0,0,0
Connie Lawson,Secretary of State,,R,Greene,Taylor,257,110,0,367
Jim Harper,Secretary of State,,D,Greene,Taylor,69,55,0,124
Mark W. Rutherford,Secretary of State,,L,Greene,Taylor,14,2,0,16
Write in,Secretary of State,,,Greene,Taylor,1,0,0,1
Tera Klutz,Auditor of State,,R,Greene,Taylor,251,105,0,356
Joselyn Whitticker,Auditor of State,,D,Greene,Taylor,71,56,0,127
John Schick,Auditor of State,,L,Greene,Taylor,16,3,0,19
Kelly Mitchell,Treasurer of State,,R,Greene,Taylor,268,106,0,374
John C. Aguilera,Treasurer of State,,D,Greene,Taylor,71,56,0,127
Larry D Bucshon,U.S. House,8,R,Greene,Taylor,273,115,0,388
William Tanoos,U.S. House,8,D,Greene,Taylor,,,,120
Tom Ferkinhoff,Write In,8,,Greene,Taylor,0,0,0,0
Eric S Bassler,State Senate,39,R ,Greene,Taylor,288,131,0,419
No Candidate Filed,State Senate,39,D,Greene,Taylor,0,0,0,0
Jeff Ellington,State Representative,62,R,Greene,Taylor,268,107,0,375
Amy Swain,State Representative,62,D,Greene,Taylor,80,61,0,141
,Registered Voters,,,Greene,Washington 1,,,,286
,Ballots Cast,,,Greene,Washington 1,138,28,0,166
Mike Braun,U.S. Senate,,R,Greene,Washington 1,91,19,0,110
Joe Donnelly,U.S. Senate,,D,Greene,Washington 1,38,8,0,46
Lucy M Brenton,U.S. Senate,,L,Greene,Washington 1,6,0,0,6
Write in,U.S. Senate,,,Greene,Washington 1,0,0,0,0
Connie Lawson,Secretary of State,,R,Greene,Washington 1,97,19,0,116
Jim Harper,Secretary of State,,D,Greene,Washington 1,30,7,0,37
Mark W. Rutherford,Secretary of State,,L,Greene,Washington 1,9,0,0,9
Write in,Secretary of State,,,Greene,Washington 1,0,0,0,0
Tera Klutz,Auditor of State,,R,Greene,Washington 1,97,16,0,113
Joselyn Whitticker,Auditor of State,,D,Greene,Washington 1,30,8,0,38
John Schick,Auditor of State,,L,Greene,Washington 1,4,0,0,4
Kelly Mitchell,Treasurer of State,,R,Greene,Washington 1,97,17,0,114
John C. Aguilera,Treasurer of State,,D,Greene,Washington 1,33,7,0,40
Larry D Bucshon,U.S. House,8,R,Greene,Washington 1,100,16,0,116
William Tanoos,U.S. House,8,D,Greene,Washington 1,,,,39
Tom Ferkinhoff,Write In,8,,Greene,Washington 1,0,0,0,0
Eric S Bassler,State Senate,39,R ,Greene,Washington 1,114,22,0,136
No Candidate Filed,State Senate,39,D,Greene,Washington 1,0,0,0,0
Jeff Ellington,State Representative,62,R,Greene,Washington 1,100,17,0,117
Amy Swain,State Representative,62,D,Greene,Washington 1,35,10,0,45
,Registered Voters,,,Greene,Washington 2,,,,324
,Ballots Cast,,,Greene,Washington 2,151,31,0,182
Mike Braun,U.S. Senate,,R,Greene,Washington 2,106,19,0,125
Joe Donnelly,U.S. Senate,,D,Greene,Washington 2,36,11,0,47
Lucy M Brenton,U.S. Senate,,L,Greene,Washington 2,6,1,0,7
Write in,U.S. Senate,,,Greene,Washington 2,0,0,0,0
Connie Lawson,Secretary of State,,R,Greene,Washington 2,112,21,0,133
Jim Harper,Secretary of State,,D,Greene,Washington 2,33,8,0,41
Mark W. Rutherford,Secretary of State,,L,Greene,Washington 2,3,0,0,3
Write in,Secretary of State,,,Greene,Washington 2,0,0,0,0
Tera Klutz,Auditor of State,,R,Greene,Washington 2,106,21,0,127
Joselyn Whitticker,Auditor of State,,D,Greene,Washington 2,32,7,0,39
John Schick,Auditor of State,,L,Greene,Washington 2,5,0,0,5
Kelly Mitchell,Treasurer of State,,R,Greene,Washington 2,109,20,0,129
John C. Aguilera,Treasurer of State,,D,Greene,Washington 2,34,8,0,42
Larry D Bucshon,U.S. House,8,R,Greene,Washington 2,117,20,0,137
William Tanoos,U.S. House,8,D,Greene,Washington 2,,,,36
Tom Ferkinhoff,Write In,8,,Greene,Washington 2,0,0,0,0
Eric S Bassler,State Senate,39,R ,Greene,Washington 2,126,23,0,149
No Candidate Filed,State Senate,39,D,Greene,Washington 2,0,0,0,0
Jeff Ellington,State Representative,62,R,Greene,Washington 2,113,23,0,136
Amy Swain,State Representative,62,D,Greene,Washington 2,35,8,0,43
,Registered Voters,,,Greene,Wright 1,,,,376
,Ballots Cast,,,Greene,Wright 1,148,38,0,186
Mike Braun,U.S. Senate,,R,Greene,Wright 1,95,17,0,112
Joe Donnelly,U.S. Senate,,D,Greene,Wright 1,44,20,0,64
Lucy M Brenton,U.S. Senate,,L,Greene,Wright 1,6,1,0,7
Write in,U.S. Senate,,,Greene,Wright 1,0,0,0,0
Connie Lawson,Secretary of State,,R,Greene,Wright 1,100,21,0,121
Jim Harper,Secretary of State,,D,Greene,Wright 1,37,17,0,54
Mark W. Rutherford,Secretary of State,,L,Greene,Wright 1,7,0,0,7
Write in,Secretary of State,,,Greene,Wright 1,0,0,0,0
Tera Klutz,Auditor of State,,R,Greene,Wright 1,99,18,0,117
Joselyn Whitticker,Auditor of State,,D,Greene,Wright 1,38,18,0,56
John Schick,Auditor of State,,L,Greene,Wright 1,5,2,0,7
Kelly Mitchell,Treasurer of State,,R,Greene,Wright 1,107,20,0,127
John C. Aguilera,Treasurer of State,,D,Greene,Wright 1,36,18,0,54
Larry D Bucshon,U.S. House,8,R,Greene,Wright 1,106,19,0,125
William Tanoos,U.S. House,8,D,Greene,Wright 1,,,,57
Tom Ferkinhoff,Write In,8,,Greene,Wright 1,,,,
Eric S Bassler,State Senate,39,R ,Greene,Wright 1,109,23,0,132
No Candidate Filed,State Senate,39,D,Greene,Wright 1,0,0,0,0
Bruce Borders,State Representative,45,R,Greene,Wright 1,83,16,0,99
Jim Exline,State Representative,45,D,Greene,Wright 1,62,20,0,82
,Registered Voters,,,Greene,Wright 2,,,,256
,Ballots Cast,,,Greene,Wright 2,111,21,0,132
Mike Braun,U.S. Senate,,R,Greene,Wright 2,65,8,0,73
Joe Donnelly,U.S. Senate,,D,Greene,Wright 2,41,11,0,52
Lucy M Brenton,U.S. Senate,,L,Greene,Wright 2,3,1,0,4
Write in,U.S. Senate,,,Greene,Wright 2,0,0,0,0
Connie Lawson,Secretary of State,,R,Greene,Wright 2,64,8,0,72
Jim Harper,Secretary of State,,D,Greene,Wright 2,38,11,0,49
Mark W. Rutherford,Secretary of State,,L,Greene,Wright 2,4,1,0,5
Write in,Secretary of State,,,Greene,Wright 2,0,0,0,0
Tera Klutz,Auditor of State,,R,Greene,Wright 2,63,8,0,71
Joselyn Whitticker,Auditor of State,,D,Greene,Wright 2,42,12,0,54
John Schick,Auditor of State,,L,Greene,Wright 2,2,1,0,3
Kelly Mitchell,Treasurer of State,,R,Greene,Wright 2,69,10,0,79
John C. Aguilera,Treasurer of State,,D,Greene,Wright 2,38,10,0,48
Larry D Bucshon,U.S. House,8,R,Greene,Wright 2,67,11,0,78
William Tanoos,U.S. House,8,D,Greene,Wright 2,,,,49
Tom Ferkinhoff,Write In,8,,Greene,Wright 2,0,0,0,0
Eric S Bassler,State Senate,39,R ,Greene,Wright 2,80,11,0,91
No Candidate Filed,State Senate,39,D,Greene,Wright 2,0,0,0,0
Bruce Borders,State Representative,45,R,Greene,Wright 2,61,10,0,71
Jim Exline,State Representative,45,D,Greene,Wright 2,46,10,0,56
,Registered Voters,,,Greene,Wright 3,,,,392
,Ballots Cast,,,Greene,Wright 3,165,25,0,190
Mike Braun,U.S. Senate,,R,Greene,Wright 3,108,13,0,121
Joe Donnelly,U.S. Senate,,D,Greene,Wright 3,35,9,0,44
Lucy M Brenton,U.S. Senate,,L,Greene,Wright 3,19,2,0,21
Write in,U.S. Senate,,,Greene,Wright 3,0,0,0,0
Connie Lawson,Secretary of State,,R,Greene,Wright 3,115,15,0,130
Jim Harper,Secretary of State,,D,Greene,Wright 3,35,9,0,44
Mark W. Rutherford,Secretary of State,,L,Greene,Wright 3,11,0,0,11
Write in,Secretary of State,,,Greene,Wright 3,0,0,0,0
Tera Klutz,Auditor of State,,R,Greene,Wright 3,113,15,0,128
Joselyn Whitticker,Auditor of State,,D,Greene,Wright 3,36,8,0,44
John Schick,Auditor of State,,L,Greene,Wright 3,8,0,0,8
Kelly Mitchell,Treasurer of State,,R,Greene,Wright 3,124,14,0,138
John C. Aguilera,Treasurer of State,,D,Greene,Wright 3,34,9,0,43
Larry D Bucshon,U.S. House,8,R,Greene,Wright 3,124,15,0,139
William Tanoos,U.S. House,8,D,Greene,Wright 3,,,,41
Tom Ferkinhoff,Write In,8,,Greene,Wright 3,0,0,0,0
Eric S Bassler,State Senate,39,R ,Greene,Wright 3,137,15,0,152
No Candidate Filed,State Senate,39,D,Greene,Wright 3,0,0,0,0
Bruce Borders,State Representative,45,R,Greene,Wright 3,92,12,0,104
Jim Exline,State Representative,45,D,Greene,Wright 3,66,10,0,76
,Registered Voters,,,Greene,Wright 4,,,,489
,Ballots Cast,,,Greene,Wright 4,193,59,0,252
Mike Braun,U.S. Senate,,R,Greene,Wright 4,111,41,0,152
Joe Donnelly,U.S. Senate,,D,Greene,Wright 4,68,16,0,84
Lucy M Brenton,U.S. Senate,,L,Greene,Wright 4,11,2,0,13
Write in,U.S. Senate,,,Greene,Wright 4,0,0,0,0
Connie Lawson,Secretary of State,,R,Greene,Wright 4,119,45,0,164
Jim Harper,Secretary of State,,D,Greene,Wright 4,59,12,0,71
Mark W. Rutherford,Secretary of State,,L,Greene,Wright 4,12,2,0,14
Write in,Secretary of State,,,Greene,Wright 4,0,0,0,0
Tera Klutz,Auditor of State,,R,Greene,Wright 4,121,44,0,165
Joselyn Whitticker,Auditor of State,,D,Greene,Wright 4,58,13,0,71
John Schick,Auditor of State,,L,Greene,Wright 4,5,2,0,7
Kelly Mitchell,Treasurer of State,,R,Greene,Wright 4,126,46,0,172
John C. Aguilera,Treasurer of State,,D,Greene,Wright 4,56,13,0,69
Larry D Bucshon,U.S. House,8,R,Greene,Wright 4,130,44,0,174
William Tanoos,U.S. House,8,D,Greene,Wright 4,,,,72
Tom Ferkinhoff,Write In,8,,Greene,Wright 4,0,0,0,0
Eric S Bassler,State Senate,39,R ,Greene,Wright 4,139,47,0,186
No Candidate Filed,State Senate,39,D,Greene,Wright 4,0,0,0,0
Bruce Borders,State Representative,45,R,Greene,Wright 4,105,41,0,146
Jim Exline,State Representative,45,D,Greene,Wright 4,81,15,0,96
,Registered Voters,,,Greene,Wright 5,,,,605
,Ballots Cast,,,Greene,Wright 5,270,71,0,341
Mike Braun,U.S. Senate,,R,Greene,Wright 5,189,46,0,235
Joe Donnelly,U.S. Senate,,D,Greene,Wright 5,64,21,0,85
Lucy M Brenton,U.S. Senate,,L,Greene,Wright 5,13,3,0,16
Write in,U.S. Senate,,,Greene,Wright 5,0,0,0,0
Connie Lawson,Secretary of State,,R,Greene,Wright 5,190,54,0,244
Jim Harper,Secretary of State,,D,Greene,Wright 5,63,17,0,80
Mark W. Rutherford,Secretary of State,,L,Greene,Wright 5,11,0,0,11
Write in,Secretary of State,,,Greene,Wright 5,0,0,0,0
Tera Klutz,Auditor of State,,R,Greene,Wright 5,190,48,0,238
Joselyn Whitticker,Auditor of State,,D,Greene,Wright 5,58,19,0,77
John Schick,Auditor of State,,L,Greene,Wright 5,11,2,0,13
Kelly Mitchell,Treasurer of State,,R,Greene,Wright 5,199,51,0,250
John C. Aguilera,Treasurer of State,,D,Greene,Wright 5,61,18,0,79
Larry D Bucshon,U.S. House,8,R,Greene,Wright 5,208,55,0,263
William Tanoos,U.S. House,8,D,Greene,Wright 5,,,,66
Tom Ferkinhoff,Write In,8,,Greene,Wright 5,0,0,0,0
Eric S Bassler,State Senate,39,R ,Greene,Wright 5,220,59,0,279
No Candidate Filed,State Senate,39,D,Greene,Wright 5,0,0,0,0
Bruce Borders,State Representative,45,R,Greene,Wright 5,170,43,0,213
Jim Exline,State Representative,45,D,Greene,Wright 5,93,28,0,121