county,precinct,office,district,candidate,party,absentee,early_voting,election day,votes
Harrison,Federal,Ballots Cast,,,,,,,0
Harrison,Federal,U.S. Senate,,Mike Braun,,0,0,0,0
Harrison,Federal,U.S. Senate,,Luke Messer,,0,0,0,0
Harrison,Federal,U.S. Senate,,Todd Rokita,,0,0,0,0
Harrison,Federal,U.S. Senate,,Over Votes,,0,0,0,0
Harrison,Federal,U.S. Senate,,Under Votes,,0,0,0,0
Harrison,Federal,U.S. House,9,James Dean Alspach,,0,0,0,0
Harrison,Federal,U.S. House,9,Trey Hollingsworth,,0,0,0,0
Harrison,Federal,U.S. House,9,Over Votes,,0,0,0,0
Harrison,Federal,U.S. House,9,Under Votes,,0,0,0,0
Harrison,Federal,U.S. Senate,,Joe Donnelly,,0,0,0,0
Harrison,Federal,U.S. Senate,,Over Votes,,0,0,0,0
Harrison,Federal,U.S. Senate,,Under Votes,,0,0,0,0
Harrison,Federal,U.S. House,9,Dan Canon,,0,0,0,0
Harrison,Federal,U.S. House,9,Rob Chatlos,,0,0,0,0
Harrison,Federal,U.S. House,9,Liz Watson,,0,0,0,0
Harrison,Federal,U.S. House,9,Over Votes,,0,0,0,0
Harrison,Federal,U.S. House,9,Under Votes,,0,0,0,0
Harrison,Precinct 01,Ballots Cast,,,,,,,227
Harrison,Precinct 01,U.S. Senate,,Mike Braun,,3,0,64,67
Harrison,Precinct 01,U.S. Senate,,Luke Messer,,2,0,38,40
Harrison,Precinct 01,U.S. Senate,,Todd Rokita,,6,0,26,32
Harrison,Precinct 01,U.S. Senate,,Over Votes,,0,0,0,0
Harrison,Precinct 01,U.S. Senate,,Under Votes,,11,0,30,31
Harrison,Precinct 01,U.S. House,9,James Dean Alspach,,2,0,23,25
Harrison,Precinct 01,U.S. House,9,Trey Hollingsworth,,9,0,116,125
Harrison,Precinct 01,U.S. House,9,Over Votes,,0,0,0,0
Harrison,Precinct 01,U.S. House,9,Under Votes,,1,0,19,20
Harrison,Precinct 01,State Senate,47,Erin Houchin,,11,0,113,124
Harrison,Precinct 01,State Senate,47,Over Votes,,0,0,0,0
Harrison,Precinct 01,State Senate,47,Under Votes,,1,0,45,46
Harrison,Precinct 01,State House,73,Steve Davisson,,8,0,104,112
Harrison,Precinct 01,State House,73,Buford L. Dewitt,,3,0,25,28
Harrison,Precinct 01,U.S. House,73,Over Votes,,0,0,0,0
Harrison,Precinct 01,U.S. House,73,Under Votes,,1,0,29,30
Harrison,Precinct 01,U.S. Senate,,Joe Donnelly,,4,0,42,46
Harrison,Precinct 01,U.S. Senate,,Over Votes,,0,0,0,0
Harrison,Precinct 01,U.S. Senate,,Under Votes,,2,0,9,11
Harrison,Precinct 01,U.S. House,9,Dan Canon,,1,0,17,18
Harrison,Precinct 01,U.S. House,9,Rob Chatlos,,0,0,2,2
Harrison,Precinct 01,U.S. House,9,Liz Watson,,5,0,29,34
Harrison,Precinct 01,U.S. House,9,Over Votes,,0,0,0,0
Harrison,Precinct 01,U.S. House,9,Under Votes,,0,0,3,3
Harrison,Precinct 01,State Senate,47,Nicholas A. (Nick) Siler,,4,0,39,43
Harrison,Precinct 01,State Senate,47,Over Votes,,0,0,0,0
Harrison,Precinct 01,State Senate,47,Under Votes,,2,0,12,14
Harrison,Precinct 01,State House,73,No Candidate for Race,,0,0,0,0
Harrison,Precinct 02,Ballots Cast,,,,,,,245
Harrison,Precinct 02,U.S. Senate,,Mike Braun,,9,0,69,78
Harrison,Precinct 02,U.S. Senate,,Luke Messer,,4,0,43,47
Harrison,Precinct 02,U.S. Senate,,Todd Rokita,,3,0,21,24
Harrison,Precinct 02,U.S. Senate,,Over Votes,,0,0,0,0
Harrison,Precinct 02,U.S. Senate,,Under Votes,,5,0,9,14
Harrison,Precinct 02,U.S. House,9,James Dean Alspach,,5,0,26,31
Harrison,Precinct 02,U.S. House,9,Trey Hollingsworth,,11,0,109,120
Harrison,Precinct 02,U.S. House,9,Over Votes,,0,0,0,0
Harrison,Precinct 02,U.S. House,9,Under Votes,,5,0,7,12
Harrison,Precinct 02,State Senate,47,Erin Houchin,,17,0,119,136
Harrison,Precinct 02,State Senate,47,Over Votes,,0,0,0,0
Harrison,Precinct 02,State Senate,47,Under Votes,,4,0,23,27
Harrison,Precinct 02,State House,73,Steve Davisson,,17,0,99,116
Harrison,Precinct 02,State House,73,Buford L. Dewitt,,2,0,24,26
Harrison,Precinct 02,U.S. House,73,Over Votes,,0,0,0,0
Harrison,Precinct 02,U.S. House,73,Under Votes,,2,0,19,21
Harrison,Precinct 02,U.S. Senate,,Joe Donnelly,,22,0,48,70
Harrison,Precinct 02,U.S. Senate,,Over Votes,,0,0,0,0
Harrison,Precinct 02,U.S. Senate,,Under Votes,,3,0,9,12
Harrison,Precinct 02,U.S. House,9,Dan Canon,,8,0,17,25
Harrison,Precinct 02,U.S. House,9,Rob Chatlos,,1,0,4,5
Harrison,Precinct 02,U.S. House,9,Liz Watson,,16,0,34,50
Harrison,Precinct 02,U.S. House,9,Over Votes,,0,0,0,0
Harrison,Precinct 02,U.S. House,9,Under Votes,,0,0,2,2
Harrison,Precinct 02,State Senate,47,Nicholas A. (Nick) Siler,,22,0,47,69
Harrison,Precinct 02,State Senate,47,Over Votes,,0,0,0,0
Harrison,Precinct 02,State Senate,47,Under Votes,,3,0,10,13
Harrison,Precinct 02,State House,73,No Candidate for Race,,0,0,0,0
Harrison,Precinct 03,Ballots Cast,,,,,,,164
Harrison,Precinct 03,U.S. Senate,,Mike Braun,,8,0,43,51
Harrison,Precinct 03,U.S. Senate,,Luke Messer,,2,0,40,42
Harrison,Precinct 03,U.S. Senate,,Todd Rokita,,2,0,24,26
Harrison,Precinct 03,U.S. Senate,,Over Votes,,0,0,0,0
Harrison,Precinct 03,U.S. Senate,,Under Votes,,2,0,15,17
Harrison,Precinct 03,U.S. House,9,James Dean Alspach,,6,0,17,23
Harrison,Precinct 03,U.S. House,9,Trey Hollingsworth,,8,0,94,102
Harrison,Precinct 03,U.S. House,9,Over Votes,,0,0,0,0
Harrison,Precinct 03,U.S. House,9,Under Votes,,0,0,11,11
Harrison,Precinct 03,State Senate,47,Erin Houchin,,11,0,92,103
Harrison,Precinct 03,State Senate,47,Over Votes,,0,0,0,0
Harrison,Precinct 03,State Senate,47,Under Votes,,3,0,30,33
Harrison,Precinct 03,State House,70,Karen Engleman,,10,0,94,104
Harrison,Precinct 03,State House,70,Over Votes,,0,0,0,0
Harrison,Precinct 03,State House,70,Under Votes,,4,0,28,32
Harrison,Precinct 03,U.S. Senate,,Joe Donnelly,,5,0,21,26
Harrison,Precinct 03,U.S. Senate,,Over Votes,,0,0,0,0
Harrison,Precinct 03,U.S. Senate,,Under Votes,,0,0,2,2
Harrison,Precinct 03,U.S. House,9,Dan Canon,,2,0,5,7
Harrison,Precinct 03,U.S. House,9,Rob Chatlos,,1,0,1,2
Harrison,Precinct 03,U.S. House,9,Liz Watson,,2,0,17,19
Harrison,Precinct 03,U.S. House,9,Over Votes,,0,0,0,0
Harrison,Precinct 03,U.S. House,9,Under Votes,,0,0,0,0
Harrison,Precinct 03,State Senate,47,Nicholas A. (Nick) Siler,,5,0,22,27
Harrison,Precinct 03,State Senate,47,Over Votes,,0,0,0,0
Harrison,Precinct 03,State Senate,47,Under Votes,,0,0,1,1
Harrison,Precinct 03,State House,70,Sarah Stivers,,5,0,22,27
Harrison,Precinct 03,State House,70,Over Votes,,0,0,0,0
Harrison,Precinct 03,State House,70,Under Votes,,0,0,1,1
Harrison,Precinct 04,Ballots Cast,,,,,,,188
Harrison,Precinct 04,U.S. Senate,,Mike Braun,,11,0,43,54
Harrison,Precinct 04,U.S. Senate,,Luke Messer,,2,0,51,53
Harrison,Precinct 04,U.S. Senate,,Todd Rokita,,3,0,24,27
Harrison,Precinct 04,U.S. Senate,,Over Votes,,0,0,0,0
Harrison,Precinct 04,U.S. Senate,,Under Votes,,2,0,22,24
Harrison,Precinct 04,U.S. House,9,James Dean Alspach,,1,0,24,25
Harrison,Precinct 04,U.S. House,9,Trey Hollingsworth,,15,0,101,116
Harrison,Precinct 04,U.S. House,9,Over Votes,,0,0,0,0
Harrison,Precinct 04,U.S. House,9,Under Votes,,2,0,15,17
Harrison,Precinct 04,State Senate,47,Erin Houchin,,13,0,109,122
Harrison,Precinct 04,State Senate,47,Over Votes,,0,0,0,0
Harrison,Precinct 04,State Senate,47,Under Votes,,5,0,31,36
Harrison,Precinct 04,State House,70,Karen Engleman,,14,0,111,125
Harrison,Precinct 04,State House,70,Over Votes,,0,0,0,0
Harrison,Precinct 04,State House,70,Under Votes,,4,0,29,33
Harrison,Precinct 04,U.S. Senate,,Joe Donnelly,,2,0,22,24
Harrison,Precinct 04,U.S. Senate,,Over Votes,,0,0,0,0
Harrison,Precinct 04,U.S. Senate,,Under Votes,,0,0,6,6
Harrison,Precinct 04,U.S. House,9,Dan Canon,,1,0,8,9
Harrison,Precinct 04,U.S. House,9,Rob Chatlos,,0,0,1,1
Harrison,Precinct 04,U.S. House,9,Liz Watson,,1,0,18,19
Harrison,Precinct 04,U.S. House,9,Over Votes,,0,0,0,0
Harrison,Precinct 04,U.S. House,9,Under Votes,,0,0,1,1
Harrison,Precinct 04,State Senate,47,Nicholas A. (Nick) Siler,,2,0,23,25
Harrison,Precinct 04,State Senate,47,Over Votes,,0,0,0,0
Harrison,Precinct 04,State Senate,47,Under Votes,,0,0,5,5
Harrison,Precinct 04,State House,70,Sarah Stivers,,2,0,22,24
Harrison,Precinct 04,State House,70,Over Votes,,0,0,0,0
Harrison,Precinct 04,State House,70,Under Votes,,0,0,6,6
Harrison,Precinct 05,Ballots Cast,,,,,,,159
Harrison,Precinct 05,U.S. Senate,,Mike Braun,,8,0,35,43
Harrison,Precinct 05,U.S. Senate,,Luke Messer,,3,0,22,25
Harrison,Precinct 05,U.S. Senate,,Todd Rokita,,6,0,21,27
Harrison,Precinct 05,U.S. Senate,,Over Votes,,0,0,0,0
Harrison,Precinct 05,U.S. Senate,,Under Votes,,4,0,10,14
Harrison,Precinct 05,U.S. House,9,James Dean Alspach,,6,0,12,18
Harrison,Precinct 05,U.S. House,9,Trey Hollingsworth,,12,0,70,82
Harrison,Precinct 05,U.S. House,9,Over Votes,,0,0,0,0
Harrison,Precinct 05,U.S. House,9,Under Votes,,3,0,6,9
Harrison,Precinct 05,State Senate,47,Erin Houchin,,20,0,70,90
Harrison,Precinct 05,State Senate,47,Over Votes,,0,0,0,0
Harrison,Precinct 05,State Senate,47,Under Votes,,1,0,18,19
Harrison,Precinct 05,State House,70,Karen Engleman,,17,0,72,89
Harrison,Precinct 05,State House,70,Over Votes,,0,0,0,0
Harrison,Precinct 05,State House,70,Under Votes,,4,0,16,20
Harrison,Precinct 05,U.S. Senate,,Joe Donnelly,,9,0,34,43
Harrison,Precinct 05,U.S. Senate,,Over Votes,,0,0,0,0
Harrison,Precinct 05,U.S. Senate,,Under Votes,,1,0,6,7
Harrison,Precinct 05,U.S. House,9,Dan Canon,,1,0,14,15
Harrison,Precinct 05,U.S. House,9,Rob Chatlos,,0,0,2,2
Harrison,Precinct 05,U.S. House,9,Liz Watson,,9,0,21,30
Harrison,Precinct 05,U.S. House,9,Over Votes,,0,0,0,0
Harrison,Precinct 05,U.S. House,9,Under Votes,,0,0,3,3
Harrison,Precinct 05,State Senate,47,Nicholas A. (Nick) Siler,,8,0,29,37
Harrison,Precinct 05,State Senate,47,Over Votes,,0,0,0,0
Harrison,Precinct 05,State Senate,47,Under Votes,,2,0,11,13
Harrison,Precinct 05,State House,70,Sarah Stivers,,8,0,29,37
Harrison,Precinct 05,State House,70,Over Votes,,0,0,0,0
Harrison,Precinct 05,State House,70,Under Votes,,2,0,11,13
Harrison,Precinct 06,Ballots Cast,,,,,,,116
Harrison,Precinct 06,U.S. Senate,,Mike Braun,,0,0,32,32
Harrison,Precinct 06,U.S. Senate,,Luke Messer,,2,0,12,14
Harrison,Precinct 06,U.S. Senate,,Todd Rokita,,3,0,18,21
Harrison,Precinct 06,U.S. Senate,,Over Votes,,0,0,0,0
Harrison,Precinct 06,U.S. Senate,,Under Votes,,1,0,6,7
Harrison,Precinct 06,U.S. House,9,James Dean Alspach,,1,0,5,6
Harrison,Precinct 06,U.S. House,9,Trey Hollingsworth,,5,0,62,67
Harrison,Precinct 06,U.S. House,9,Over Votes,,0,0,0,0
Harrison,Precinct 06,U.S. House,9,Under Votes,,0,0,1,1
Harrison,Precinct 06,State Senate,47,Erin Houchin,,4,0,54,58
Harrison,Precinct 06,State Senate,47,Over Votes,,0,0,0,0
Harrison,Precinct 06,State Senate,47,Under Votes,,2,0,14,16
Harrison,Precinct 06,State House,70,Karen Engleman,,5,0,56,61
Harrison,Precinct 06,State House,70,Over Votes,,0,0,0,0
Harrison,Precinct 06,State House,70,Under Votes,,1,0,12,13
Harrison,Precinct 06,U.S. Senate,,Joe Donnelly,,9,0,29,38
Harrison,Precinct 06,U.S. Senate,,Over Votes,,0,0,0,0
Harrison,Precinct 06,U.S. Senate,,Under Votes,,2,0,2,4
Harrison,Precinct 06,U.S. House,9,Dan Canon,,5,0,11,16
Harrison,Precinct 06,U.S. House,9,Rob Chatlos,,0,0,1,1
Harrison,Precinct 06,U.S. House,9,Liz Watson,,5,0,19,24
Harrison,Precinct 06,U.S. House,9,Over Votes,,0,0,0,0
Harrison,Precinct 06,U.S. House,9,Under Votes,,1,0,0,1
Harrison,Precinct 06,State Senate,47,Nicholas A. (Nick) Siler,,10,0,26,36
Harrison,Precinct 06,State Senate,47,Over Votes,,0,0,0,0
Harrison,Precinct 06,State Senate,47,Under Votes,,1,0,5,6
Harrison,Precinct 06,State House,70,Sarah Stivers,,10,0,27,37
Harrison,Precinct 06,State House,70,Over Votes,,0,0,0,0
Harrison,Precinct 06,State House,70,Under Votes,,1,0,4,5
Harrison,Precinct 07,Ballots Cast,,,,,,,244
Harrison,Precinct 07,U.S. Senate,,Mike Braun,,4,0,50,54
Harrison,Precinct 07,U.S. Senate,,Luke Messer,,5,0,41,46
Harrison,Precinct 07,U.S. Senate,,Todd Rokita,,5,0,36,41
Harrison,Precinct 07,U.S. Senate,,Over Votes,,0,0,0,0
Harrison,Precinct 07,U.S. Senate,,Under Votes,,0,0,19,19
Harrison,Precinct 07,U.S. House,9,James Dean Alspach,,4,0,19,23
Harrison,Precinct 07,U.S. House,9,Trey Hollingsworth,,10,0,114,124
Harrison,Precinct 07,U.S. House,9,Over Votes,,0,0,0,0
Harrison,Precinct 07,U.S. House,9,Under Votes,,0,0,13,13
Harrison,Precinct 07,State Senate,47,Erin Houchin,,14,0,117,131
Harrison,Precinct 07,State Senate,47,Over Votes,,0,0,0,0
Harrison,Precinct 07,State Senate,47,Under Votes,,0,0,29,29
Harrison,Precinct 07,State House,70,Karen Engleman,,14,0,121,135
Harrison,Precinct 07,State House,70,Over Votes,,0,0,0,0
Harrison,Precinct 07,State House,70,Under Votes,,0,0,25,25
Harrison,Precinct 07,U.S. Senate,,Joe Donnelly,,11,0,63,74
Harrison,Precinct 07,U.S. Senate,,Over Votes,,0,0,0,0
Harrison,Precinct 07,U.S. Senate,,Under Votes,,2,0,8,10
Harrison,Precinct 07,U.S. House,9,Dan Canon,,4,0,25,29
Harrison,Precinct 07,U.S. House,9,Rob Chatlos,,1,0,2,3
Harrison,Precinct 07,U.S. House,9,Liz Watson,,7,0,41,48
Harrison,Precinct 07,U.S. House,9,Over Votes,,0,0,0,0
Harrison,Precinct 07,U.S. House,9,Under Votes,,1,0,3,4
Harrison,Precinct 07,State Senate,47,Nicholas A. (Nick) Siler,,10,0,58,68
Harrison,Precinct 07,State Senate,47,Over Votes,,0,0,0,0
Harrison,Precinct 07,State Senate,47,Under Votes,,3,0,13,16
Harrison,Precinct 07,State House,70,Sarah Stivers,,11,0,59,70
Harrison,Precinct 07,State House,70,Over Votes,,0,0,0,0
Harrison,Precinct 07,State House,70,Under Votes,,2,0,12,14
Harrison,Precinct 37,Ballots Cast,,,,,,,180
Harrison,Precinct 37,U.S. Senate,,Mike Braun,,4,0,49,53
Harrison,Precinct 37,U.S. Senate,,Luke Messer,,5,0,37,42
Harrison,Precinct 37,U.S. Senate,,Todd Rokita,,10,0,27,37
Harrison,Precinct 37,U.S. Senate,,Over Votes,,0,0,0,0
Harrison,Precinct 37,U.S. Senate,,Under Votes,,0,0,8,8
Harrison,Precinct 37,U.S. House,9,James Dean Alspach,,1,0,21,22
Harrison,Precinct 37,U.S. House,9,Trey Hollingsworth,,17,0,94,111
Harrison,Precinct 37,U.S. House,9,Over Votes,,0,0,0,0
Harrison,Precinct 37,U.S. House,9,Under Votes,,1,0,6,7
Harrison,Precinct 37,State Senate,47,Erin Houchin,,19,0,100,119
Harrison,Precinct 37,State Senate,47,Over Votes,,0,0,0,0
Harrison,Precinct 37,State Senate,47,Under Votes,,0,0,21,21
Harrison,Precinct 37,State House,70,Karen Engleman,,18,0,101,119
Harrison,Precinct 37,State House,70,Over Votes,,0,0,0,0
Harrison,Precinct 37,State House,70,Under Votes,,1,0,20,21
Harrison,Precinct 37,U.S. Senate,,Joe Donnelly,,4,0,33,37
Harrison,Precinct 37,U.S. Senate,,Over Votes,,0,0,0,0
Harrison,Precinct 37,U.S. Senate,,Under Votes,,1,0,2,3
Harrison,Precinct 37,U.S. House,9,Dan Canon,,0,0,10,10
Harrison,Precinct 37,U.S. House,9,Rob Chatlos,,0,0,1,1
Harrison,Precinct 37,U.S. House,9,Liz Watson,,5,0,24,29
Harrison,Precinct 37,U.S. House,9,Over Votes,,0,0,0,0
Harrison,Precinct 37,U.S. House,9,Under Votes,,0,0,0,0
Harrison,Precinct 37,State Senate,47,Nicholas A. (Nick) Siler,,4,0,30,34
Harrison,Precinct 37,State Senate,47,Over Votes,,0,0,0,0
Harrison,Precinct 37,State Senate,47,Under Votes,,1,0,5,6
Harrison,Precinct 37,State House,70,Sarah Stivers,,4,0,32,36
Harrison,Precinct 37,State House,70,Over Votes,,0,0,0,0
Harrison,Precinct 37,State House,70,Under Votes,,1,0,3,4
Harrison,Precinct 08,Ballots Cast,,,,,,,273
Harrison,Precinct 08,U.S. Senate,,Mike Braun,,14,0,80,94
Harrison,Precinct 08,U.S. Senate,,Luke Messer,,11,0,54,65
Harrison,Precinct 08,U.S. Senate,,Todd Rokita,,6,0,27,33
Harrison,Precinct 08,U.S. Senate,,Over Votes,,0,0,0,0
Harrison,Precinct 08,U.S. Senate,,Under Votes,,7,0,17,24
Harrison,Precinct 08,U.S. House,9,James Dean Alspach,,7,0,27,34
Harrison,Precinct 08,U.S. House,9,Trey Hollingsworth,,23,0,132,155
Harrison,Precinct 08,U.S. House,9,Over Votes,,0,0,0,0
Harrison,Precinct 08,U.S. House,9,Under Votes,,8,0,19,27
Harrison,Precinct 08,State Senate,47,Erin Houchin,,24,0,133,157
Harrison,Precinct 08,State Senate,47,Over Votes,,0,0,0,0
Harrison,Precinct 08,State Senate,47,Under Votes,,14,0,45,59
Harrison,Precinct 08,State House,70,Karen Engleman,,26,0,143,169
Harrison,Precinct 08,State House,70,Over Votes,,0,0,0,0
Harrison,Precinct 08,State House,70,Under Votes,,12,0,35,47
Harrison,Precinct 08,U.S. Senate,,Joe Donnelly,,16,0,33,49
Harrison,Precinct 08,U.S. Senate,,Over Votes,,0,0,0,0
Harrison,Precinct 08,U.S. Senate,,Under Votes,,2,0,6,8
Harrison,Precinct 08,U.S. House,9,Dan Canon,,4,0,7,11
Harrison,Precinct 08,U.S. House,9,Rob Chatlos,,2,0,1,3
Harrison,Precinct 08,U.S. House,9,Liz Watson,,11,0,27,38
Harrison,Precinct 08,U.S. House,9,Over Votes,,0,0,0,0
Harrison,Precinct 08,U.S. House,9,Under Votes,,1,0,4,5
Harrison,Precinct 08,State Senate,47,Nicholas A. (Nick) Siler,,17,0,32,49
Harrison,Precinct 08,State Senate,47,Over Votes,,0,0,0,0
Harrison,Precinct 08,State Senate,47,Under Votes,,1,0,7,8
Harrison,Precinct 08,State House,70,Sarah Stivers,,17,0,32,49
Harrison,Precinct 08,State House,70,Over Votes,,0,0,0,0
Harrison,Precinct 08,State House,70,Under Votes,,1,0,7,8
Harrison,Precinct 09,Ballots Cast,,,,,,,174
Harrison,Precinct 09,U.S. Senate,,Mike Braun,,10,0,50,60
Harrison,Precinct 09,U.S. Senate,,Luke Messer,,4,0,33,37
Harrison,Precinct 09,U.S. Senate,,Todd Rokita,,8,0,23,31
Harrison,Precinct 09,U.S. Senate,,Over Votes,,0,0,0,0
Harrison,Precinct 09,U.S. Senate,,Under Votes,,3,0,18,21
Harrison,Precinct 09,U.S. House,9,James Dean Alspach,,7,0,25,32
Harrison,Precinct 09,U.S. House,9,Trey Hollingsworth,,16,0,84,100
Harrison,Precinct 09,U.S. House,9,Over Votes,,0,0,0,0
Harrison,Precinct 09,U.S. House,9,Under Votes,,2,0,15,17
Harrison,Precinct 09,State Senate,47,Erin Houchin,,23,0,89,112
Harrison,Precinct 09,State Senate,47,Over Votes,,0,0,0,0
Harrison,Precinct 09,State Senate,47,Under Votes,,2,0,35,37
Harrison,Precinct 09,State House,70,Karen Engleman,,24,0,90,114
Harrison,Precinct 09,State House,70,Over Votes,,0,0,0,0
Harrison,Precinct 09,State House,70,Under Votes,,1,0,34,35
Harrison,Precinct 09,U.S. Senate,,Joe Donnelly,,5,0,18,23
Harrison,Precinct 09,U.S. Senate,,Over Votes,,0,0,0,0
Harrison,Precinct 09,U.S. Senate,,Under Votes,,0,0,2,2
Harrison,Precinct 09,U.S. House,9,Dan Canon,,0,0,6,6
Harrison,Precinct 09,U.S. House,9,Rob Chatlos,,0,0,0,0
Harrison,Precinct 09,U.S. House,9,Liz Watson,,5,0,12,17
Harrison,Precinct 09,U.S. House,9,Over Votes,,0,0,0,0
Harrison,Precinct 09,U.S. House,9,Under Votes,,0,0,2,2
Harrison,Precinct 09,State Senate,47,Nicholas A. (Nick) Siler,,5,0,19,24
Harrison,Precinct 09,State Senate,47,Over Votes,,0,0,0,0
Harrison,Precinct 09,State Senate,47,Under Votes,,0,0,1,1
Harrison,Precinct 09,State House,70,Sarah Stivers,,4,0,19,23
Harrison,Precinct 09,State House,70,Over Votes,,0,0,0,0
Harrison,Precinct 09,State House,70,Under Votes,,1,0,1,2
Harrison,Precinct 10,Ballots Cast,,,,,,,266
Harrison,Precinct 10,U.S. Senate,,Mike Braun,,20,0,55,75
Harrison,Precinct 10,U.S. Senate,,Luke Messer,,4,0,65,69
Harrison,Precinct 10,U.S. Senate,,Todd Rokita,,6,0,29,35
Harrison,Precinct 10,U.S. Senate,,Over Votes,,0,0,0,0
Harrison,Precinct 10,U.S. Senate,,Under Votes,,6,0,24,30
Harrison,Precinct 10,U.S. House,9,James Dean Alspach,,6,0,31,37
Harrison,Precinct 10,U.S. House,9,Trey Hollingsworth,,27,0,126,153
Harrison,Precinct 10,U.S. House,9,Over Votes,,0,0,0,0
Harrison,Precinct 10,U.S. House,9,Under Votes,,3,0,16,19
Harrison,Precinct 10,State Senate,47,Erin Houchin,,27,0,145,172
Harrison,Precinct 10,State Senate,47,Over Votes,,0,0,0,0
Harrison,Precinct 10,State Senate,47,Under Votes,,9,0,28,37
Harrison,Precinct 10,State House,70,Karen Engleman,,28,0,139,167
Harrison,Precinct 10,State House,70,Over Votes,,0,0,0,0
Harrison,Precinct 10,State House,70,Under Votes,,8,0,34,42
Harrison,Precinct 10,U.S. Senate,,Joe Donnelly,,4,0,47,51
Harrison,Precinct 10,U.S. Senate,,Over Votes,,0,0,0,0
Harrison,Precinct 10,U.S. Senate,,Under Votes,,0,0,6,6
Harrison,Precinct 10,U.S. House,9,Dan Canon,,1,0,16,17
Harrison,Precinct 10,U.S. House,9,Rob Chatlos,,0,0,1,1
Harrison,Precinct 10,U.S. House,9,Liz Watson,,3,0,28,31
Harrison,Precinct 10,U.S. House,9,Over Votes,,0,0,1,1
Harrison,Precinct 10,U.S. House,9,Under Votes,,0,0,7,7
Harrison,Precinct 10,State Senate,47,Nicholas A. (Nick) Siler,,3,0,43,46
Harrison,Precinct 10,State Senate,47,Over Votes,,0,0,0,0
Harrison,Precinct 10,State Senate,47,Under Votes,,1,0,10,11
Harrison,Precinct 10,State House,70,Sarah Stivers,,4,0,44,48
Harrison,Precinct 10,State House,70,Over Votes,,0,0,0,0
Harrison,Precinct 10,State House,70,Under Votes,,0,0,9,9
Harrison,Precinct 36,Ballots Cast,,,,,,,290
Harrison,Precinct 36,U.S. Senate,,Mike Braun,,13,0,58,71
Harrison,Precinct 36,U.S. Senate,,Luke Messer,,19,0,42,61
Harrison,Precinct 36,U.S. Senate,,Todd Rokita,,17,0,43,60
Harrison,Precinct 36,U.S. Senate,,Over Votes,,0,0,0,0
Harrison,Precinct 36,U.S. Senate,,Under Votes,,7,0,26,33
Harrison,Precinct 36,U.S. House,9,James Dean Alspach,,4,0,28,32
Harrison,Precinct 36,U.S. House,9,Trey Hollingsworth,,46,0,127,173
Harrison,Precinct 36,U.S. House,9,Over Votes,,0,0,0,0
Harrison,Precinct 36,U.S. House,9,Under Votes,,0,0,14,20
Harrison,Precinct 36,State Senate,47,Erin Houchin,,46,0,130,176
Harrison,Precinct 36,State Senate,47,Over Votes,,0,0,0,0
Harrison,Precinct 36,State Senate,47,Under Votes,,10,0,39,49
Harrison,Precinct 36,State House,70,Karen Engleman,,49,0,132,181
Harrison,Precinct 36,State House,70,Over Votes,,0,0,0,0
Harrison,Precinct 36,State House,70,Under Votes,,7,0,37,42
Harrison,Precinct 36,U.S. Senate,,Joe Donnelly,,15,0,43,58
Harrison,Precinct 36,U.S. Senate,,Over Votes,,0,0,0,0
Harrison,Precinct 36,U.S. Senate,,Under Votes,,5,0,2,7
Harrison,Precinct 36,U.S. House,9,Dan Canon,,5,0,19,24
Harrison,Precinct 36,U.S. House,9,Rob Chatlos,,0,0,4,4
Harrison,Precinct 36,U.S. House,9,Liz Watson,,15,0,21,36
Harrison,Precinct 36,U.S. House,9,Over Votes,,0,0,0,0
Harrison,Precinct 36,U.S. House,9,Under Votes,,0,0,1,1
Harrison,Precinct 36,State Senate,47,Nicholas A. (Nick) Siler,,15,0,40,55
Harrison,Precinct 36,State Senate,47,Over Votes,,0,0,0,0
Harrison,Precinct 36,State Senate,47,Under Votes,,5,0,5,10
Harrison,Precinct 36,State House,70,Sarah Stivers,,16,0,40,56
Harrison,Precinct 36,State House,70,Over Votes,,0,0,0,0
Harrison,Precinct 36,State House,70,Under Votes,,4,0,5,9
Harrison,Precinct 38,Ballots Cast,,,,,,,237
Harrison,Precinct 38,U.S. Senate,,Mike Braun,,17,0,77,94
Harrison,Precinct 38,U.S. Senate,,Luke Messer,,8,0,37,45
Harrison,Precinct 38,U.S. Senate,,Todd Rokita,,7,0,28,35
Harrison,Precinct 38,U.S. Senate,,Over Votes,,0,0,0,0
Harrison,Precinct 38,U.S. Senate,,Under Votes,,2,0,22,24
Harrison,Precinct 38,U.S. House,9,James Dean Alspach,,8,0,28,36
Harrison,Precinct 38,U.S. House,9,Trey Hollingsworth,,24,0,122,146
Harrison,Precinct 38,U.S. House,9,Over Votes,,0,0,0,0
Harrison,Precinct 38,U.S. House,9,Under Votes,,2,0,14,16
Harrison,Precinct 38,State Senate,47,Erin Houchin,,24,0,121,145
Harrison,Precinct 38,State Senate,47,Over Votes,,0,0,0,0
Harrison,Precinct 38,State Senate,47,Under Votes,,10,0,43,53
Harrison,Precinct 38,State House,70,Karen Engleman,,26,0,133,159
Harrison,Precinct 38,State House,70,Over Votes,,0,0,0,0
Harrison,Precinct 38,State House,70,Under Votes,,8,0,31,39
Harrison,Precinct 38,U.S. Senate,,Joe Donnelly,,5,0,31,36
Harrison,Precinct 38,U.S. Senate,,Over Votes,,0,0,0,0
Harrison,Precinct 38,U.S. Senate,,Under Votes,,1,0,2,3
Harrison,Precinct 38,U.S. House,9,Dan Canon,,1,0,6,7
Harrison,Precinct 38,U.S. House,9,Rob Chatlos,,0,0,2,2
Harrison,Precinct 38,U.S. House,9,Liz Watson,,5,0,22,27
Harrison,Precinct 38,U.S. House,9,Over Votes,,0,0,0,0
Harrison,Precinct 38,U.S. House,9,Under Votes,,0,0,3,3
Harrison,Precinct 38,State Senate,47,Nicholas A. (Nick) Siler,,3,0,30,33
Harrison,Precinct 38,State Senate,47,Over Votes,,0,0,0,0
Harrison,Precinct 38,State Senate,47,Under Votes,,3,0,3,6
Harrison,Precinct 38,State House,70,Sarah Stivers,,5,0,30,35
Harrison,Precinct 38,State House,70,Over Votes,,0,0,0,0
Harrison,Precinct 38,State House,70,Under Votes,,1,0,3,4
Harrison,Precinct 11,Ballots Cast,,,,,,,159
Harrison,Precinct 11,U.S. Senate,,Mike Braun,,8,0,26,34
Harrison,Precinct 11,U.S. Senate,,Luke Messer,,10,0,25,35
Harrison,Precinct 11,U.S. Senate,,Todd Rokita,,9,0,14,23
Harrison,Precinct 11,U.S. Senate,,Over Votes,,0,0,0,0
Harrison,Precinct 11,U.S. Senate,,Under Votes,,1,0,11,12
Harrison,Precinct 11,U.S. House,9,James Dean Alspach,,5,0,14,19
Harrison,Precinct 11,U.S. House,9,Trey Hollingsworth,,21,0,55,76
Harrison,Precinct 11,U.S. House,9,Over Votes,,0,0,0,0
Harrison,Precinct 11,U.S. House,9,Under Votes,,2,0,7,9
Harrison,Precinct 11,State Senate,47,Erin Houchin,,21,0,58,79
Harrison,Precinct 11,State Senate,47,Over Votes,,0,0,0,0
Harrison,Precinct 11,State Senate,47,Under Votes,,7,0,18,25
Harrison,Precinct 11,State House,70,Karen Engleman,,22,0,58,80
Harrison,Precinct 11,State House,70,Over Votes,,0,0,0,0
Harrison,Precinct 11,State House,70,Under Votes,,6,0,18,24
Harrison,Precinct 11,U.S. Senate,,Joe Donnelly,,13,0,36,49
Harrison,Precinct 11,U.S. Senate,,Over Votes,,0,0,0,0
Harrison,Precinct 11,U.S. Senate,,Under Votes,,2,0,4,6
Harrison,Precinct 11,U.S. House,9,Dan Canon,,3,0,10,13
Harrison,Precinct 11,U.S. House,9,Rob Chatlos,,0,0,2,2
Harrison,Precinct 11,U.S. House,9,Liz Watson,,10,0,26,36
Harrison,Precinct 11,U.S. House,9,Over Votes,,0,0,0,0
Harrison,Precinct 11,U.S. House,9,Under Votes,,2,0,2,4
Harrison,Precinct 11,State Senate,47,Nicholas A. (Nick) Siler,,12,0,34,46
Harrison,Precinct 11,State Senate,47,Over Votes,,0,0,0,0
Harrison,Precinct 11,State Senate,47,Under Votes,,3,0,6,9
Harrison,Precinct 11,State House,70,Sarah Stivers,,12,0,34,46
Harrison,Precinct 11,State House,70,Over Votes,,0,0,0,0
Harrison,Precinct 11,State House,70,Under Votes,,3,0,6,9
Harrison,Precinct 35,Ballots Cast,,,,,,,217
Harrison,Precinct 35,U.S. Senate,,Mike Braun,,18,0,56,74
Harrison,Precinct 35,U.S. Senate,,Luke Messer,,3,0,35,38
Harrison,Precinct 35,U.S. Senate,,Todd Rokita,,11,0,27,38
Harrison,Precinct 35,U.S. Senate,,Over Votes,,0,0,0,0
Harrison,Precinct 35,U.S. Senate,,Under Votes,,4,0,14,18
Harrison,Precinct 35,U.S. House,9,James Dean Alspach,,8,0,27,35
Harrison,Precinct 35,U.S. House,9,Trey Hollingsworth,,25,0,93,118
Harrison,Precinct 35,U.S. House,9,Over Votes,,0,0,0,0
Harrison,Precinct 35,U.S. House,9,Under Votes,,3,0,12,15
Harrison,Precinct 35,State Senate,47,Erin Houchin,,30,0,103,133
Harrison,Precinct 35,State Senate,47,Over Votes,,0,0,0,0
Harrison,Precinct 35,State Senate,47,Under Votes,,6,0,29,35
Harrison,Precinct 35,State House,70,Karen Engleman,,31,0,107,138
Harrison,Precinct 35,State House,70,Over Votes,,0,0,0,0
Harrison,Precinct 35,State House,70,Under Votes,,5,0,25,30
Harrison,Precinct 35,U.S. Senate,,Joe Donnelly,,9,0,30,39
Harrison,Precinct 35,U.S. Senate,,Over Votes,,0,0,0,0
Harrison,Precinct 35,U.S. Senate,,Under Votes,,4,0,6,10
Harrison,Precinct 35,U.S. House,9,Dan Canon,,8,0,10,18
Harrison,Precinct 35,U.S. House,9,Rob Chatlos,,0,0,2,2
Harrison,Precinct 35,U.S. House,9,Liz Watson,,5,0,19,24
Harrison,Precinct 35,U.S. House,9,Over Votes,,0,0,0,0
Harrison,Precinct 35,U.S. House,9,Under Votes,,0,0,5,5
Harrison,Precinct 35,State Senate,47,Nicholas A. (Nick) Siler,,10,0,28,38
Harrison,Precinct 35,State Senate,47,Over Votes,,0,0,0,0
Harrison,Precinct 35,State Senate,47,Under Votes,,3,0,8,11
Harrison,Precinct 35,State House,70,Sarah Stivers,,11,0,29,40
Harrison,Precinct 35,State House,70,Over Votes,,0,0,0,0
Harrison,Precinct 35,State House,70,Under Votes,,2,0,7,9
Harrison,Precinct 39,Ballots Cast,,,,,,,194
Harrison,Precinct 39,U.S. Senate,,Mike Braun,,10,0,42,52
Harrison,Precinct 39,U.S. Senate,,Luke Messer,,8,0,33,41
Harrison,Precinct 39,U.S. Senate,,Todd Rokita,,14,0,11,25
Harrison,Precinct 39,U.S. Senate,,Over Votes,,1,0,0,1
Harrison,Precinct 39,U.S. Senate,,Under Votes,,6,0,14,20
Harrison,Precinct 39,U.S. House,9,James Dean Alspach,,12,0,21,33
Harrison,Precinct 39,U.S. House,9,Trey Hollingsworth,,24,0,72,96
Harrison,Precinct 39,U.S. House,9,Over Votes,,0,0,0,0
Harrison,Precinct 39,U.S. House,9,Under Votes,,3,0,7,10
Harrison,Precinct 39,State Senate,47,Erin Houchin,,27,0,79,106
Harrison,Precinct 39,State Senate,47,Over Votes,,0,0,0,0
Harrison,Precinct 39,State Senate,47,Under Votes,,12,0,21,33
Harrison,Precinct 39,State House,70,Karen Engleman,,31,0,85,116
Harrison,Precinct 39,State House,70,Over Votes,,0,0,0,0
Harrison,Precinct 39,State House,70,Under Votes,,8,0,15,23
Harrison,Precinct 39,U.S. Senate,,Joe Donnelly,,18,0,29,47
Harrison,Precinct 39,U.S. Senate,,Over Votes,,0,0,0,0
Harrison,Precinct 39,U.S. Senate,,Under Votes,,3,0,5,8
Harrison,Precinct 39,U.S. House,9,Dan Canon,,8,0,16,24
Harrison,Precinct 39,U.S. House,9,Rob Chatlos,,3,0,1,4
Harrison,Precinct 39,U.S. House,9,Liz Watson,,10,0,17,27
Harrison,Precinct 39,U.S. House,9,Over Votes,,0,0,0,0
Harrison,Precinct 39,U.S. House,9,Under Votes,,0,0,0,0
Harrison,Precinct 39,State Senate,47,Nicholas A. (Nick) Siler,,20,0,28,48
Harrison,Precinct 39,State Senate,47,Over Votes,,0,0,0,0
Harrison,Precinct 39,State Senate,47,Under Votes,,1,0,6,7
Harrison,Precinct 39,State House,70,Sarah Stivers,,20,0,29,49
Harrison,Precinct 39,State House,70,Over Votes,,0,0,0,0
Harrison,Precinct 39,State House,70,Under Votes,,1,0,5,6
Harrison,Precinct 12,Ballots Cast,,,,,,,282
Harrison,Precinct 12,U.S. Senate,,Mike Braun,,15,0,78,93
Harrison,Precinct 12,U.S. Senate,,Luke Messer,,5,0,41,46
Harrison,Precinct 12,U.S. Senate,,Todd Rokita,,10,0,34,44
Harrison,Precinct 12,U.S. Senate,,Over Votes,,0,0,0,0
Harrison,Precinct 12,U.S. Senate,,Under Votes,,5,0,25,30
Harrison,Precinct 12,U.S. House,9,James Dean Alspach,,7,0,35,42
Harrison,Precinct 12,U.S. House,9,Trey Hollingsworth,,25,0,124,149
Harrison,Precinct 12,U.S. House,9,Over Votes,,0,0,0,0
Harrison,Precinct 12,U.S. House,9,Under Votes,,3,0,19,22
Harrison,Precinct 12,State Senate,47,Erin Houchin,,27,0,138,165
Harrison,Precinct 12,State Senate,47,Over Votes,,0,0,0,0
Harrison,Precinct 12,State Senate,47,Under Votes,,8,0,40,48
Harrison,Precinct 12,State House,70,Karen Engleman,,27,0,150,177
Harrison,Precinct 12,State House,70,Over Votes,,0,0,0,0
Harrison,Precinct 12,State House,70,Under Votes,,8,0,28,36
Harrison,Precinct 12,U.S. Senate,,Joe Donnelly,,18,0,42,60
Harrison,Precinct 12,U.S. Senate,,Over Votes,,0,0,0,0
Harrison,Precinct 12,U.S. Senate,,Under Votes,,3,0,6,9
Harrison,Precinct 12,U.S. House,9,Dan Canon,,7,0,16,23
Harrison,Precinct 12,U.S. House,9,Rob Chatlos,,0,0,3,3
Harrison,Precinct 12,U.S. House,9,Liz Watson,,14,0,24,38
Harrison,Precinct 12,U.S. House,9,Over Votes,,0,0,0,0
Harrison,Precinct 12,U.S. House,9,Under Votes,,0,0,5,5
Harrison,Precinct 12,State Senate,47,Nicholas A. (Nick) Siler,,19,0,37,56
Harrison,Precinct 12,State Senate,47,Over Votes,,0,0,0,0
Harrison,Precinct 12,State Senate,47,Under Votes,,2,0,11,13
Harrison,Precinct 12,State House,70,Sarah Stivers,,19,0,38,57
Harrison,Precinct 12,State House,70,Over Votes,,0,0,0,0
Harrison,Precinct 12,State House,70,Under Votes,,2,0,10,12
Harrison,Precinct 13,Ballots Cast,,,,,,,255
Harrison,Precinct 13,U.S. Senate,,Mike Braun,,13,0,61,74
Harrison,Precinct 13,U.S. Senate,,Luke Messer,,8,0,45,53
Harrison,Precinct 13,U.S. Senate,,Todd Rokita,,3,0,36,39
Harrison,Precinct 13,U.S. Senate,,Over Votes,,0,0,0,0
Harrison,Precinct 13,U.S. Senate,,Under Votes,,3,0,17,20
Harrison,Precinct 13,U.S. House,9,James Dean Alspach,,6,0,23,29
Harrison,Precinct 13,U.S. House,9,Trey Hollingsworth,,17,0,123,140
Harrison,Precinct 13,U.S. House,9,Over Votes,,0,0,0,0
Harrison,Precinct 13,U.S. House,9,Under Votes,,4,0,13,17
Harrison,Precinct 13,State Senate,47,Erin Houchin,,22,0,132,154
Harrison,Precinct 13,State Senate,47,Over Votes,,0,0,0,0
Harrison,Precinct 13,State Senate,47,Under Votes,,5,0,27,32
Harrison,Precinct 13,State House,70,Karen Engleman,,24,0,138,162
Harrison,Precinct 13,State House,70,Over Votes,,0,0,0,0
Harrison,Precinct 13,State House,70,Under Votes,,3,0,21,24
Harrison,Precinct 13,U.S. Senate,,Joe Donnelly,,13,0,40,53
Harrison,Precinct 13,U.S. Senate,,Over Votes,,0,0,0,0
Harrison,Precinct 13,U.S. Senate,,Under Votes,,2,0,14,16
Harrison,Precinct 13,U.S. House,9,Dan Canon,,6,0,11,17
Harrison,Precinct 13,U.S. House,9,Rob Chatlos,,0,0,1,1
Harrison,Precinct 13,U.S. House,9,Liz Watson,,9,0,38,47
Harrison,Precinct 13,U.S. House,9,Over Votes,,0,0,0,0
Harrison,Precinct 13,U.S. House,9,Under Votes,,0,0,4,4
Harrison,Precinct 13,State Senate,47,Nicholas A. (Nick) Siler,,12,0,40,52
Harrison,Precinct 13,State Senate,47,Over Votes,,0,0,0,0
Harrison,Precinct 13,State Senate,47,Under Votes,,3,0,14,17
Harrison,Precinct 13,State House,70,Sarah Stivers,,12,0,42,54
Harrison,Precinct 13,State House,70,Over Votes,,0,0,0,0
Harrison,Precinct 13,State House,70,Under Votes,,3,0,12,15
Harrison,Precinct 14,Ballots Cast,,,,,,,232
Harrison,Precinct 14,U.S. Senate,,Mike Braun,,10,0,56,66
Harrison,Precinct 14,U.S. Senate,,Luke Messer,,15,0,35,50
Harrison,Precinct 14,U.S. Senate,,Todd Rokita,,8,0,21,29
Harrison,Precinct 14,U.S. Senate,,Over Votes,,0,0,0,0
Harrison,Precinct 14,U.S. Senate,,Under Votes,,1,0,20,21
Harrison,Precinct 14,U.S. House,9,James Dean Alspach,,7,0,25,32
Harrison,Precinct 14,U.S. House,9,Trey Hollingsworth,,26,0,91,117
Harrison,Precinct 14,U.S. House,9,Over Votes,,0,0,0,0
Harrison,Precinct 14,U.S. House,9,Under Votes,,1,0,16,17
Harrison,Precinct 14,State Senate,47,Erin Houchin,,27,0,94,121
Harrison,Precinct 14,State Senate,47,Over Votes,,0,0,0,0
Harrison,Precinct 14,State Senate,47,Under Votes,,7,0,38,45
Harrison,Precinct 14,State House,70,Karen Engleman,,27,0,103,130
Harrison,Precinct 14,State House,70,Over Votes,,0,0,0,0
Harrison,Precinct 14,State House,70,Under Votes,,7,0,29,36
Harrison,Precinct 14,U.S. Senate,,Joe Donnelly,,15,0,46,61
Harrison,Precinct 14,U.S. Senate,,Over Votes,,0,0,0,0
Harrison,Precinct 14,U.S. Senate,,Under Votes,,1,0,4,5
Harrison,Precinct 14,U.S. House,9,Dan Canon,,6,0,14,20
Harrison,Precinct 14,U.S. House,9,Rob Chatlos,,2,0,1,3
Harrison,Precinct 14,U.S. House,9,Liz Watson,,7,0,31,38
Harrison,Precinct 14,U.S. House,9,Over Votes,,0,0,0,0
Harrison,Precinct 14,U.S. House,9,Under Votes,,1,0,4,5
Harrison,Precinct 14,State Senate,47,Nicholas A. (Nick) Siler,,14,0,43,57
Harrison,Precinct 14,State Senate,47,Over Votes,,0,0,0,0
Harrison,Precinct 14,State Senate,47,Under Votes,,2,0,7,9
Harrison,Precinct 14,State House,70,Sarah Stivers,,14,0,43,57
Harrison,Precinct 14,State House,70,Over Votes,,0,0,0,0
Harrison,Precinct 14,State House,70,Under Votes,,2,0,7,9
Harrison,Precinct 15,Ballots Cast,,,,,,,145
Harrison,Precinct 15,U.S. Senate,,Mike Braun,,6,0,40,46
Harrison,Precinct 15,U.S. Senate,,Luke Messer,,6,0,37,43
Harrison,Precinct 15,U.S. Senate,,Todd Rokita,,6,0,14,20
Harrison,Precinct 15,U.S. Senate,,Over Votes,,0,0,1,1
Harrison,Precinct 15,U.S. Senate,,Under Votes,,6,0,7,13
Harrison,Precinct 15,U.S. House,9,James Dean Alspach,,5,0,17,22
Harrison,Precinct 15,U.S. House,9,Trey Hollingsworth,,13,0,77,90
Harrison,Precinct 15,U.S. House,9,Over Votes,,0,0,0,0
Harrison,Precinct 15,U.S. House,9,Under Votes,,6,0,5,11
Harrison,Precinct 15,State Senate,47,Erin Houchin,,14,0,69,83
Harrison,Precinct 15,State Senate,47,Over Votes,,0,0,0,0
Harrison,Precinct 15,State Senate,47,Under Votes,,10,0,30,40
Harrison,Precinct 15,State House,70,Karen Engleman,,18,0,76,94
Harrison,Precinct 15,State House,70,Over Votes,,0,0,0,0
Harrison,Precinct 15,State House,70,Under Votes,,6,0,23,29
Harrison,Precinct 15,U.S. Senate,,Joe Donnelly,,3,0,17,20
Harrison,Precinct 15,U.S. Senate,,Over Votes,,0,0,0,0
Harrison,Precinct 15,U.S. Senate,,Under Votes,,1,0,1,2
Harrison,Precinct 15,U.S. House,9,Dan Canon,,2,0,1,3
Harrison,Precinct 15,U.S. House,9,Rob Chatlos,,0,0,2,2
Harrison,Precinct 15,U.S. House,9,Liz Watson,,1,0,15,16
Harrison,Precinct 15,U.S. House,9,Over Votes,,0,0,0,0
Harrison,Precinct 15,U.S. House,9,Under Votes,,1,0,0,1
Harrison,Precinct 15,State Senate,47,Nicholas A. (Nick) Siler,,3,0,17,20
Harrison,Precinct 15,State Senate,47,Over Votes,,0,0,0,0
Harrison,Precinct 15,State Senate,47,Under Votes,,1,0,1,2
Harrison,Precinct 15,State House,70,Sarah Stivers,,3,0,17,20
Harrison,Precinct 15,State House,70,Over Votes,,0,0,0,0
Harrison,Precinct 15,State House,70,Under Votes,,1,0,1,2
Harrison,Precinct 16,Ballots Cast,,,,,,,103
Harrison,Precinct 16,U.S. Senate,,Mike Braun,,7,0,25,32
Harrison,Precinct 16,U.S. Senate,,Luke Messer,,4,0,21,25
Harrison,Precinct 16,U.S. Senate,,Todd Rokita,,3,0,10,13
Harrison,Precinct 16,U.S. Senate,,Over Votes,,0,0,0,0
Harrison,Precinct 16,U.S. Senate,,Under Votes,,5,0,8,13
Harrison,Precinct 16,U.S. House,9,James Dean Alspach,,5,0,12,17
Harrison,Precinct 16,U.S. House,9,Trey Hollingsworth,,11,0,45,56
Harrison,Precinct 16,U.S. House,9,Over Votes,,0,0,0,0
Harrison,Precinct 16,U.S. House,9,Under Votes,,3,0,7,10
Harrison,Precinct 16,State Senate,47,Erin Houchin,,13,0,53,66
Harrison,Precinct 16,State Senate,47,Over Votes,,0,0,0,0
Harrison,Precinct 16,State Senate,47,Under Votes,,6,0,11,17
Harrison,Precinct 16,State House,70,Karen Engleman,,12,0,55,67
Harrison,Precinct 16,State House,70,Over Votes,,0,0,0,0
Harrison,Precinct 16,State House,70,Under Votes,,7,0,9,16
Harrison,Precinct 16,U.S. Senate,,Joe Donnelly,,4,0,13,17
Harrison,Precinct 16,U.S. Senate,,Over Votes,,0,0,0,0
Harrison,Precinct 16,U.S. Senate,,Under Votes,,0,0,3,3
Harrison,Precinct 16,U.S. House,9,Dan Canon,,2,0,1,3
Harrison,Precinct 16,U.S. House,9,Rob Chatlos,,0,0,1,1
Harrison,Precinct 16,U.S. House,9,Liz Watson,,2,0,14,16
Harrison,Precinct 16,U.S. House,9,Over Votes,,0,0,0,0
Harrison,Precinct 16,U.S. House,9,Under Votes,,0,0,0,0
Harrison,Precinct 16,State Senate,47,Nicholas A. (Nick) Siler,,3,0,15,18
Harrison,Precinct 16,State Senate,47,Over Votes,,0,0,0,0
Harrison,Precinct 16,State Senate,47,Under Votes,,1,0,1,2
Harrison,Precinct 16,State House,70,Sarah Stivers,,3,0,15,18
Harrison,Precinct 16,State House,70,Over Votes,,0,0,0,0
Harrison,Precinct 16,State House,70,Under Votes,,1,0,1,2
Harrison,Precinct 17,Ballots Cast,,,,,,,160
Harrison,Precinct 17,U.S. Senate,,Mike Braun,,6,0,55,61
Harrison,Precinct 17,U.S. Senate,,Luke Messer,,4,0,26,30
Harrison,Precinct 17,U.S. Senate,,Todd Rokita,,3,0,20,23
Harrison,Precinct 17,U.S. Senate,,Over Votes,,0,0,0,0
Harrison,Precinct 17,U.S. Senate,,Under Votes,,0,0,12,12
Harrison,Precinct 17,U.S. House,9,James Dean Alspach,,3,0,15,18
Harrison,Precinct 17,U.S. House,9,Trey Hollingsworth,,9,0,91,100
Harrison,Precinct 17,U.S. House,9,Over Votes,,0,0,0,0
Harrison,Precinct 17,U.S. House,9,Under Votes,,1,0,7,8
Harrison,Precinct 17,State Senate,47,Erin Houchin,,12,0,89,101
Harrison,Precinct 17,State Senate,47,Over Votes,,0,0,0,0
Harrison,Precinct 17,State Senate,47,Under Votes,,1,0,24,25
Harrison,Precinct 17,State House,70,Karen Engleman,,13,0,92,105
Harrison,Precinct 17,State House,70,Over Votes,,0,0,0,0
Harrison,Precinct 17,State House,70,Under Votes,,0,0,21,21
Harrison,Precinct 17,U.S. Senate,,Joe Donnelly,,8,0,22,30
Harrison,Precinct 17,U.S. Senate,,Over Votes,,0,0,0,0
Harrison,Precinct 17,U.S. Senate,,Under Votes,,1,0,3,4
Harrison,Precinct 17,U.S. House,9,Dan Canon,,5,0,4,9
Harrison,Precinct 17,U.S. House,9,Rob Chatlos,,0,0,1,1
Harrison,Precinct 17,U.S. House,9,Liz Watson,,3,0,18,21
Harrison,Precinct 17,U.S. House,9,Over Votes,,0,0,0,0
Harrison,Precinct 17,U.S. House,9,Under Votes,,1,0,2,3
Harrison,Precinct 17,State Senate,47,Nicholas A. (Nick) Siler,,6,0,20,26
Harrison,Precinct 17,State Senate,47,Over Votes,,0,0,0,0
Harrison,Precinct 17,State Senate,47,Under Votes,,3,0,5,8
Harrison,Precinct 17,State House,70,Sarah Stivers,,6,0,20,26
Harrison,Precinct 17,State House,70,Over Votes,,0,0,0,0
Harrison,Precinct 17,State House,70,Under Votes,,3,0,5,8
Harrison,Precinct 18,Ballots Cast,,,,,,,180
Harrison,Precinct 18,U.S. Senate,,Mike Braun,,5,0,47,52
Harrison,Precinct 18,U.S. Senate,,Luke Messer,,5,0,26,31
Harrison,Precinct 18,U.S. Senate,,Todd Rokita,,1,0,16,17
Harrison,Precinct 18,U.S. Senate,,Over Votes,,0,0,0,0
Harrison,Precinct 18,U.S. Senate,,Under Votes,,2,0,9,11
Harrison,Precinct 18,U.S. House,9,James Dean Alspach,,3,0,20,23
Harrison,Precinct 18,U.S. House,9,Trey Hollingsworth,,8,0,72,80
Harrison,Precinct 18,U.S. House,9,Over Votes,,0,0,0,0
Harrison,Precinct 18,U.S. House,9,Under Votes,,2,0,6,8
Harrison,Precinct 18,State Senate,47,Erin Houchin,,10,0,87,97
Harrison,Precinct 18,State Senate,47,Over Votes,,0,0,0,0
Harrison,Precinct 18,State Senate,47,Under Votes,,3,0,11,14
Harrison,Precinct 18,State House,70,Karen Engleman,,9,0,86,95
Harrison,Precinct 18,State House,70,Over Votes,,0,0,0,0
Harrison,Precinct 18,State House,70,Under Votes,,4,0,12,16
Harrison,Precinct 18,U.S. Senate,,Joe Donnelly,,14,0,49,63
Harrison,Precinct 18,U.S. Senate,,Over Votes,,0,0,0,0
Harrison,Precinct 18,U.S. Senate,,Under Votes,,0,0,6,6
Harrison,Precinct 18,U.S. House,9,Dan Canon,,6,0,17,23
Harrison,Precinct 18,U.S. House,9,Rob Chatlos,,0,0,0,0
Harrison,Precinct 18,U.S. House,9,Liz Watson,,8,0,36,44
Harrison,Precinct 18,U.S. House,9,Over Votes,,0,0,0,0
Harrison,Precinct 18,U.S. House,9,Under Votes,,0,0,2,2
Harrison,Precinct 18,State Senate,47,Nicholas A. (Nick) Siler,,13,0,45,58
Harrison,Precinct 18,State Senate,47,Over Votes,,0,0,0,0
Harrison,Precinct 18,State Senate,47,Under Votes,,1,0,10,11
Harrison,Precinct 18,State House,70,Sarah Stivers,,13,0,48,61
Harrison,Precinct 18,State House,70,Over Votes,,0,0,0,0
Harrison,Precinct 18,State House,70,Under Votes,,1,0,7,8
Harrison,Precinct 19,Ballots Cast,,,,,,,241
Harrison,Precinct 19,U.S. Senate,,Mike Braun,,8,0,55,63
Harrison,Precinct 19,U.S. Senate,,Luke Messer,,3,0,46,49
Harrison,Precinct 19,U.S. Senate,,Todd Rokita,,2,0,28,30
Harrison,Precinct 19,U.S. Senate,,Over Votes,,0,0,0,0
Harrison,Precinct 19,U.S. Senate,,Under Votes,,1,0,7,8
Harrison,Precinct 19,U.S. House,9,James Dean Alspach,,3,0,26,29
Harrison,Precinct 19,U.S. House,9,Trey Hollingsworth,,11,0,103,114
Harrison,Precinct 19,U.S. House,9,Over Votes,,0,0,0,0
Harrison,Precinct 19,U.S. House,9,Under Votes,,0,0,7,7
Harrison,Precinct 19,State Senate,47,Erin Houchin,,12,0,111,123
Harrison,Precinct 19,State Senate,47,Over Votes,,0,0,0,0
Harrison,Precinct 19,State Senate,47,Under Votes,,2,0,25,27
Harrison,Precinct 19,State House,70,Karen Engleman,,12,0,113,125
Harrison,Precinct 19,State House,70,Over Votes,,0,0,0,0
Harrison,Precinct 19,State House,70,Under Votes,,2,0,23,25
Harrison,Precinct 19,U.S. Senate,,Joe Donnelly,,5,0,81,86
Harrison,Precinct 19,U.S. Senate,,Over Votes,,0,0,0,0
Harrison,Precinct 19,U.S. Senate,,Under Votes,,1,0,4,5
Harrison,Precinct 19,U.S. House,9,Dan Canon,,1,0,20,21
Harrison,Precinct 19,U.S. House,9,Rob Chatlos,,0,0,1,1
Harrison,Precinct 19,U.S. House,9,Liz Watson,,4,0,61,65
Harrison,Precinct 19,U.S. House,9,Over Votes,,0,0,0,0
Harrison,Precinct 19,U.S. House,9,Under Votes,,1,0,3,4
Harrison,Precinct 19,State Senate,47,Nicholas A. (Nick) Siler,,5,0,77,82
Harrison,Precinct 19,State Senate,47,Over Votes,,0,0,0,0
Harrison,Precinct 19,State Senate,47,Under Votes,,1,0,8,9
Harrison,Precinct 19,State House,70,Sarah Stivers,,4,0,79,83
Harrison,Precinct 19,State House,70,Over Votes,,0,0,0,0
Harrison,Precinct 19,State House,70,Under Votes,,2,0,6,8
Harrison,Precinct 20,Ballots Cast,,,,,,,260
Harrison,Precinct 20,U.S. Senate,,Mike Braun,,9,0,60,69
Harrison,Precinct 20,U.S. Senate,,Luke Messer,,5,0,50,55
Harrison,Precinct 20,U.S. Senate,,Todd Rokita,,5,0,36,41
Harrison,Precinct 20,U.S. Senate,,Over Votes,,0,0,0,0
Harrison,Precinct 20,U.S. Senate,,Under Votes,,5,0,13,18
Harrison,Precinct 20,U.S. House,9,James Dean Alspach,,6,0,19,25
Harrison,Precinct 20,U.S. House,9,Trey Hollingsworth,,14,0,133,147
Harrison,Precinct 20,U.S. House,9,Over Votes,,0,0,0,0
Harrison,Precinct 20,U.S. House,9,Under Votes,,4,0,7,11
Harrison,Precinct 20,State Senate,47,Erin Houchin,,17,0,122,139
Harrison,Precinct 20,State Senate,47,Over Votes,,0,0,0,0
Harrison,Precinct 20,State Senate,47,Under Votes,,7,0,37,44
Harrison,Precinct 20,State House,70,Karen Engleman,,21,0,132,153
Harrison,Precinct 20,State House,70,Over Votes,,0,0,0,0
Harrison,Precinct 20,State House,70,Under Votes,,3,0,27,30
Harrison,Precinct 20,U.S. Senate,,Joe Donnelly,,7,0,61,68
Harrison,Precinct 20,U.S. Senate,,Over Votes,,0,0,0,0
Harrison,Precinct 20,U.S. Senate,,Under Votes,,1,0,8,9
Harrison,Precinct 20,U.S. House,9,Dan Canon,,0,0,14,14
Harrison,Precinct 20,U.S. House,9,Rob Chatlos,,0,0,5,5
Harrison,Precinct 20,U.S. House,9,Liz Watson,,6,0,44,50
Harrison,Precinct 20,U.S. House,9,Over Votes,,0,0,0,0
Harrison,Precinct 20,U.S. House,9,Under Votes,,2,0,6,8
Harrison,Precinct 20,State Senate,47,Nicholas A. (Nick) Siler,,6,0,54,60
Harrison,Precinct 20,State Senate,47,Over Votes,,0,0,0,0
Harrison,Precinct 20,State Senate,47,Under Votes,,2,0,15,17
Harrison,Precinct 20,State House,70,Sarah Stivers,,6,0,54,60
Harrison,Precinct 20,State House,70,Over Votes,,0,0,0,0
Harrison,Precinct 20,State House,70,Under Votes,,2,0,15,17
Harrison,Precinct 32,Ballots Cast,,,,,,,139
Harrison,Precinct 32,U.S. Senate,,Mike Braun,,3,0,34,37
Harrison,Precinct 32,U.S. Senate,,Luke Messer,,3,0,22,25
Harrison,Precinct 32,U.S. Senate,,Todd Rokita,,6,0,15,21
Harrison,Precinct 32,U.S. Senate,,Over Votes,,0,0,0,0
Harrison,Precinct 32,U.S. Senate,,Under Votes,,0,0,9,9
Harrison,Precinct 32,U.S. House,9,James Dean Alspach,,3,0,15,18
Harrison,Precinct 32,U.S. House,9,Trey Hollingsworth,,9,0,60,69
Harrison,Precinct 32,U.S. House,9,Over Votes,,0,0,0,0
Harrison,Precinct 32,U.S. House,9,Under Votes,,0,0,5,5
Harrison,Precinct 32,State Senate,47,Erin Houchin,,11,0,70,81
Harrison,Precinct 32,State Senate,47,Over Votes,,0,0,0,0
Harrison,Precinct 32,State Senate,47,Under Votes,,1,0,10,11
Harrison,Precinct 32,State House,70,Karen Engleman,,11,0,70,81
Harrison,Precinct 32,State House,70,Over Votes,,0,0,0,0
Harrison,Precinct 32,State House,70,Under Votes,,1,0,10,11
Harrison,Precinct 32,U.S. Senate,,Joe Donnelly,,11,0,34,45
Harrison,Precinct 32,U.S. Senate,,Over Votes,,0,0,0,0
Harrison,Precinct 32,U.S. Senate,,Under Votes,,1,0,1,2
Harrison,Precinct 32,U.S. House,9,Dan Canon,,3,0,11,14
Harrison,Precinct 32,U.S. House,9,Rob Chatlos,,0,0,3,3
Harrison,Precinct 32,U.S. House,9,Liz Watson,,6,0,20,26
Harrison,Precinct 32,U.S. House,9,Over Votes,,0,0,0,0
Harrison,Precinct 32,U.S. House,9,Under Votes,,3,0,1,4
Harrison,Precinct 32,State Senate,47,Nicholas A. (Nick) Siler,,10,0,32,42
Harrison,Precinct 32,State Senate,47,Over Votes,,0,0,0,0
Harrison,Precinct 32,State Senate,47,Under Votes,,2,0,3,5
Harrison,Precinct 32,State House,70,Sarah Stivers,,10,0,33,43
Harrison,Precinct 32,State House,70,Over Votes,,0,0,0,0
Harrison,Precinct 32,State House,70,Under Votes,,2,0,2,4
Harrison,Precinct 21,Ballots Cast,,,,,,,188
Harrison,Precinct 21,U.S. Senate,,Mike Braun,,4,0,37,41
Harrison,Precinct 21,U.S. Senate,,Luke Messer,,0,0,33,33
Harrison,Precinct 21,U.S. Senate,,Todd Rokita,,2,0,19,21
Harrison,Precinct 21,U.S. Senate,,Over Votes,,0,0,0,0
Harrison,Precinct 21,U.S. Senate,,Under Votes,,0,0,13,13
Harrison,Precinct 21,U.S. House,9,James Dean Alspach,,3,0,10,13
Harrison,Precinct 21,U.S. House,9,Trey Hollingsworth,,3,0,81,84
Harrison,Precinct 21,U.S. House,9,Over Votes,,0,0,0,0
Harrison,Precinct 21,U.S. House,9,Under Votes,,0,0,11,11
Harrison,Precinct 21,State Senate,47,Erin Houchin,,4,0,84,88
Harrison,Precinct 21,State Senate,47,Over Votes,,0,0,0,0
Harrison,Precinct 21,State Senate,47,Under Votes,,2,0,18,20
Harrison,Precinct 21,State House,70,Karen Engleman,,4,0,84,88
Harrison,Precinct 21,State House,70,Over Votes,,0,0,0,0
Harrison,Precinct 21,State House,70,Under Votes,,2,0,18,20
Harrison,Precinct 21,U.S. Senate,,Joe Donnelly,,14,0,52,66
Harrison,Precinct 21,U.S. Senate,,Over Votes,,0,0,0,0
Harrison,Precinct 21,U.S. Senate,,Under Votes,,3,0,11,14
Harrison,Precinct 21,U.S. House,9,Dan Canon,,5,0,11,16
Harrison,Precinct 21,U.S. House,9,Rob Chatlos,,1,0,5,6
Harrison,Precinct 21,U.S. House,9,Liz Watson,,11,0,43,54
Harrison,Precinct 21,U.S. House,9,Over Votes,,0,0,0,0
Harrison,Precinct 21,U.S. House,9,Under Votes,,0,0,4,4
Harrison,Precinct 21,State Senate,47,Nicholas A. (Nick) Siler,,13,0,47,60
Harrison,Precinct 21,State Senate,47,Over Votes,,0,0,0,0
Harrison,Precinct 21,State Senate,47,Under Votes,,4,0,16,20
Harrison,Precinct 21,State House,70,Sarah Stivers,,13,0,47,60
Harrison,Precinct 21,State House,70,Over Votes,,0,0,0,0
Harrison,Precinct 21,State House,70,Under Votes,,4,0,16,20
Harrison,Precinct 22,Ballots Cast,,,,,,,144
Harrison,Precinct 22,U.S. Senate,,Mike Braun,,3,0,33,36
Harrison,Precinct 22,U.S. Senate,,Luke Messer,,2,0,29,31
Harrison,Precinct 22,U.S. Senate,,Todd Rokita,,0,0,12,12
Harrison,Precinct 22,U.S. Senate,,Over Votes,,0,0,0,0
Harrison,Precinct 22,U.S. Senate,,Under Votes,,0,0,3,3
Harrison,Precinct 22,U.S. House,9,James Dean Alspach,,0,0,12,12
Harrison,Precinct 22,U.S. House,9,Trey Hollingsworth,,5,0,60,65
Harrison,Precinct 22,U.S. House,9,Over Votes,,0,0,0,0
Harrison,Precinct 22,U.S. House,9,Under Votes,,0,0,5,5
Harrison,Precinct 22,State Senate,47,Erin Houchin,,5,0,62,67
Harrison,Precinct 22,State Senate,47,Over Votes,,0,0,0,0
Harrison,Precinct 22,State Senate,47,Under Votes,,0,0,15,15
Harrison,Precinct 22,State House,70,Karen Engleman,,5,0,61,66
Harrison,Precinct 22,State House,70,Over Votes,,0,0,0,0
Harrison,Precinct 22,State House,70,Under Votes,,0,0,16,16
Harrison,Precinct 22,U.S. Senate,,Joe Donnelly,,9,0,44,53
Harrison,Precinct 22,U.S. Senate,,Over Votes,,0,0,0,0
Harrison,Precinct 22,U.S. Senate,,Under Votes,,0,0,9,9
Harrison,Precinct 22,U.S. House,9,Dan Canon,,3,0,17,20
Harrison,Precinct 22,U.S. House,9,Rob Chatlos,,0,0,4,4
Harrison,Precinct 22,U.S. House,9,Liz Watson,,6,0,32,38
Harrison,Precinct 22,U.S. House,9,Over Votes,,0,0,0,0
Harrison,Precinct 22,U.S. House,9,Under Votes,,0,0,0,0
Harrison,Precinct 22,State Senate,47,Nicholas A. (Nick) Siler,,9,0,47,56
Harrison,Precinct 22,State Senate,47,Over Votes,,0,0,0,0
Harrison,Precinct 22,State Senate,47,Under Votes,,0,0,6,6
Harrison,Precinct 22,State House,70,Sarah Stivers,,9,0,49,58
Harrison,Precinct 22,State House,70,Over Votes,,0,0,0,0
Harrison,Precinct 22,State House,70,Under Votes,,0,0,4,4
Harrison,Precinct 23,Ballots Cast,,,,,,,195
Harrison,Precinct 23,U.S. Senate,,Mike Braun,,6,0,45,51
Harrison,Precinct 23,U.S. Senate,,Luke Messer,,4,0,20,24
Harrison,Precinct 23,U.S. Senate,,Todd Rokita,,4,0,27,31
Harrison,Precinct 23,U.S. Senate,,Over Votes,,0,0,0,0
Harrison,Precinct 23,U.S. Senate,,Under Votes,,3,0,5,8
Harrison,Precinct 23,U.S. House,9,James Dean Alspach,,3,0,13,15
Harrison,Precinct 23,U.S. House,9,Trey Hollingsworth,,13,0,78,91
Harrison,Precinct 23,U.S. House,9,Over Votes,,0,0,0,0
Harrison,Precinct 23,U.S. House,9,Under Votes,,2,0,6,8
Harrison,Precinct 23,State Senate,47,Erin Houchin,,14,0,85,99
Harrison,Precinct 23,State Senate,47,Over Votes,,0,0,0,0
Harrison,Precinct 23,State Senate,47,Under Votes,,3,0,12,15
Harrison,Precinct 23,State House,70,Karen Engleman,,13,0,83,96
Harrison,Precinct 23,State House,70,Over Votes,,0,0,0,0
Harrison,Precinct 23,State House,70,Under Votes,,4,0,14,18
Harrison,Precinct 23,U.S. Senate,,Joe Donnelly,,9,0,62,71
Harrison,Precinct 23,U.S. Senate,,Over Votes,,0,0,0,0
Harrison,Precinct 23,U.S. Senate,,Under Votes,,0,0,10,10
Harrison,Precinct 23,U.S. House,9,Dan Canon,,3,0,25,28
Harrison,Precinct 23,U.S. House,9,Rob Chatlos,,0,0,2,2
Harrison,Precinct 23,U.S. House,9,Liz Watson,,6,0,38,44
Harrison,Precinct 23,U.S. House,9,Over Votes,,0,0,0,0
Harrison,Precinct 23,U.S. House,9,Under Votes,,0,0,7,7
Harrison,Precinct 23,State Senate,47,Nicholas A. (Nick) Siler,,8,0,62,70
Harrison,Precinct 23,State Senate,47,Over Votes,,0,0,0,0
Harrison,Precinct 23,State Senate,47,Under Votes,,1,0,10,11
Harrison,Precinct 23,State House,70,Sarah Stivers,,8,0,62,70
Harrison,Precinct 23,State House,70,Over Votes,,0,0,0,0
Harrison,Precinct 23,State House,70,Under Votes,,1,0,10,11
Harrison,Precinct 30,Ballots Cast,,,,,,,64
Harrison,Precinct 30,U.S. Senate,,Mike Braun,,3,0,19,22
Harrison,Precinct 30,U.S. Senate,,Luke Messer,,3,0,18,21
Harrison,Precinct 30,U.S. Senate,,Todd Rokita,,1,0,7,8
Harrison,Precinct 30,U.S. Senate,,Over Votes,,0,0,0,0
Harrison,Precinct 30,U.S. Senate,,Under Votes,,1,0,2,3
Harrison,Precinct 30,U.S. House,9,James Dean Alspach,,0,0,9,9
Harrison,Precinct 30,U.S. House,9,Trey Hollingsworth,,8,0,37,45
Harrison,Precinct 30,U.S. House,9,Over Votes,,0,0,0,0
Harrison,Precinct 30,U.S. House,9,Under Votes,,0,0,0,0
Harrison,Precinct 30,State Senate,47,Erin Houchin,,7,0,42,49
Harrison,Precinct 30,State Senate,47,Over Votes,,0,0,0,0
Harrison,Precinct 30,State Senate,47,Under Votes,,1,0,4,5
Harrison,Precinct 30,State House,70,Karen Engleman,,7,0,42,49
Harrison,Precinct 30,State House,70,Over Votes,,0,0,0,0
Harrison,Precinct 30,State House,70,Under Votes,,1,0,4,5
Harrison,Precinct 30,U.S. Senate,,Joe Donnelly,,0,0,10,10
Harrison,Precinct 30,U.S. Senate,,Over Votes,,0,0,0,0
Harrison,Precinct 30,U.S. Senate,,Under Votes,,0,0,0,0
Harrison,Precinct 30,U.S. House,9,Dan Canon,,0,0,2,2
Harrison,Precinct 30,U.S. House,9,Rob Chatlos,,0,0,0,0
Harrison,Precinct 30,U.S. House,9,Liz Watson,,0,0,7,7
Harrison,Precinct 30,U.S. House,9,Over Votes,,0,0,0,0
Harrison,Precinct 30,U.S. House,9,Under Votes,,0,0,1,1
Harrison,Precinct 30,State Senate,47,Nicholas A. (Nick) Siler,,0,0,8,8
Harrison,Precinct 30,State Senate,47,Over Votes,,0,0,0,0
Harrison,Precinct 30,State Senate,47,Under Votes,,0,0,2,2
Harrison,Precinct 30,State House,70,Sarah Stivers,,0,0,9,9
Harrison,Precinct 30,State House,70,Over Votes,,0,0,0,0
Harrison,Precinct 30,State House,70,Under Votes,,0,0,1,1
Harrison,Precinct 24,Ballots Cast,,,,,,,223
Harrison,Precinct 24,U.S. Senate,,Mike Braun,,4,0,67,71
Harrison,Precinct 24,U.S. Senate,,Luke Messer,,11,0,49,60
Harrison,Precinct 24,U.S. Senate,,Todd Rokita,,3,0,29,32
Harrison,Precinct 24,U.S. Senate,,Over Votes,,0,0,0,0
Harrison,Precinct 24,U.S. Senate,,Under Votes,,2,0,18,20
Harrison,Precinct 24,U.S. House,9,James Dean Alspach,,1,0,39,40
Harrison,Precinct 24,U.S. House,9,Trey Hollingsworth,,17,0,112,129
Harrison,Precinct 24,U.S. House,9,Over Votes,,0,0,0,0
Harrison,Precinct 24,U.S. House,9,Under Votes,,2,0,12,14
Harrison,Precinct 24,State Senate,47,Erin Houchin,,15,0,137,152
Harrison,Precinct 24,State Senate,47,Over Votes,,0,0,0,0
Harrison,Precinct 24,State Senate,47,Under Votes,,5,0,26,31
Harrison,Precinct 24,State House,70,Karen Engleman,,15,0,137,152
Harrison,Precinct 24,State House,70,Over Votes,,0,0,0,0
Harrison,Precinct 24,State House,70,Under Votes,,5,0,26,31
Harrison,Precinct 24,U.S. Senate,,Joe Donnelly,,7,0,29,36
Harrison,Precinct 24,U.S. Senate,,Over Votes,,0,0,0,0
Harrison,Precinct 24,U.S. Senate,,Under Votes,,1,0,3,4
Harrison,Precinct 24,U.S. House,9,Dan Canon,,2,0,9,11
Harrison,Precinct 24,U.S. House,9,Rob Chatlos,,1,0,3,4
Harrison,Precinct 24,U.S. House,9,Liz Watson,,5,0,20,25
Harrison,Precinct 24,U.S. House,9,Over Votes,,0,0,0,0
Harrison,Precinct 24,U.S. House,9,Under Votes,,0,0,0,0
Harrison,Precinct 24,State Senate,47,Nicholas A. (Nick) Siler,,6,0,30,36
Harrison,Precinct 24,State Senate,47,Over Votes,,0,0,0,0
Harrison,Precinct 24,State Senate,47,Under Votes,,2,0,2,4
Harrison,Precinct 24,State House,70,Sarah Stivers,,7,0,30,37
Harrison,Precinct 24,State House,70,Over Votes,,0,0,0,0
Harrison,Precinct 24,State House,70,Under Votes,,1,0,2,3
Harrison,Precinct 25,Ballots Cast,,,,,,,146
Harrison,Precinct 25,U.S. Senate,,Mike Braun,,1,0,37,38
Harrison,Precinct 25,U.S. Senate,,Luke Messer,,3,0,34,37
Harrison,Precinct 25,U.S. Senate,,Todd Rokita,,2,0,19,21
Harrison,Precinct 25,U.S. Senate,,Over Votes,,0,0,0,0
Harrison,Precinct 25,U.S. Senate,,Under Votes,,0,0,17,17
Harrison,Precinct 25,U.S. House,9,James Dean Alspach,,0,0,16,16
Harrison,Precinct 25,U.S. House,9,Trey Hollingsworth,,5,0,82,87
Harrison,Precinct 25,U.S. House,9,Over Votes,,0,0,0,0
Harrison,Precinct 25,U.S. House,9,Under Votes,,1,0,9,10
Harrison,Precinct 25,State Senate,47,Erin Houchin,,5,0,87,92
Harrison,Precinct 25,State Senate,47,Over Votes,,0,0,0,0
Harrison,Precinct 25,State Senate,47,Under Votes,,1,0,20,21
Harrison,Precinct 25,State House,70,Karen Engleman,,5,0,84,89
Harrison,Precinct 25,State House,70,Over Votes,,0,0,0,0
Harrison,Precinct 25,State House,70,Under Votes,,1,0,23,24
Harrison,Precinct 25,U.S. Senate,,Joe Donnelly,,2,0,25,27
Harrison,Precinct 25,U.S. Senate,,Over Votes,,0,0,0,0
Harrison,Precinct 25,U.S. Senate,,Under Votes,,0,0,6,6
Harrison,Precinct 25,U.S. House,9,Dan Canon,,0,0,10,10
Harrison,Precinct 25,U.S. House,9,Rob Chatlos,,0,0,1,1
Harrison,Precinct 25,U.S. House,9,Liz Watson,,2,0,18,20
Harrison,Precinct 25,U.S. House,9,Over Votes,,0,0,0,0
Harrison,Precinct 25,U.S. House,9,Under Votes,,0,0,2,2
Harrison,Precinct 25,State Senate,47,Nicholas A. (Nick) Siler,,2,0,26,28
Harrison,Precinct 25,State Senate,47,Over Votes,,0,0,0,0
Harrison,Precinct 25,State Senate,47,Under Votes,,0,0,5,5
Harrison,Precinct 25,State House,70,Sarah Stivers,,2,0,26,28
Harrison,Precinct 25,State House,70,Over Votes,,0,0,0,0
Harrison,Precinct 25,State House,70,Under Votes,,0,0,5,5
Harrison,Precinct 26,Ballots Cast,,,,,,,256
Harrison,Precinct 26,U.S. Senate,,Mike Braun,,5,0,65,70
Harrison,Precinct 26,U.S. Senate,,Luke Messer,,4,0,54,58
Harrison,Precinct 26,U.S. Senate,,Todd Rokita,,1,0,18,19
Harrison,Precinct 26,U.S. Senate,,Over Votes,,0,0,0,0
Harrison,Precinct 26,U.S. Senate,,Under Votes,,4,0,15,19
Harrison,Precinct 26,U.S. House,9,James Dean Alspach,,4,0,36,40
Harrison,Precinct 26,U.S. House,9,Trey Hollingsworth,,7,0,104,111
Harrison,Precinct 26,U.S. House,9,Over Votes,,0,0,0,0
Harrison,Precinct 26,U.S. House,9,Under Votes,,3,0,12,15
Harrison,Precinct 26,State Senate,47,Erin Houchin,,9,0,125,134
Harrison,Precinct 26,State Senate,47,Over Votes,,0,0,0,0
Harrison,Precinct 26,State Senate,47,Under Votes,,5,0,27,32
Harrison,Precinct 26,State House,70,Karen Engleman,,9,0,127,136
Harrison,Precinct 26,State House,70,Over Votes,,0,0,0,0
Harrison,Precinct 26,State House,70,Under Votes,,5,0,25,30
Harrison,Precinct 26,U.S. Senate,,Joe Donnelly,,2,0,71,73
Harrison,Precinct 26,U.S. Senate,,Over Votes,,0,0,0,0
Harrison,Precinct 26,U.S. Senate,,Under Votes,,0,0,17,17
Harrison,Precinct 26,U.S. House,9,Dan Canon,,0,0,26,26
Harrison,Precinct 26,U.S. House,9,Rob Chatlos,,0,0,9,9
Harrison,Precinct 26,U.S. House,9,Liz Watson,,2,0,49,51
Harrison,Precinct 26,U.S. House,9,Over Votes,,0,0,0,0
Harrison,Precinct 26,U.S. House,9,Under Votes,,0,0,4,4
Harrison,Precinct 26,State Senate,47,Nicholas A. (Nick) Siler,,2,0,66,68
Harrison,Precinct 26,State Senate,47,Over Votes,,0,0,0,0
Harrison,Precinct 26,State Senate,47,Under Votes,,0,0,22,22
Harrison,Precinct 26,State House,70,Sarah Stivers,,2,0,66,68
Harrison,Precinct 26,State House,70,Over Votes,,0,0,0,0
Harrison,Precinct 26,State House,70,Under Votes,,0,0,22,22
Harrison,Precinct 27,Ballots Cast,,,,,,,251
Harrison,Precinct 27,U.S. Senate,,Mike Braun,,6,0,54,60
Harrison,Precinct 27,U.S. Senate,,Luke Messer,,4,0,41,45
Harrison,Precinct 27,U.S. Senate,,Todd Rokita,,8,0,35,43
Harrison,Precinct 27,U.S. Senate,,Over Votes,,0,0,0,0
Harrison,Precinct 27,U.S. Senate,,Under Votes,,3,0,22,25
Harrison,Precinct 27,U.S. House,9,James Dean Alspach,,3,0,16,19
Harrison,Precinct 27,U.S. House,9,Trey Hollingsworth,,15,0,122,137
Harrison,Precinct 27,U.S. House,9,Over Votes,,0,0,0,0
Harrison,Precinct 27,U.S. House,9,Under Votes,,3,0,14,17
Harrison,Precinct 27,State Senate,47,Erin Houchin,,16,0,129,145
Harrison,Precinct 27,State Senate,47,Over Votes,,0,0,0,0
Harrison,Precinct 27,State Senate,47,Under Votes,,5,0,23,28
Harrison,Precinct 27,State House,70,Karen Engleman,,17,0,125,142
Harrison,Precinct 27,State House,70,Over Votes,,0,0,0,0
Harrison,Precinct 27,State House,70,Under Votes,,4,0,27,31
Harrison,Precinct 27,U.S. Senate,,Joe Donnelly,,5,0,54,59
Harrison,Precinct 27,U.S. Senate,,Over Votes,,0,0,0,0
Harrison,Precinct 27,U.S. Senate,,Under Votes,,0,0,19,19
Harrison,Precinct 27,U.S. House,9,Dan Canon,,1,0,29,30
Harrison,Precinct 27,U.S. House,9,Rob Chatlos,,0,0,3,3
Harrison,Precinct 27,U.S. House,9,Liz Watson,,4,0,37,41
Harrison,Precinct 27,U.S. House,9,Over Votes,,0,0,0,0
Harrison,Precinct 27,U.S. House,9,Under Votes,,0,0,4,4
Harrison,Precinct 27,State Senate,47,Nicholas A. (Nick) Siler,,5,0,56,61
Harrison,Precinct 27,State Senate,47,Over Votes,,0,0,0,0
Harrison,Precinct 27,State Senate,47,Under Votes,,0,0,17,17
Harrison,Precinct 27,State House,70,Sarah Stivers,,4,0,57,61
Harrison,Precinct 27,State House,70,Over Votes,,0,0,0,0
Harrison,Precinct 27,State House,70,Under Votes,,1,0,16,17
Harrison,Precinct 28,Ballots Cast,,,,,,,253
Harrison,Precinct 28,U.S. Senate,,Mike Braun,,11,0,61,72
Harrison,Precinct 28,U.S. Senate,,Luke Messer,,4,0,42,46
Harrison,Precinct 28,U.S. Senate,,Todd Rokita,,0,0,39,39
Harrison,Precinct 28,U.S. Senate,,Over Votes,,0,0,0,0
Harrison,Precinct 28,U.S. Senate,,Under Votes,,3,0,21,24
Harrison,Precinct 28,U.S. House,9,James Dean Alspach,,1,0,28,29
Harrison,Precinct 28,U.S. House,9,Trey Hollingsworth,,15,0,123,138
Harrison,Precinct 28,U.S. House,9,Over Votes,,0,0,0,0
Harrison,Precinct 28,U.S. House,9,Under Votes,,2,0,12,14
Harrison,Precinct 28,State Senate,47,Erin Houchin,,14,0,129,143
Harrison,Precinct 28,State Senate,47,Over Votes,,0,0,0,0
Harrison,Precinct 28,State Senate,47,Under Votes,,4,0,34,38
Harrison,Precinct 28,State House,70,Karen Engleman,,14,0,136,150
Harrison,Precinct 28,State House,70,Over Votes,,0,0,0,0
Harrison,Precinct 28,State House,70,Under Votes,,4,0,27,31
Harrison,Precinct 28,U.S. Senate,,Joe Donnelly,,16,0,45,61
Harrison,Precinct 28,U.S. Senate,,Over Votes,,0,0,0,0
Harrison,Precinct 28,U.S. Senate,,Under Votes,,2,0,9,11
Harrison,Precinct 28,U.S. House,9,Dan Canon,,5,0,21,26
Harrison,Precinct 28,U.S. House,9,Rob Chatlos,,0,0,0,0
Harrison,Precinct 28,U.S. House,9,Liz Watson,,12,0,28,40
Harrison,Precinct 28,U.S. House,9,Over Votes,,0,0,0,0
Harrison,Precinct 28,U.S. House,9,Under Votes,,1,0,5,6
Harrison,Precinct 28,State Senate,47,Nicholas A. (Nick) Siler,,16,0,44,60
Harrison,Precinct 28,State Senate,47,Over Votes,,0,0,0,0
Harrison,Precinct 28,State Senate,47,Under Votes,,2,0,10,12
Harrison,Precinct 28,State House,70,Sarah Stivers,,17,0,44,61
Harrison,Precinct 28,State House,70,Over Votes,,0,0,0,0
Harrison,Precinct 28,State House,70,Under Votes,,1,0,10,11
Harrison,Precinct 29,Ballots Cast,,,,,,,148
Harrison,Precinct 29,U.S. Senate,,Mike Braun,,9,0,41,50
Harrison,Precinct 29,U.S. Senate,,Luke Messer,,1,0,26,27
Harrison,Precinct 29,U.S. Senate,,Todd Rokita,,2,0,7,9
Harrison,Precinct 29,U.S. Senate,,Over Votes,,0,0,0,0
Harrison,Precinct 29,U.S. Senate,,Under Votes,,0,0,10,10
Harrison,Precinct 29,U.S. House,9,James Dean Alspach,,3,0,19,22
Harrison,Precinct 29,U.S. House,9,Trey Hollingsworth,,8,0,59,67
Harrison,Precinct 29,U.S. House,9,Over Votes,,0,0,0,0
Harrison,Precinct 29,U.S. House,9,Under Votes,,1,0,6,7
Harrison,Precinct 29,State Senate,47,Erin Houchin,,11,0,67,78
Harrison,Precinct 29,State Senate,47,Over Votes,,0,0,0,0
Harrison,Precinct 29,State Senate,47,Under Votes,,1,0,17,18
Harrison,Precinct 29,State House,70,Karen Engleman,,10,0,68,78
Harrison,Precinct 29,State House,70,Over Votes,,0,0,0,0
Harrison,Precinct 29,State House,70,Under Votes,,2,0,16,18
Harrison,Precinct 29,U.S. Senate,,Joe Donnelly,,9,0,36,45
Harrison,Precinct 29,U.S. Senate,,Over Votes,,0,0,0,0
Harrison,Precinct 29,U.S. Senate,,Under Votes,,0,0,7,7
Harrison,Precinct 29,U.S. House,9,Dan Canon,,7,0,15,22
Harrison,Precinct 29,U.S. House,9,Rob Chatlos,,0,0,2,2
Harrison,Precinct 29,U.S. House,9,Liz Watson,,2,0,20,22
Harrison,Precinct 29,U.S. House,9,Over Votes,,0,0,0,0
Harrison,Precinct 29,U.S. House,9,Under Votes,,0,0,6,6
Harrison,Precinct 29,State Senate,47,Nicholas A. (Nick) Siler,,9,0,35,44
Harrison,Precinct 29,State Senate,47,Over Votes,,0,0,0,0
Harrison,Precinct 29,State Senate,47,Under Votes,,0,0,8,8
Harrison,Precinct 29,State House,70,Sarah Stivers,,9,0,36,45
Harrison,Precinct 29,State House,70,Over Votes,,0,0,0,0
Harrison,Precinct 29,State House,70,Under Votes,,0,0,7,7
Harrison,Precinct 31,Ballots Cast,,,,,,,105
Harrison,Precinct 31,U.S. Senate,,Mike Braun,,5,0,14,19
Harrison,Precinct 31,U.S. Senate,,Luke Messer,,0,0,31,31
Harrison,Precinct 31,U.S. Senate,,Todd Rokita,,3,0,20,23
Harrison,Precinct 31,U.S. Senate,,Over Votes,,0,0,0,0
Harrison,Precinct 31,U.S. Senate,,Under Votes,,1,0,3,4
Harrison,Precinct 31,U.S. House,9,James Dean Alspach,,0,0,23,23
Harrison,Precinct 31,U.S. House,9,Trey Hollingsworth,,9,0,43,52
Harrison,Precinct 31,U.S. House,9,Over Votes,,0,0,0,0
Harrison,Precinct 31,U.S. House,9,Under Votes,,0,0,2,2
Harrison,Precinct 31,State Senate,47,Erin Houchin,,7,0,52,59
Harrison,Precinct 31,State Senate,47,Over Votes,,0,0,0,0
Harrison,Precinct 31,State Senate,47,Under Votes,,2,0,16,18
Harrison,Precinct 31,State House,70,Karen Engleman,,8,0,55,63
Harrison,Precinct 31,State House,70,Over Votes,,0,0,0,0
Harrison,Precinct 31,State House,70,Under Votes,,1,0,13,14
Harrison,Precinct 31,U.S. Senate,,Joe Donnelly,,1,0,23,24
Harrison,Precinct 31,U.S. Senate,,Over Votes,,0,0,0,0
Harrison,Precinct 31,U.S. Senate,,Under Votes,,0,0,4,4
Harrison,Precinct 31,U.S. House,9,Dan Canon,,0,0,4,4
Harrison,Precinct 31,U.S. House,9,Rob Chatlos,,1,0,1,2
Harrison,Precinct 31,U.S. House,9,Liz Watson,,0,0,22,22
Harrison,Precinct 31,U.S. House,9,Over Votes,,0,0,0,0
Harrison,Precinct 31,U.S. House,9,Under Votes,,0,0,0,0
Harrison,Precinct 31,State Senate,47,Nicholas A. (Nick) Siler,,1,0,25,26
Harrison,Precinct 31,State Senate,47,Over Votes,,0,0,0,0
Harrison,Precinct 31,State Senate,47,Under Votes,,0,0,2,2
Harrison,Precinct 31,State House,70,Sarah Stivers,,1,0,23,24
Harrison,Precinct 31,State House,70,Over Votes,,0,0,0,0
Harrison,Precinct 31,State House,70,Under Votes,,0,0,4,4
Harrison,Precinct 33,Ballots Cast,,,,,,,181
Harrison,Precinct 33,U.S. Senate,,Mike Braun,,7,0,47,54
Harrison,Precinct 33,U.S. Senate,,Luke Messer,,5,0,36,41
Harrison,Precinct 33,U.S. Senate,,Todd Rokita,,4,0,20,24
Harrison,Precinct 33,U.S. Senate,,Over Votes,,0,0,0,0
Harrison,Precinct 33,U.S. Senate,,Under Votes,,0,0,17,17
Harrison,Precinct 33,U.S. House,9,James Dean Alspach,,4,0,21,25
Harrison,Precinct 33,U.S. House,9,Trey Hollingsworth,,11,0,89,100
Harrison,Precinct 33,U.S. House,9,Over Votes,,0,0,0,0
Harrison,Precinct 33,U.S. House,9,Under Votes,,1,0,10,11
Harrison,Precinct 33,State Senate,47,Erin Houchin,,16,0,92,108
Harrison,Precinct 33,State Senate,47,Over Votes,,0,0,0,0
Harrison,Precinct 33,State Senate,47,Under Votes,,0,0,28,28
Harrison,Precinct 33,State House,70,Karen Engleman,,16,0,99,115
Harrison,Precinct 33,State House,70,Over Votes,,0,0,0,0
Harrison,Precinct 33,State House,70,Under Votes,,0,0,21,21
Harrison,Precinct 33,U.S. Senate,,Joe Donnelly,,1,0,36,37
Harrison,Precinct 33,U.S. Senate,,Over Votes,,0,0,0,0
Harrison,Precinct 33,U.S. Senate,,Under Votes,,0,0,8,8
Harrison,Precinct 33,U.S. House,9,Dan Canon,,0,0,13,13
Harrison,Precinct 33,U.S. House,9,Rob Chatlos,,0,0,1,1
Harrison,Precinct 33,U.S. House,9,Liz Watson,,1,0,28,29
Harrison,Precinct 33,U.S. House,9,Over Votes,,0,0,0,0
Harrison,Precinct 33,U.S. House,9,Under Votes,,0,0,2,2
Harrison,Precinct 33,State Senate,47,Nicholas A. (Nick) Siler,,1,0,37,38
Harrison,Precinct 33,State Senate,47,Over Votes,,0,0,0,0
Harrison,Precinct 33,State Senate,47,Under Votes,,0,0,7,7
Harrison,Precinct 33,State House,70,Sarah Stivers,,1,0,36,37
Harrison,Precinct 33,State House,70,Over Votes,,0,0,0,0
Harrison,Precinct 33,State House,70,Under Votes,,0,0,8,8
Harrison,Precinct 34,Ballots Cast,,,,,,,175
Harrison,Precinct 34,U.S. Senate,,Mike Braun,,9,0,48,57
Harrison,Precinct 34,U.S. Senate,,Luke Messer,,6,0,36,42
Harrison,Precinct 34,U.S. Senate,,Todd Rokita,,5,0,23,28
Harrison,Precinct 34,U.S. Senate,,Over Votes,,0,0,0,0
Harrison,Precinct 34,U.S. Senate,,Under Votes,,3,0,15,18
Harrison,Precinct 34,U.S. House,9,James Dean Alspach,,2,0,27,29
Harrison,Precinct 34,U.S. House,9,Trey Hollingsworth,,18,0,81,99
Harrison,Precinct 34,U.S. House,9,Over Votes,,0,0,1,1
Harrison,Precinct 34,U.S. House,9,Under Votes,,3,0,13,16
Harrison,Precinct 34,State Senate,47,Erin Houchin,,19,0,97,116
Harrison,Precinct 34,State Senate,47,Over Votes,,0,0,0,0
Harrison,Precinct 34,State Senate,47,Under Votes,,4,0,25,29
Harrison,Precinct 34,State House,70,Karen Engleman,,21,0,102,123
Harrison,Precinct 34,State House,70,Over Votes,,0,0,0,0
Harrison,Precinct 34,State House,70,Under Votes,,2,0,20,22
Harrison,Precinct 34,U.S. Senate,,Joe Donnelly,,4,0,24,28
Harrison,Precinct 34,U.S. Senate,,Over Votes,,0,0,0,0
Harrison,Precinct 34,U.S. Senate,,Under Votes,,0,0,2,2
Harrison,Precinct 34,U.S. House,9,Dan Canon,,1,0,8,9
Harrison,Precinct 34,U.S. House,9,Rob Chatlos,,1,0,1,2
Harrison,Precinct 34,U.S. House,9,Liz Watson,,2,0,16,18
Harrison,Precinct 34,U.S. House,9,Over Votes,,0,0,0,0
Harrison,Precinct 34,U.S. House,9,Under Votes,,0,0,1,1
Harrison,Precinct 34,State Senate,47,Nicholas A. (Nick) Siler,,4,0,24,28
Harrison,Precinct 34,State Senate,47,Over Votes,,0,0,0,0
Harrison,Precinct 34,State Senate,47,Under Votes,,0,0,2,2
Harrison,Precinct 34,State House,70,Sarah Stivers,,4,0,26,30
Harrison,Precinct 34,State House,70,Over Votes,,0,0,0,0
Harrison,Precinct 34,State House,70,Under Votes,,0,0,0,0
