county,precinct,office,district,candidate,party,absentee,early_voting,election_day,votes
Wahington,FEDERAL,Ballots Cast,,,,0,0,0,0
Wahington,SAL1,Ballots Cast,,,,66,22,343,431
Wahington,SAL2,Ballots Cast,,,,72,31,305,408
Wahington,SAL3,Ballots Cast,,,,105,47,424,576
Wahington,SAL4,Ballots Cast,,,,88,30,400,518
Wahington,WAS1,Ballots Cast,,,,55,15,270,340
Wahington,WAS2,Ballots Cast,,,,40,13,180,233
Wahington,WAS3,Ballots Cast,,,,131,45,521,697
Wahington,WAS4,Ballots Cast,,,,55,37,360,452
Wahington,BROW,Ballots Cast,,,,39,21,324,384
Wahington,FRAN,Ballots Cast,,,,70,28,596,694
Wahington,GIBS,Ballots Cast,,,,38,18,338,394
Wahington,HOWD,Ballots Cast,,,,58,20,309,387
Wahington,JACK,Ballots Cast,,,,85,34,626,745
Wahington,JEFF,Ballots Cast,,,,21,14,235,270
Wahington,MADI,Ballots Cast,,,,6,7,185,198
Wahington,MONR,Ballots Cast,,,,22,6,228,256
Wahington,PIER,Ballots Cast,,,,108,41,705,854
Wahington,POLK,Ballots Cast,,,,93,46,698,837
Wahington,POSY,Ballots Cast,,,,65,24,510,599
Wahington,VERN,Ballots Cast,,,,26,16,226,268
Wahington,Totals,Ballots Cast,,,,1243,515,7783,9541
Wahington,FEDERAL,Straight Party,,Republican Party,,,,,0
Wahington,SAL1,Straight Party,,Republican Party,,,,,90
Wahington,SAL2,Straight Party,,Republican Party,,,,,73
Wahington,SAL3,Straight Party,,Republican Party,,,,,89
Wahington,SAL4,Straight Party,,Republican Party,,,,,98
Wahington,WAS1,Straight Party,,Republican Party,,,,,41
Wahington,WAS2,Straight Party,,Republican Party,,,,,32
Wahington,WAS3,Straight Party,,Republican Party,,,,,121
Wahington,WAS4,Straight Party,,Republican Party,,,,,69
Wahington,BROW,Straight Party,,Republican Party,,,,,60
Wahington,FRAN,Straight Party,,Republican Party,,,,,205
Wahington,GIBS,Straight Party,,Republican Party,,,,,98
Wahington,HOWD,Straight Party,,Republican Party,,,,,82
Wahington,JACK,Straight Party,,Republican Party,,,,,242
Wahington,JEFF,Straight Party,,Republican Party,,,,,83
Wahington,MADI,Straight Party,,Republican Party,,,,,52
Wahington,MONR,Straight Party,,Republican Party,,,,,54
Wahington,PIER,Straight Party,,Republican Party,,,,,171
Wahington,POLK,Straight Party,,Republican Party,,,,,208
Wahington,POSY,Straight Party,,Republican Party,,,,,156
Wahington,VERN,Straight Party,,Republican Party,,,,,32
Wahington,Totals,Straight Party,,Republican Party,,,,,2056
Wahington,FEDERAL,Straight Party,,Democratic Party,,,,,0
Wahington,SAL1,Straight Party,,Democratic Party,,,,,36
Wahington,SAL2,Straight Party,,Democratic Party,,,,,37
Wahington,SAL3,Straight Party,,Democratic Party,,,,,47
Wahington,SAL4,Straight Party,,Democratic Party,,,,,36
Wahington,WAS1,Straight Party,,Democratic Party,,,,,21
Wahington,WAS2,Straight Party,,Democratic Party,,,,,9
Wahington,WAS3,Straight Party,,Democratic Party,,,,,45
Wahington,WAS4,Straight Party,,Democratic Party,,,,,23
Wahington,BROW,Straight Party,,Democratic Party,,,,,19
Wahington,FRAN,Straight Party,,Democratic Party,,,,,62
Wahington,GIBS,Straight Party,,Democratic Party,,,,,46
Wahington,HOWD,Straight Party,,Democratic Party,,,,,30
Wahington,JACK,Straight Party,,Democratic Party,,,,,86
Wahington,JEFF,Straight Party,,Democratic Party,,,,,16
Wahington,MADI,Straight Party,,Democratic Party,,,,,25
Wahington,MONR,Straight Party,,Democratic Party,,,,,11
Wahington,PIER,Straight Party,,Democratic Party,,,,,76
Wahington,POLK,Straight Party,,Democratic Party,,,,,73
Wahington,POSY,Straight Party,,Democratic Party,,,,,73
Wahington,VERN,Straight Party,,Democratic Party,,,,,7
Wahington,Totals,Straight Party,,Democratic Party,,,,,778
Wahington,FEDERAL,Straight Party,,Libertarian Party,,,,,0
Wahington,SAL1,Straight Party,,Libertarian Party,,,,,2
Wahington,SAL2,Straight Party,,Libertarian Party,,,,,3
Wahington,SAL3,Straight Party,,Libertarian Party,,,,,3
Wahington,SAL4,Straight Party,,Libertarian Party,,,,,3
Wahington,WAS1,Straight Party,,Libertarian Party,,,,,0
Wahington,WAS2,Straight Party,,Libertarian Party,,,,,1
Wahington,WAS3,Straight Party,,Libertarian Party,,,,,2
Wahington,WAS4,Straight Party,,Libertarian Party,,,,,0
Wahington,BROW,Straight Party,,Libertarian Party,,,,,3
Wahington,FRAN,Straight Party,,Libertarian Party,,,,,5
Wahington,GIBS,Straight Party,,Libertarian Party,,,,,2
Wahington,HOWD,Straight Party,,Libertarian Party,,,,,4
Wahington,JACK,Straight Party,,Libertarian Party,,,,,3
Wahington,JEFF,Straight Party,,Libertarian Party,,,,,1
Wahington,MADI,Straight Party,,Libertarian Party,,,,,0
Wahington,MONR,Straight Party,,Libertarian Party,,,,,2
Wahington,PIER,Straight Party,,Libertarian Party,,,,,4
Wahington,POLK,Straight Party,,Libertarian Party,,,,,9
Wahington,POSY,Straight Party,,Libertarian Party,,,,,7
Wahington,VERN,Straight Party,,Libertarian Party,,,,,0
Wahington,Totals,Straight Party,,Libertarian Party,,,,,54
Wahington,FEDERAL,U.S. Senate,,Mike Braun,REP,,,,0
Wahington,SAL1,U.S. Senate,,Mike Braun,REP,,,,257
Wahington,SAL2,U.S. Senate,,Mike Braun,REP,,,,228
Wahington,SAL3,U.S. Senate,,Mike Braun,REP,,,,312
Wahington,SAL4,U.S. Senate,,Mike Braun,REP,,,,301
Wahington,WAS1,U.S. Senate,,Mike Braun,REP,,,,220
Wahington,WAS2,U.S. Senate,,Mike Braun,REP,,,,159
Wahington,WAS3,U.S. Senate,,Mike Braun,REP,,,,453
Wahington,WAS4,U.S. Senate,,Mike Braun,REP,,,,318
Wahington,BROW,U.S. Senate,,Mike Braun,REP,,,,242
Wahington,FRAN,U.S. Senate,,Mike Braun,REP,,,,493
Wahington,GIBS,U.S. Senate,,Mike Braun,REP,,,,230
Wahington,HOWD,U.S. Senate,,Mike Braun,REP,,,,265
Wahington,JACK,U.S. Senate,,Mike Braun,REP,,,,498
Wahington,JEFF,U.S. Senate,,Mike Braun,REP,,,,185
Wahington,MADI,U.S. Senate,,Mike Braun,REP,,,,131
Wahington,MONR,U.S. Senate,,Mike Braun,REP,,,,170
Wahington,PIER,U.S. Senate,,Mike Braun,REP,,,,570
Wahington,POLK,U.S. Senate,,Mike Braun,REP,,,,552
Wahington,POSY,U.S. Senate,,Mike Braun,REP,,,,362
Wahington,VERN,U.S. Senate,,Mike Braun,REP,,,,181
Wahington,Totals,U.S. Senate,,Mike Braun,REP,,,,6127
Wahington,FEDERAL,U.S. Senate,,Joe Donnelly,DEM,,,,0
Wahington,SAL1,U.S. Senate,,Joe Donnelly,DEM,,,,136
Wahington,SAL2,U.S. Senate,,Joe Donnelly,DEM,,,,141
Wahington,SAL3,U.S. Senate,,Joe Donnelly,DEM,,,,215
Wahington,SAL4,U.S. Senate,,Joe Donnelly,DEM,,,,169
Wahington,WAS1,U.S. Senate,,Joe Donnelly,DEM,,,,107
Wahington,WAS2,U.S. Senate,,Joe Donnelly,DEM,,,,61
Wahington,WAS3,U.S. Senate,,Joe Donnelly,DEM,,,,198
Wahington,WAS4,U.S. Senate,,Joe Donnelly,DEM,,,,114
Wahington,BROW,U.S. Senate,,Joe Donnelly,DEM,,,,115
Wahington,FRAN,U.S. Senate,,Joe Donnelly,DEM,,,,164
Wahington,GIBS,U.S. Senate,,Joe Donnelly,DEM,,,,144
Wahington,HOWD,U.S. Senate,,Joe Donnelly,DEM,,,,104
Wahington,JACK,U.S. Senate,,Joe Donnelly,DEM,,,,205
Wahington,JEFF,U.S. Senate,,Joe Donnelly,DEM,,,,57
Wahington,MADI,U.S. Senate,,Joe Donnelly,DEM,,,,56
Wahington,MONR,U.S. Senate,,Joe Donnelly,DEM,,,,64
Wahington,PIER,U.S. Senate,,Joe Donnelly,DEM,,,,237
Wahington,POLK,U.S. Senate,,Joe Donnelly,DEM,,,,239
Wahington,POSY,U.S. Senate,,Joe Donnelly,DEM,,,,207
Wahington,VERN,U.S. Senate,,Joe Donnelly,DEM,,,,73
Wahington,Totals,U.S. Senate,,Joe Donnelly,DEM,,,,2806
Wahington,FEDERAL,U.S. Senate,,Lucy M.Brenton,LIB,,,,0
Wahington,SAL1,U.S. Senate,,Lucy M.Brenton,LIB,,,,33
Wahington,SAL2,U.S. Senate,,Lucy M.Brenton,LIB,,,,29
Wahington,SAL3,U.S. Senate,,Lucy M.Brenton,LIB,,,,33
Wahington,SAL4,U.S. Senate,,Lucy M.Brenton,LIB,,,,36
Wahington,WAS1,U.S. Senate,,Lucy M.Brenton,LIB,,,,8
Wahington,WAS2,U.S. Senate,,Lucy M.Brenton,LIB,,,,12
Wahington,WAS3,U.S. Senate,,Lucy M.Brenton,LIB,,,,29
Wahington,WAS4,U.S. Senate,,Lucy M.Brenton,LIB,,,,12
Wahington,BROW,U.S. Senate,,Lucy M.Brenton,LIB,,,,21
Wahington,FRAN,U.S. Senate,,Lucy M.Brenton,LIB,,,,28
Wahington,GIBS,U.S. Senate,,Lucy M.Brenton,LIB,,,,17
Wahington,HOWD,U.S. Senate,,Lucy M.Brenton,LIB,,,,11
Wahington,JACK,U.S. Senate,,Lucy M.Brenton,LIB,,,,34
Wahington,JEFF,U.S. Senate,,Lucy M.Brenton,LIB,,,,21
Wahington,MADI,U.S. Senate,,Lucy M.Brenton,LIB,,,,11
Wahington,MONR,U.S. Senate,,Lucy M.Brenton,LIB,,,,17
Wahington,PIER,U.S. Senate,,Lucy M.Brenton,LIB,,,,30
Wahington,POLK,U.S. Senate,,Lucy M.Brenton,LIB,,,,33
Wahington,POSY,U.S. Senate,,Lucy M.Brenton,LIB,,,,24
Wahington,VERN,U.S. Senate,,Lucy M.Brenton,LIB,,,,9
Wahington,Totals,U.S. Senate,,Lucy M.Brenton,LIB,,,,448
Wahington,FEDERAL,U.S. Senate,,Nathan Altman,,,,,0
Wahington,SAL1,U.S. Senate,,Nathan Altman,,,,,0
Wahington,SAL2,U.S. Senate,,Nathan Altman,,,,,0
Wahington,SAL3,U.S. Senate,,Nathan Altman,,,,,0
Wahington,SAL4,U.S. Senate,,Nathan Altman,,,,,0
Wahington,WAS1,U.S. Senate,,Nathan Altman,,,,,0
Wahington,WAS2,U.S. Senate,,Nathan Altman,,,,,0
Wahington,WAS3,U.S. Senate,,Nathan Altman,,,,,0
Wahington,WAS4,U.S. Senate,,Nathan Altman,,,,,0
Wahington,BROW,U.S. Senate,,Nathan Altman,,,,,0
Wahington,FRAN,U.S. Senate,,Nathan Altman,,,,,0
Wahington,GIBS,U.S. Senate,,Nathan Altman,,,,,0
Wahington,HOWD,U.S. Senate,,Nathan Altman,,,,,0
Wahington,JACK,U.S. Senate,,Nathan Altman,,,,,0
Wahington,JEFF,U.S. Senate,,Nathan Altman,,,,,0
Wahington,MADI,U.S. Senate,,Nathan Altman,,,,,0
Wahington,MONR,U.S. Senate,,Nathan Altman,,,,,0
Wahington,PIER,U.S. Senate,,Nathan Altman,,,,,0
Wahington,POLK,U.S. Senate,,Nathan Altman,,,,,0
Wahington,POSY,U.S. Senate,,Nathan Altman,,,,,0
Wahington,VERN,U.S. Senate,,Nathan Altman,,,,,0
Wahington,Totals,U.S. Senate,,Nathan Altman,,,,,0
Wahington,FEDERAL,U.S. Senate,,Christopher Fischer,,,,,0
Wahington,SAL1,U.S. Senate,,Christopher Fischer,,,,,0
Wahington,SAL2,U.S. Senate,,Christopher Fischer,,,,,0
Wahington,SAL3,U.S. Senate,,Christopher Fischer,,,,,0
Wahington,SAL4,U.S. Senate,,Christopher Fischer,,,,,0
Wahington,WAS1,U.S. Senate,,Christopher Fischer,,,,,0
Wahington,WAS2,U.S. Senate,,Christopher Fischer,,,,,0
Wahington,WAS3,U.S. Senate,,Christopher Fischer,,,,,0
Wahington,WAS4,U.S. Senate,,Christopher Fischer,,,,,0
Wahington,BROW,U.S. Senate,,Christopher Fischer,,,,,0
Wahington,FRAN,U.S. Senate,,Christopher Fischer,,,,,0
Wahington,GIBS,U.S. Senate,,Christopher Fischer,,,,,0
Wahington,HOWD,U.S. Senate,,Christopher Fischer,,,,,0
Wahington,JACK,U.S. Senate,,Christopher Fischer,,,,,0
Wahington,JEFF,U.S. Senate,,Christopher Fischer,,,,,0
Wahington,MADI,U.S. Senate,,Christopher Fischer,,,,,0
Wahington,MONR,U.S. Senate,,Christopher Fischer,,,,,0
Wahington,PIER,U.S. Senate,,Christopher Fischer,,,,,0
Wahington,POLK,U.S. Senate,,Christopher Fischer,,,,,0
Wahington,POSY,U.S. Senate,,Christopher Fischer,,,,,0
Wahington,VERN,U.S. Senate,,Christopher Fischer,,,,,0
Wahington,Totals,U.S. Senate,,Christopher Fischer,,,,,0
Wahington,FEDERAL,U.S. Senate,,James L Johnson Jr,,,,,0
Wahington,SAL1,U.S. Senate,,James L Johnson Jr,,,,,0
Wahington,SAL2,U.S. Senate,,James L Johnson Jr,,,,,0
Wahington,SAL3,U.S. Senate,,James L Johnson Jr,,,,,0
Wahington,SAL4,U.S. Senate,,James L Johnson Jr,,,,,0
Wahington,WAS1,U.S. Senate,,James L Johnson Jr,,,,,0
Wahington,WAS2,U.S. Senate,,James L Johnson Jr,,,,,0
Wahington,WAS3,U.S. Senate,,James L Johnson Jr,,,,,0
Wahington,WAS4,U.S. Senate,,James L Johnson Jr,,,,,0
Wahington,BROW,U.S. Senate,,James L Johnson Jr,,,,,0
Wahington,FRAN,U.S. Senate,,James L Johnson Jr,,,,,0
Wahington,GIBS,U.S. Senate,,James L Johnson Jr,,,,,0
Wahington,HOWD,U.S. Senate,,James L Johnson Jr,,,,,0
Wahington,JACK,U.S. Senate,,James L Johnson Jr,,,,,0
Wahington,JEFF,U.S. Senate,,James L Johnson Jr,,,,,0
Wahington,MADI,U.S. Senate,,James L Johnson Jr,,,,,0
Wahington,MONR,U.S. Senate,,James L Johnson Jr,,,,,0
Wahington,PIER,U.S. Senate,,James L Johnson Jr,,,,,1
Wahington,POLK,U.S. Senate,,James L Johnson Jr,,,,,0
Wahington,POSY,U.S. Senate,,James L Johnson Jr,,,,,0
Wahington,VERN,U.S. Senate,,James L Johnson Jr,,,,,0
Wahington,Totals,U.S. Senate,,James L Johnson Jr,,,,,1
Wahington,SAL1,Secretory of State,,Connie Lawson,REP,,,,267
Wahington,SAL2,Secretory of State,,Connie Lawson,REP,,,,249
Wahington,SAL3,Secretory of State,,Connie Lawson,REP,,,,331
Wahington,SAL4,Secretory of State,,Connie Lawson,REP,,,,326
Wahington,WAS1,Secretory of State,,Connie Lawson,REP,,,,217
Wahington,WAS2,Secretory of State,,Connie Lawson,REP,,,,159
Wahington,WAS3,Secretory of State,,Connie Lawson,REP,,,,466
Wahington,WAS4,Secretory of State,,Connie Lawson,REP,,,,328
Wahington,BROW,Secretory of State,,Connie Lawson,REP,,,,244
Wahington,FRAN,Secretory of State,,Connie Lawson,REP,,,,504
Wahington,GIBS,Secretory of State,,Connie Lawson,REP,,,,238
Wahington,HOWD,Secretory of State,,Connie Lawson,REP,,,,261
Wahington,JACK,Secretory of State,,Connie Lawson,REP,,,,510
Wahington,JEFF,Secretory of State,,Connie Lawson,REP,,,,183
Wahington,MADI,Secretory of State,,Connie Lawson,REP,,,,131
Wahington,MONR,Secretory of State,,Connie Lawson,REP,,,,184
Wahington,PIER,Secretory of State,,Connie Lawson,REP,,,,580
Wahington,POLK,Secretory of State,,Connie Lawson,REP,,,,559
Wahington,POSY,Secretory of State,,Connie Lawson,REP,,,,376
Wahington,VERN,Secretory of State,,Connie Lawson,REP,,,,195
Wahington,Totals,Secretory of State,,Connie Lawson,REP,,,,6308
Wahington,SAL1,Secretory of State,,Jim Harper,DEM,,,,132
Wahington,SAL2,Secretory of State,,Jim Harper,DEM,,,,123
Wahington,SAL3,Secretory of State,,Jim Harper,DEM,,,,184
Wahington,SAL4,Secretory of State,,Jim Harper,DEM,,,,148
Wahington,WAS1,Secretory of State,,Jim Harper,DEM,,,,98
Wahington,WAS2,Secretory of State,,Jim Harper,DEM,,,,54
Wahington,WAS3,Secretory of State,,Jim Harper,DEM,,,,173
Wahington,WAS4,Secretory of State,,Jim Harper,DEM,,,,100
Wahington,BROW,Secretory of State,,Jim Harper,DEM,,,,99
Wahington,FRAN,Secretory of State,,Jim Harper,DEM,,,,151
Wahington,GIBS,Secretory of State,,Jim Harper,DEM,,,,132
Wahington,HOWD,Secretory of State,,Jim Harper,DEM,,,,95
Wahington,JACK,Secretory of State,,Jim Harper,DEM,,,,189
Wahington,JEFF,Secretory of State,,Jim Harper,DEM,,,,51
Wahington,MADI,Secretory of State,,Jim Harper,DEM,,,,48
Wahington,MONR,Secretory of State,,Jim Harper,DEM,,,,47
Wahington,PIER,Secretory of State,,Jim Harper,DEM,,,,220
Wahington,POLK,Secretory of State,,Jim Harper,DEM,,,,223
Wahington,POSY,Secretory of State,,Jim Harper,DEM,,,,188
Wahington,VERN,Secretory of State,,Jim Harper,DEM,,,,55
Wahington,Totals,Secretory of State,,Jim Harper,DEM,,,,2510
Wahington,SAL1,Secretory of State,,Mark W. Rutherford,LIB,,,,22
Wahington,SAL2,Secretory of State,,Mark W. Rutherford,LIB,,,,14
Wahington,SAL3,Secretory of State,,Mark W. Rutherford,LIB,,,,33
Wahington,SAL4,Secretory of State,,Mark W. Rutherford,LIB,,,,25
Wahington,WAS1,Secretory of State,,Mark W. Rutherford,LIB,,,,10
Wahington,WAS2,Secretory of State,,Mark W. Rutherford,LIB,,,,9
Wahington,WAS3,Secretory of State,,Mark W. Rutherford,LIB,,,,20
Wahington,WAS4,Secretory of State,,Mark W. Rutherford,LIB,,,,7
Wahington,BROW,Secretory of State,,Mark W. Rutherford,LIB,,,,23
Wahington,FRAN,Secretory of State,,Mark W. Rutherford,LIB,,,,23
Wahington,GIBS,Secretory of State,,Mark W. Rutherford,LIB,,,,14
Wahington,HOWD,Secretory of State,,Mark W. Rutherford,LIB,,,,17
Wahington,JACK,Secretory of State,,Mark W. Rutherford,LIB,,,,26
Wahington,JEFF,Secretory of State,,Mark W. Rutherford,LIB,,,,24
Wahington,MADI,Secretory of State,,Mark W. Rutherford,LIB,,,,15
Wahington,MONR,Secretory of State,,Mark W. Rutherford,LIB,,,,18
Wahington,PIER,Secretory of State,,Mark W. Rutherford,LIB,,,,24
Wahington,POLK,Secretory of State,,Mark W. Rutherford,LIB,,,,32
Wahington,POSY,Secretory of State,,Mark W. Rutherford,LIB,,,,25
Wahington,VERN,Secretory of State,,Mark W. Rutherford,LIB,,,,5
Wahington,Totals,Secretory of State,,Mark W. Rutherford,LIB,,,,386
Wahington,SAL1,Secretory of State,,George William Wolfe,,,,,1
Wahington,SAL2,Secretory of State,,George William Wolfe,,,,,0
Wahington,SAL3,Secretory of State,,George William Wolfe,,,,,0
Wahington,SAL4,Secretory of State,,George William Wolfe,,,,,0
Wahington,WAS1,Secretory of State,,George William Wolfe,,,,,0
Wahington,WAS2,Secretory of State,,George William Wolfe,,,,,0
Wahington,WAS3,Secretory of State,,George William Wolfe,,,,,0
Wahington,WAS4,Secretory of State,,George William Wolfe,,,,,0
Wahington,BROW,Secretory of State,,George William Wolfe,,,,,1
Wahington,FRAN,Secretory of State,,George William Wolfe,,,,,0
Wahington,GIBS,Secretory of State,,George William Wolfe,,,,,0
Wahington,HOWD,Secretory of State,,George William Wolfe,,,,,0
Wahington,JACK,Secretory of State,,George William Wolfe,,,,,0
Wahington,JEFF,Secretory of State,,George William Wolfe,,,,,0
Wahington,MADI,Secretory of State,,George William Wolfe,,,,,0
Wahington,MONR,Secretory of State,,George William Wolfe,,,,,0
Wahington,PIER,Secretory of State,,George William Wolfe,,,,,0
Wahington,POLK,Secretory of State,,George William Wolfe,,,,,0
Wahington,POSY,Secretory of State,,George William Wolfe,,,,,0
Wahington,VERN,Secretory of State,,George William Wolfe,,,,,0
Wahington,Totals,Secretory of State,,George William Wolfe,,,,,2
Wahington,SAL1,Secretory of State,,Jeremy Heath,,,,,0
Wahington,SAL2,Secretory of State,,Jeremy Heath,,,,,0
Wahington,SAL3,Secretory of State,,Jeremy Heath,,,,,0
Wahington,SAL4,Secretory of State,,Jeremy Heath,,,,,0
Wahington,WAS1,Secretory of State,,Jeremy Heath,,,,,0
Wahington,WAS2,Secretory of State,,Jeremy Heath,,,,,0
Wahington,WAS3,Secretory of State,,Jeremy Heath,,,,,0
Wahington,WAS4,Secretory of State,,Jeremy Heath,,,,,0
Wahington,BROW,Secretory of State,,Jeremy Heath,,,,,0
Wahington,FRAN,Secretory of State,,Jeremy Heath,,,,,0
Wahington,GIBS,Secretory of State,,Jeremy Heath,,,,,0
Wahington,HOWD,Secretory of State,,Jeremy Heath,,,,,0
Wahington,JACK,Secretory of State,,Jeremy Heath,,,,,0
Wahington,JEFF,Secretory of State,,Jeremy Heath,,,,,0
Wahington,MADI,Secretory of State,,Jeremy Heath,,,,,0
Wahington,MONR,Secretory of State,,Jeremy Heath,,,,,0
Wahington,PIER,Secretory of State,,Jeremy Heath,,,,,0
Wahington,POLK,Secretory of State,,Jeremy Heath,,,,,0
Wahington,POSY,Secretory of State,,Jeremy Heath,,,,,0
Wahington,VERN,Secretory of State,,Jeremy Heath,,,,,0
Wahington,Totals,Secretory of State,,Jeremy Heath,,,,,0
Wahington,SAL1,Auditor of State,,Tera Klutz,REP,,,,259
Wahington,SAL2,Auditor of State,,Tera Klutz,REP,,,,238
Wahington,SAL3,Auditor of State,,Tera Klutz,REP,,,,328
Wahington,SAL4,Auditor of State,,Tera Klutz,REP,,,,325
Wahington,WAS1,Auditor of State,,Tera Klutz,REP,,,,218
Wahington,WAS2,Auditor of State,,Tera Klutz,REP,,,,154
Wahington,WAS3,Auditor of State,,Tera Klutz,REP,,,,465
Wahington,WAS4,Auditor of State,,Tera Klutz,REP,,,,315
Wahington,BROW,Auditor of State,,Tera Klutz,REP,,,,235
Wahington,FRAN,Auditor of State,,Tera Klutz,REP,,,,492
Wahington,GIBS,Auditor of State,,Tera Klutz,REP,,,,226
Wahington,HOWD,Auditor of State,,Tera Klutz,REP,,,,252
Wahington,JACK,Auditor of State,,Tera Klutz,REP,,,,499
Wahington,JEFF,Auditor of State,,Tera Klutz,REP,,,,185
Wahington,MADI,Auditor of State,,Tera Klutz,REP,,,,131
Wahington,MONR,Auditor of State,,Tera Klutz,REP,,,,190
Wahington,PIER,Auditor of State,,Tera Klutz,REP,,,,564
Wahington,POLK,Auditor of State,,Tera Klutz,REP,,,,557
Wahington,POSY,Auditor of State,,Tera Klutz,REP,,,,368
Wahington,VERN,Auditor of State,,Tera Klutz,REP,,,,180
Wahington,Totals,Auditor of State,,Tera Klutz,REP,,,,6181
Wahington,SAL1,Auditor of State,,Joselyn Whitticker,DEM,,,,143
Wahington,SAL2,Auditor of State,,Joselyn Whitticker,DEM,,,,127
Wahington,SAL3,Auditor of State,,Joselyn Whitticker,DEM,,,,187
Wahington,SAL4,Auditor of State,,Joselyn Whitticker,DEM,,,,148
Wahington,WAS1,Auditor of State,,Joselyn Whitticker,DEM,,,,96
Wahington,WAS2,Auditor of State,,Joselyn Whitticker,DEM,,,,57
Wahington,WAS3,Auditor of State,,Joselyn Whitticker,DEM,,,,177
Wahington,WAS4,Auditor of State,,Joselyn Whitticker,DEM,,,,103
Wahington,BROW,Auditor of State,,Joselyn Whitticker,DEM,,,,103
Wahington,FRAN,Auditor of State,,Joselyn Whitticker,DEM,,,,157
Wahington,GIBS,Auditor of State,,Joselyn Whitticker,DEM,,,,142
Wahington,HOWD,Auditor of State,,Joselyn Whitticker,DEM,,,,99
Wahington,JACK,Auditor of State,,Joselyn Whitticker,DEM,,,,180
Wahington,JEFF,Auditor of State,,Joselyn Whitticker,DEM,,,,60
Wahington,MADI,Auditor of State,,Joselyn Whitticker,DEM,,,,53
Wahington,MONR,Auditor of State,,Joselyn Whitticker,DEM,,,,46
Wahington,PIER,Auditor of State,,Joselyn Whitticker,DEM,,,,222
Wahington,POLK,Auditor of State,,Joselyn Whitticker,DEM,,,,229
Wahington,POSY,Auditor of State,,Joselyn Whitticker,DEM,,,,188
Wahington,VERN,Auditor of State,,Joselyn Whitticker,DEM,,,,57
Wahington,Totals,Auditor of State,,Joselyn Whitticker,DEM,,,,2574
Wahington,SAL1,Auditor of State,,John Schick,LIB,,,,17
Wahington,SAL2,Auditor of State,,John Schick,LIB,,,,21
Wahington,SAL3,Auditor of State,,John Schick,LIB,,,,28
Wahington,SAL4,Auditor of State,,John Schick,LIB,,,,20
Wahington,WAS1,Auditor of State,,John Schick,LIB,,,,8
Wahington,WAS2,Auditor of State,,John Schick,LIB,,,,8
Wahington,WAS3,Auditor of State,,John Schick,LIB,,,,14
Wahington,WAS4,Auditor of State,,John Schick,LIB,,,,11
Wahington,BROW,Auditor of State,,John Schick,LIB,,,,24
Wahington,FRAN,Auditor of State,,John Schick,LIB,,,,21
Wahington,GIBS,Auditor of State,,John Schick,LIB,,,,12
Wahington,HOWD,Auditor of State,,John Schick,LIB,,,,14
Wahington,JACK,Auditor of State,,John Schick,LIB,,,,32
Wahington,JEFF,Auditor of State,,John Schick,LIB,,,,13
Wahington,MADI,Auditor of State,,John Schick,LIB,,,,11
Wahington,MONR,Auditor of State,,John Schick,LIB,,,,12
Wahington,PIER,Auditor of State,,John Schick,LIB,,,,27
Wahington,POLK,Auditor of State,,John Schick,LIB,,,,22
Wahington,POSY,Auditor of State,,John Schick,LIB,,,,26
Wahington,VERN,Auditor of State,,John Schick,LIB,,,,9
Wahington,Totals,Auditor of State,,John Schick,LIB,,,,350
Wahington,SAL1,Treasurer of State,,Kelly Mitchell,REP,,,,275
Wahington,SAL2,Treasurer of State,,Kelly Mitchell,REP,,,,251
Wahington,SAL3,Treasurer of State,,Kelly Mitchell,REP,,,,351
Wahington,SAL4,Treasurer of State,,Kelly Mitchell,REP,,,,338
Wahington,WAS1,Treasurer of State,,Kelly Mitchell,REP,,,,221
Wahington,WAS2,Treasurer of State,,Kelly Mitchell,REP,,,,159
Wahington,WAS3,Treasurer of State,,Kelly Mitchell,REP,,,,484
Wahington,WAS4,Treasurer of State,,Kelly Mitchell,REP,,,,331
Wahington,BROW,Treasurer of State,,Kelly Mitchell,REP,,,,258
Wahington,FRAN,Treasurer of State,,Kelly Mitchell,REP,,,,517
Wahington,GIBS,Treasurer of State,,Kelly Mitchell,REP,,,,240
Wahington,HOWD,Treasurer of State,,Kelly Mitchell,REP,,,,270
Wahington,JACK,Treasurer of State,,Kelly Mitchell,REP,,,,521
Wahington,JEFF,Treasurer of State,,Kelly Mitchell,REP,,,,199
Wahington,MADI,Treasurer of State,,Kelly Mitchell,REP,,,,141
Wahington,MONR,Treasurer of State,,Kelly Mitchell,REP,,,,197
Wahington,PIER,Treasurer of State,,Kelly Mitchell,REP,,,,606
Wahington,POLK,Treasurer of State,,Kelly Mitchell,REP,,,,567
Wahington,POSY,Treasurer of State,,Kelly Mitchell,REP,,,,385
Wahington,VERN,Treasurer of State,,Kelly Mitchell,REP,,,,192
Wahington,Totals,Treasurer of State,,Kelly Mitchell,REP,,,,6503
Wahington,SAL1,Treasurer of State,,John C. Aguilera,DEM,,,,141
Wahington,SAL2,Treasurer of State,,John C. Aguilera,DEM,,,,125
Wahington,SAL3,Treasurer of State,,John C. Aguilera,DEM,,,,187
Wahington,SAL4,Treasurer of State,,John C. Aguilera,DEM,,,,146
Wahington,WAS1,Treasurer of State,,John C. Aguilera,DEM,,,,101
Wahington,WAS2,Treasurer of State,,John C. Aguilera,DEM,,,,58
Wahington,WAS3,Treasurer of State,,John C. Aguilera,DEM,,,,170
Wahington,WAS4,Treasurer of State,,John C. Aguilera,DEM,,,,98
Wahington,BROW,Treasurer of State,,John C. Aguilera,DEM,,,,101
Wahington,FRAN,Treasurer of State,,John C. Aguilera,DEM,,,,153
Wahington,GIBS,Treasurer of State,,John C. Aguilera,DEM,,,,136
Wahington,HOWD,Treasurer of State,,John C. Aguilera,DEM,,,,94
Wahington,JACK,Treasurer of State,,John C. Aguilera,DEM,,,,189
Wahington,JEFF,Treasurer of State,,John C. Aguilera,DEM,,,,58
Wahington,MADI,Treasurer of State,,John C. Aguilera,DEM,,,,52
Wahington,MONR,Treasurer of State,,John C. Aguilera,DEM,,,,50
Wahington,PIER,Treasurer of State,,John C. Aguilera,DEM,,,,208
Wahington,POLK,Treasurer of State,,John C. Aguilera,DEM,,,,234
Wahington,POSY,Treasurer of State,,John C. Aguilera,DEM,,,,185
Wahington,VERN,Treasurer of State,,John C. Aguilera,DEM,,,,52
Wahington,Totals,Treasurer of State,,John C. Aguilera,DEM,,,,2538
Wahington,SAL1,U.S.House,9,Trey Hollingsworth,REP,,,,0
Wahington,SAL2,U.S.House,9,Trey Hollingsworth,REP,,,,274
Wahington,SAL3,U.S.House,9,Trey Hollingsworth,REP,,,,258
Wahington,SAL4,U.S.House,9,Trey Hollingsworth,REP,,,,335
Wahington,WAS1,U.S.House,9,Trey Hollingsworth,REP,,,,336
Wahington,WAS2,U.S.House,9,Trey Hollingsworth,REP,,,,221
Wahington,WAS3,U.S.House,9,Trey Hollingsworth,REP,,,,167
Wahington,WAS4,U.S.House,9,Trey Hollingsworth,REP,,,,473
Wahington,BROW,U.S.House,9,Trey Hollingsworth,REP,,,,315
Wahington,FRAN,U.S.House,9,Trey Hollingsworth,REP,,,,248
Wahington,GIBS,U.S.House,9,Trey Hollingsworth,REP,,,,501
Wahington,HOWD,U.S.House,9,Trey Hollingsworth,REP,,,,239
Wahington,JACK,U.S.House,9,Trey Hollingsworth,REP,,,,261
Wahington,JEFF,U.S.House,9,Trey Hollingsworth,REP,,,,519
Wahington,MADI,U.S.House,9,Trey Hollingsworth,REP,,,,193
Wahington,MONR,U.S.House,9,Trey Hollingsworth,REP,,,,132
Wahington,PIER,U.S.House,9,Trey Hollingsworth,REP,,,,183
Wahington,POLK,U.S.House,9,Trey Hollingsworth,REP,,,,587
Wahington,POSY,U.S.House,9,Trey Hollingsworth,REP,,,,567
Wahington,VERN,U.S.House,9,Trey Hollingsworth,REP,,,,375
Wahington,Totals,U.S.House,9,Trey Hollingsworth,REP,,,,177
Wahington,FEDERAL,U.S.House,9,Liz Watson,REP,,,,6361
Wahington,SAL1,U.S.House,9,Liz Watson,DEM,,,,0
Wahington,SAL2,U.S.House,9,Liz Watson,DEM,,,,148
Wahington,SAL3,U.S.House,9,Liz Watson,DEM,,,,141
Wahington,SAL4,U.S.House,9,Liz Watson,DEM,,,,218
Wahington,WAS1,U.S.House,9,Liz Watson,DEM,,,,167
Wahington,WAS2,U.S.House,9,Liz Watson,DEM,,,,109
Wahington,WAS3,U.S.House,9,Liz Watson,DEM,,,,61
Wahington,WAS4,U.S.House,9,Liz Watson,DEM,,,,204
Wahington,BROW,U.S.House,9,Liz Watson,DEM,,,,128
Wahington,FRAN,U.S.House,9,Liz Watson,DEM,,,,127
Wahington,GIBS,U.S.House,9,Liz Watson,DEM,,,,181
Wahington,HOWD,U.S.House,9,Liz Watson,DEM,,,,150
Wahington,JACK,U.S.House,9,Liz Watson,DEM,,,,115
Wahington,JEFF,U.S.House,9,Liz Watson,DEM,,,,214
Wahington,MADI,U.S.House,9,Liz Watson,DEM,,,,72
Wahington,MONR,U.S.House,9,Liz Watson,DEM,,,,66
Wahington,PIER,U.S.House,9,Liz Watson,DEM,,,,65
Wahington,POLK,U.S.House,9,Liz Watson,DEM,,,,251
Wahington,POSY,U.S.House,9,Liz Watson,DEM,,,,252
Wahington,VERN,U.S.House,9,Liz Watson,DEM,,,,216
Wahington,Totals,U.S.House,9,Liz Watson,DEM,,,,85
Wahington,FEDERAL,State Senator,47,Erin Houchin,REP,,,,2970
Wahington,SAL1,State Senator,47,Erin Houchin,REP,,,,272
Wahington,SAL2,State Senator,47,Erin Houchin,REP,,,,254
Wahington,SAL3,State Senator,47,Erin Houchin,REP,,,,348
Wahington,SAL4,State Senator,47,Erin Houchin,REP,,,,337
Wahington,WAS1,State Senator,47,Erin Houchin,REP,,,,230
Wahington,WAS2,State Senator,47,Erin Houchin,REP,,,,155
Wahington,WAS3,State Senator,47,Erin Houchin,REP,,,,465
Wahington,WAS4,State Senator,47,Erin Houchin,REP,,,,331
Wahington,BROW,State Senator,47,Erin Houchin,REP,,,,279
Wahington,FRAN,State Senator,47,Erin Houchin,REP,,,,523
Wahington,GIBS,State Senator,47,Erin Houchin,REP,,,,257
Wahington,HOWD,State Senator,47,Erin Houchin,REP,,,,277
Wahington,JACK,State Senator,47,Erin Houchin,REP,,,,534
Wahington,JEFF,State Senator,47,Erin Houchin,REP,,,,191
Wahington,MADI,State Senator,47,Erin Houchin,REP,,,,144
Wahington,MONR,State Senator,47,Erin Houchin,REP,,,,188
Wahington,PIER,State Senator,47,Erin Houchin,REP,,,,599
Wahington,POLK,State Senator,47,Erin Houchin,REP,,,,577
Wahington,POSY,State Senator,47,Erin Houchin,REP,,,,408
Wahington,VERN,State Senator,47,Erin Houchin,REP,,,,201
Wahington,Totals,State Senator,47,Erin Houchin,REP,,,,6570
Wahington,SAL1,State Senator,47,Nicholas A. (Nick) Siler,DEM,,,,152
Wahington,SAL2,State Senator,47,Nicholas A. (Nick) Siler,DEM,,,,144
Wahington,SAL3,State Senator,47,Nicholas A. (Nick) Siler,DEM,,,,210
Wahington,SAL4,State Senator,47,Nicholas A. (Nick) Siler,DEM,,,,170
Wahington,WAS1,State Senator,47,Nicholas A. (Nick) Siler,DEM,,,,104
Wahington,WAS2,State Senator,47,Nicholas A. (Nick) Siler,DEM,,,,73
Wahington,WAS3,State Senator,47,Nicholas A. (Nick) Siler,DEM,,,,220
Wahington,WAS4,State Senator,47,Nicholas A. (Nick) Siler,DEM,,,,107
Wahington,BROW,State Senator,47,Nicholas A. (Nick) Siler,DEM,,,,97
Wahington,FRAN,State Senator,47,Nicholas A. (Nick) Siler,DEM,,,,161
Wahington,GIBS,State Senator,47,Nicholas A. (Nick) Siler,DEM,,,,131
Wahington,HOWD,State Senator,47,Nicholas A. (Nick) Siler,DEM,,,,104
Wahington,JACK,State Senator,47,Nicholas A. (Nick) Siler,DEM,,,,199
Wahington,JEFF,State Senator,47,Nicholas A. (Nick) Siler,DEM,,,,76
Wahington,MADI,State Senator,47,Nicholas A. (Nick) Siler,DEM,,,,53
Wahington,MONR,State Senator,47,Nicholas A. (Nick) Siler,DEM,,,,62
Wahington,PIER,State Senator,47,Nicholas A. (Nick) Siler,DEM,,,,238
Wahington,POLK,State Senator,47,Nicholas A. (Nick) Siler,DEM,,,,239
Wahington,POSY,State Senator,47,Nicholas A. (Nick) Siler,DEM,,,,183
Wahington,VERN,State Senator,47,Nicholas A. (Nick) Siler,DEM,,,,62
Wahington,SAL1,State Representative,73,Steve Davisson,REP,,,,349
Wahington,SAL2,State Representative,73,Steve Davisson,REP,,,,322
Wahington,SAL3,State Representative,73,Steve Davisson,REP,,,,456
Wahington,SAL4,State Representative,73,Steve Davisson,REP,,,,436
Wahington,WAS1,State Representative,73,Steve Davisson,REP,,,,274
Wahington,WAS2,State Representative,73,Steve Davisson,REP,,,,187
Wahington,WAS3,State Representative,73,Steve Davisson,REP,,,,583
Wahington,WAS4,State Representative,73,Steve Davisson,REP,,,,385
Wahington,BROW,State Representative,73,Steve Davisson,REP,,,,318
Wahington,FRAN,State Representative,73,Steve Davisson,REP,,,,563
Wahington,GIBS,State Representative,73,Steve Davisson,REP,,,,317
Wahington,HOWD,State Representative,73,Steve Davisson,REP,,,,319
Wahington,JACK,State Representative,73,Steve Davisson,REP,,,,589
Wahington,JEFF,State Representative,73,Steve Davisson,REP,,,,240
Wahington,MADI,State Representative,73,Steve Davisson,REP,,,,162
Wahington,MONR,State Representative,73,Steve Davisson,REP,,,,219
Wahington,PIER,State Representative,73,Steve Davisson,REP,,,,698
Wahington,POLK,State Representative,73,Steve Davisson,REP,,,,676
Wahington,POSY,State Representative,73,Steve Davisson,REP,,,,456
Wahington,VERN,State Representative,73,Steve Davisson,REP,,,,231
