candidate,office,district,party,county,precinct,votes,,,
,Registered Voters,,,Hancock,BLUE RIVER 1,1100,,,
,Ballots Cast,,,Hancock,BLUE RIVER 1,692,,,
,Straight Party,,R,Hancock,BLUE RIVER 1,237,,,
,Straight Party,,D,Hancock,BLUE RIVER 1,25,,,
,Straight Party,,L,Hancock,BLUE RIVER 1,0,,,
Mike Braun,U.S. Senate,,R,Hancock,BLUE RIVER 1,520,,,
Joe Donnelly,U.S. Senate,,D,Hancock,BLUE RIVER 1,140,,,
Lucy M Brenton,U.S. Senate,,L,Hancock,BLUE RIVER 1,30,,,
Write in,U.S. Senate,,,Hancock,BLUE RIVER 1,0,,,
Connie Lawson,Secretary of State,,R,Hancock,BLUE RIVER 1,546,,,
Jim Harper,Secretary of State,,D,Hancock,BLUE RIVER 1,115,,,
Mark W. Rutherford,Secretary of State,,L,Hancock,BLUE RIVER 1,22,,,
Write in,Secretary of State,,,Hancock,BLUE RIVER 1,0,,,
Tera Klutz,Auditor of State,,R,Hancock,BLUE RIVER 1,535,,,
Joselyn Whitticker,Auditor of State,,D,Hancock,BLUE RIVER 1,114,,,
John Schick,Auditor of State,,L,Hancock,BLUE RIVER 1,30,,,
Kelly Mitchell,Treasurer of State,,R,Hancock,BLUE RIVER 1,566,,,
John C. Aguilera,Treasurer of State,,D,Hancock,BLUE RIVER 1,112,,,
Greg Pence,US House,,R,Hancock,BLUE RIVER 1,536,,,
Jeannine Lee Lake,US House,,D,Hancock,BLUE RIVER 1,129,,,
Tom Ferkinhoff,US House,,L,Hancock,BLUE RIVER 1,24,,,
Write in,US House,,,Hancock,BLUE RIVER 1,0,,,
"Robert ""Bob"" Cherry ",State Representative,53,R,Hancock,BLUE RIVER 1,549,,,
Nancy Tibbett,State Representative,53,D,Hancock,BLUE RIVER 1,134,,,
,Registered Voters,,,Hancock,BROWN 1,1012,,,
,Ballots Cast,,,Hancock,BROWN 1,548,,,
,Straight Party,,R,Hancock,BROWN 1,187,,,
,Straight Party,,D,Hancock,BROWN 1,46,,,
,Straight Party,,L,Hancock,BROWN 1,3,,,
Mike Braun,U.S. Senate,,R,Hancock,BROWN 1,393,,,
Joe Donnelly,U.S. Senate,,D,Hancock,BROWN 1,132,,,
Lucy M Brenton,U.S. Senate,,L,Hancock,BROWN 1,22,,,
Write in,U.S. Senate,,,Hancock,BROWN 1,0,,,
Connie Lawson,Secretary of State,,R,Hancock,BROWN 1,411,,,
Jim Harper,Secretary of State,,D,Hancock,BROWN 1,113,,,
Mark W. Rutherford,Secretary of State,,L,Hancock,BROWN 1,19,,,
Write in,Secretary of State,,,Hancock,BROWN 1,0,,,
Tera Klutz,Auditor of State,,R,Hancock,BROWN 1,407,,,
Joselyn Whitticker,Auditor of State,,D,Hancock,BROWN 1,107,,,
John Schick,Auditor of State,,L,Hancock,BROWN 1,23,,,
Kelly Mitchell,Treasurer of State,,R,Hancock,BROWN 1,427,,,
John C. Aguilera,Treasurer of State,,D,Hancock,BROWN 1,105,,,
Greg Pence,US House,,R,Hancock,BROWN 1,407,,,
Jeannine Lee Lake,US House,,D,Hancock,BROWN 1,119,,,
Tom Ferkinhoff,US House,,L,Hancock,BROWN 1,18,,,
Write in,US House,,,Hancock,BROWN 1,0,,,
"Robert ""Bob"" Cherry ",State Representative,53,R,Hancock,BROWN 1,416,,,
Nancy Tibbett,State Representative,53,D,Hancock,BROWN 1,123,,,
,Registered Voters,,,Hancock,BROWN 2,788,,,
,Ballots Cast,,,Hancock,BROWN 2,406,,,
,Straight Party,,R,Hancock,BROWN 2,169,,,
,Straight Party,,D,Hancock,BROWN 2,32,,,
,Straight Party,,L,Hancock,BROWN 2,1,,,
Mike Braun,U.S. Senate,,R,Hancock,BROWN 2,296,,,
Joe Donnelly,U.S. Senate,,D,Hancock,BROWN 2,87,,,
Lucy M Brenton,U.S. Senate,,L,Hancock,BROWN 2,21,,,
Write in,U.S. Senate,,,Hancock,BROWN 2,0,,,
Connie Lawson,Secretary of State,,R,Hancock,BROWN 2,323,,,
Jim Harper,Secretary of State,,D,Hancock,BROWN 2,68,,,
Mark W. Rutherford,Secretary of State,,L,Hancock,BROWN 2,10,,,
Write in,Secretary of State,,,Hancock,BROWN 2,0,,,
Tera Klutz,Auditor of State,,R,Hancock,BROWN 2,315,,,
Joselyn Whitticker,Auditor of State,,D,Hancock,BROWN 2,69,,,
John Schick,Auditor of State,,L,Hancock,BROWN 2,11,,,
Kelly Mitchell,Treasurer of State,,R,Hancock,BROWN 2,329,,,
John C. Aguilera,Treasurer of State,,D,Hancock,BROWN 2,66,,,
Greg Pence,US House,,R,Hancock,BROWN 2,313,,,
Jeannine Lee Lake,US House,,D,Hancock,BROWN 2,80,,,
Tom Ferkinhoff,US House,,L,Hancock,BROWN 2,10,,,
Write in,US House,,,Hancock,BROWN 2,0,,,
"Robert ""Bob"" Cherry ",State Representative,53,R,Hancock,BROWN 2,309,,,
Nancy Tibbett,State Representative,53,D,Hancock,BROWN 2,94,,,
,Registered Voters,,,Hancock,BRANDYWINE 01-E,1105,,,
,Ballots Cast,,,Hancock,BRANDYWINE 01-E,643,,,
,Straight Party,,R,Hancock,BRANDYWINE 01-E,292,,,
,Straight Party,,D,Hancock,BRANDYWINE 01-E,44,,,
,Straight Party,,L,Hancock,BRANDYWINE 01-E,3,,,
Mike Braun,U.S. Senate,,R,Hancock,BRANDYWINE 01-E,467,,,
Joe Donnelly,U.S. Senate,,D,Hancock,BRANDYWINE 01-E,142,,,
Lucy M Brenton,U.S. Senate,,L,Hancock,BRANDYWINE 01-E,30,,,
Write in,U.S. Senate,,,Hancock,BRANDYWINE 01-E,1,,,
Connie Lawson,Secretary of State,,R,Hancock,BRANDYWINE 01-E,507,,,
Jim Harper,Secretary of State,,D,Hancock,BRANDYWINE 01-E,107,,,
Mark W. Rutherford,Secretary of State,,L,Hancock,BRANDYWINE 01-E,16,,,
Write in,Secretary of State,,,Hancock,BRANDYWINE 01-E,1,,,
Tera Klutz,Auditor of State,,R,Hancock,BRANDYWINE 01-E,490,,,
Joselyn Whitticker,Auditor of State,,D,Hancock,BRANDYWINE 01-E,113,,,
John Schick,Auditor of State,,L,Hancock,BRANDYWINE 01-E,24,,,
Kelly Mitchell,Treasurer of State,,R,Hancock,BRANDYWINE 01-E,522,,,
John C. Aguilera,Treasurer of State,,D,Hancock,BRANDYWINE 01-E,99,,,
Greg Pence,US House,,R,Hancock,BRANDYWINE 01-E,481,,,
Jeannine Lee Lake,US House,,D,Hancock,BRANDYWINE 01-E,134,,,
Tom Ferkinhoff,US House,,L,Hancock,BRANDYWINE 01-E,22,,,
Write in,US House,,,Hancock,BRANDYWINE 01-E,0,,,
"Robert ""Bob"" Cherry ",State Representative,53,R,Hancock,BRANDYWINE 01-E,511,,,
Nancy Tibbett,State Representative,53,D,Hancock,BRANDYWINE 01-E,120,,,
,Registered Voters,,,Hancock,BRANDYWINE 01-W,661,,,
,Ballots Cast,,,Hancock,BRANDYWINE 01-W,372,,,
,Straight Party,,R,Hancock,BRANDYWINE 01-W,154,,,
,Straight Party,,D,Hancock,BRANDYWINE 01-W,34,,,
,Straight Party,,L,Hancock,BRANDYWINE 01-W,0,,,
Mike Braun,U.S. Senate,,R,Hancock,BRANDYWINE 01-W,273,,,
Joe Donnelly,U.S. Senate,,D,Hancock,BRANDYWINE 01-W,89,,,
Lucy M Brenton,U.S. Senate,,L,Hancock,BRANDYWINE 01-W,9,,,
Write in,U.S. Senate,,,Hancock,BRANDYWINE 01-W,0,,,
Connie Lawson,Secretary of State,,R,Hancock,BRANDYWINE 01-W,298,,,
Jim Harper,Secretary of State,,D,Hancock,BRANDYWINE 01-W,63,,,
Mark W. Rutherford,Secretary of State,,L,Hancock,BRANDYWINE 01-W,8,,,
Write in,Secretary of State,,,Hancock,BRANDYWINE 01-W,0,,,
Tera Klutz,Auditor of State,,R,Hancock,BRANDYWINE 01-W,289,,,
Joselyn Whitticker,Auditor of State,,D,Hancock,BRANDYWINE 01-W,60,,,
John Schick,Auditor of State,,L,Hancock,BRANDYWINE 01-W,12,,,
Kelly Mitchell,Treasurer of State,,R,Hancock,BRANDYWINE 01-W,298,,,
John C. Aguilera,Treasurer of State,,D,Hancock,BRANDYWINE 01-W,66,,,
Greg Pence,US House,,R,Hancock,BRANDYWINE 01-W,279,,,
Jeannine Lee Lake,US House,,D,Hancock,BRANDYWINE 01-W,79,,,
Tom Ferkinhoff,US House,,L,Hancock,BRANDYWINE 01-W,11,,,
Write in,US House,,,Hancock,BRANDYWINE 01-W,0,,,
"Robert ""Bob"" Cherry ",State Representative,53,R,Hancock,BRANDYWINE 01-W,296,,,
Nancy Tibbett,State Representative,53,D,Hancock,BRANDYWINE 01-W,70,,,
,Registered Voters,,,Hancock,BUCK CREEK 1,1515,,,
,Ballots Cast,,,Hancock,BUCK CREEK 1,965,,,
,Straight Party,,R,Hancock,BUCK CREEK 1,381,,,
,Straight Party,,D,Hancock,BUCK CREEK 1,108,,,
,Straight Party,,L,Hancock,BUCK CREEK 1,3,,,
Mike Braun,U.S. Senate,,R,Hancock,BUCK CREEK 1,639,,,
Joe Donnelly,U.S. Senate,,D,Hancock,BUCK CREEK 1,275,,,
Lucy M Brenton,U.S. Senate,,L,Hancock,BUCK CREEK 1,42,,,
Write in,U.S. Senate,,,Hancock,BUCK CREEK 1,0,,,
Connie Lawson,Secretary of State,,R,Hancock,BUCK CREEK 1,698,,,
Jim Harper,Secretary of State,,D,Hancock,BUCK CREEK 1,219,,,
Mark W. Rutherford,Secretary of State,,L,Hancock,BUCK CREEK 1,31,,,
Write in,Secretary of State,,,Hancock,BUCK CREEK 1,1,,,
Tera Klutz,Auditor of State,,R,Hancock,BUCK CREEK 1,687,,,
Joselyn Whitticker,Auditor of State,,D,Hancock,BUCK CREEK 1,222,,,
John Schick,Auditor of State,,L,Hancock,BUCK CREEK 1,32,,,
Kelly Mitchell,Treasurer of State,,R,Hancock,BUCK CREEK 1,724,,,
John C. Aguilera,Treasurer of State,,D,Hancock,BUCK CREEK 1,219,,,
Greg Pence,US House,,R,Hancock,BUCK CREEK 1,669,,,
Jeannine Lee Lake,US House,,D,Hancock,BUCK CREEK 1,260,,,
Tom Ferkinhoff,US House,,L,Hancock,BUCK CREEK 1,30,,,
Write in,US House,,,Hancock,BUCK CREEK 1,0,,,
Brian C. Bosma,State Representative,88,R,Hancock,BUCK CREEK 1,691,,,
Poonam Gill,State Representative,88,D,Hancock,BUCK CREEK 1,258,,,
,Registered Voters,,,Hancock,BUCK CREEK 02 -N,1667,,,
,Ballots Cast,,,Hancock,BUCK CREEK 02 -N,909,,,
,Straight Party,,R,Hancock,BUCK CREEK 02 -N,245,,,
,Straight Party,,D,Hancock,BUCK CREEK 02 -N,291,,,
,Straight Party,,L,Hancock,BUCK CREEK 02 -N,2,,,
Mike Braun,U.S. Senate,,R,Hancock,BUCK CREEK 02 -N,383,,,
Joe Donnelly,U.S. Senate,,D,Hancock,BUCK CREEK 02 -N,468,,,
Lucy M Brenton,U.S. Senate,,L,Hancock,BUCK CREEK 02 -N,50,,,
Write in,U.S. Senate,,,Hancock,BUCK CREEK 02 -N,1,,,
Connie Lawson,Secretary of State,,R,Hancock,BUCK CREEK 02 -N,425,,,
Jim Harper,Secretary of State,,D,Hancock,BUCK CREEK 02 -N,443,,,
Mark W. Rutherford,Secretary of State,,L,Hancock,BUCK CREEK 02 -N,28,,,
Write in,Secretary of State,,,Hancock,BUCK CREEK 02 -N,1,,,
Tera Klutz,Auditor of State,,R,Hancock,BUCK CREEK 02 -N,410,,,
Joselyn Whitticker,Auditor of State,,D,Hancock,BUCK CREEK 02 -N,452,,,
John Schick,Auditor of State,,L,Hancock,BUCK CREEK 02 -N,31,,,
Kelly Mitchell,Treasurer of State,,R,Hancock,BUCK CREEK 02 -N,437,,,
John C. Aguilera,Treasurer of State,,D,Hancock,BUCK CREEK 02 -N,449,,,
Greg Pence,US House,,R,Hancock,BUCK CREEK 02 -N,397,,,
Jeannine Lee Lake,US House,,D,Hancock,BUCK CREEK 02 -N,476,,,
Tom Ferkinhoff,US House,,L,Hancock,BUCK CREEK 02 -N,28,,,
Write in,US House,,,Hancock,BUCK CREEK 02 -N,1,,,
Brian C. Bosma,State Representative,88,R,Hancock,BUCK CREEK 02 -N,384,,,
Poonam Gill,State Representative,88,D,Hancock,BUCK CREEK 02 -N,508,,,
,Registered Voters,,,Hancock,BUCK CREEK 02 -S,548,,,
,Ballots Cast,,,Hancock,BUCK CREEK 02 -S,321,,,
,Straight Party,,R,Hancock,BUCK CREEK 02 -S,113,,,
,Straight Party,,D,Hancock,BUCK CREEK 02 -S,36,,,
,Straight Party,,L,Hancock,BUCK CREEK 02 -S,7,,,
Mike Braun,U.S. Senate,,R,Hancock,BUCK CREEK 02 -S,196,,,
Joe Donnelly,U.S. Senate,,D,Hancock,BUCK CREEK 02 -S,102,,,
Lucy M Brenton,U.S. Senate,,L,Hancock,BUCK CREEK 02 -S,21,,,
Write in,U.S. Senate,,,Hancock,BUCK CREEK 02 -S,0,,,
Connie Lawson,Secretary of State,,R,Hancock,BUCK CREEK 02 -S,228,,,
Jim Harper,Secretary of State,,D,Hancock,BUCK CREEK 02 -S,71,,,
Mark W. Rutherford,Secretary of State,,L,Hancock,BUCK CREEK 02 -S,15,,,
Write in,Secretary of State,,,Hancock,BUCK CREEK 02 -S,0,,,
Tera Klutz,Auditor of State,,R,Hancock,BUCK CREEK 02 -S,219,,,
Joselyn Whitticker,Auditor of State,,D,Hancock,BUCK CREEK 02 -S,78,,,
John Schick,Auditor of State,,L,Hancock,BUCK CREEK 02 -S,16,,,
Kelly Mitchell,Treasurer of State,,R,Hancock,BUCK CREEK 02 -S,234,,,
John C. Aguilera,Treasurer of State,,D,Hancock,BUCK CREEK 02 -S,78,,,
Greg Pence,US House,,R,Hancock,BUCK CREEK 02 -S,210,,,
Jeannine Lee Lake,US House,,D,Hancock,BUCK CREEK 02 -S,90,,,
Tom Ferkinhoff,US House,,L,Hancock,BUCK CREEK 02 -S,19,,,
Write in,US House,,,Hancock,BUCK CREEK 02 -S,0,,,
Brian C. Bosma,State Representative,88,R,Hancock,BUCK CREEK 02 -S,220,,,
Poonam Gill,State Representative,88,D,Hancock,BUCK CREEK 02 -S,98,,,
,Registered Voters,,,Hancock,BUCK CREEK 3,857,,,
,Ballots Cast,,,Hancock,BUCK CREEK 3,524,,,
,Straight Party,,R,Hancock,BUCK CREEK 3,209,,,
,Straight Party,,D,Hancock,BUCK CREEK 3,78,,,
,Straight Party,,L,Hancock,BUCK CREEK 3,1,,,
Mike Braun,U.S. Senate,,R,Hancock,BUCK CREEK 3,319,,,
Joe Donnelly,U.S. Senate,,D,Hancock,BUCK CREEK 3,188,,,
Lucy M Brenton,U.S. Senate,,L,Hancock,BUCK CREEK 3,17,,,
Write in,U.S. Senate,,,Hancock,BUCK CREEK 3,0,,,
Connie Lawson,Secretary of State,,R,Hancock,BUCK CREEK 3,359,,,
Jim Harper,Secretary of State,,D,Hancock,BUCK CREEK 3,137,,,
Mark W. Rutherford,Secretary of State,,L,Hancock,BUCK CREEK 3,24,,,
Write in,Secretary of State,,,Hancock,BUCK CREEK 3,0,,,
Tera Klutz,Auditor of State,,R,Hancock,BUCK CREEK 3,350,,,
Joselyn Whitticker,Auditor of State,,D,Hancock,BUCK CREEK 3,145,,,
John Schick,Auditor of State,,L,Hancock,BUCK CREEK 3,24,,,
Kelly Mitchell,Treasurer of State,,R,Hancock,BUCK CREEK 3,359,,,
John C. Aguilera,Treasurer of State,,D,Hancock,BUCK CREEK 3,153,,,
Greg Pence,US House,,R,Hancock,BUCK CREEK 3,331,,,
Jeannine Lee Lake,US House,,D,Hancock,BUCK CREEK 3,170,,,
Tom Ferkinhoff,US House,,L,Hancock,BUCK CREEK 3,20,,,
Write in,US House,,,Hancock,BUCK CREEK 3,0,,,
Brian C. Bosma,State Representative,88,R,Hancock,BUCK CREEK 3,339,,,
Poonam Gill,State Representative,88,D,Hancock,BUCK CREEK 3,181,,,
,Registered Voters,,,Hancock,BUCK CREEK 4,964,,,
,Ballots Cast,,,Hancock,BUCK CREEK 4,594,,,
,Straight Party,,R,Hancock,BUCK CREEK 4,236,,,
,Straight Party,,D,Hancock,BUCK CREEK 4,82,,,
,Straight Party,,L,Hancock,BUCK CREEK 4,1,,,
Mike Braun,U.S. Senate,,R,Hancock,BUCK CREEK 4,388,,,
Joe Donnelly,U.S. Senate,,D,Hancock,BUCK CREEK 4,183,,,
Lucy M Brenton,U.S. Senate,,L,Hancock,BUCK CREEK 4,21,,,
Write in,U.S. Senate,,,Hancock,BUCK CREEK 4,2,,,
Connie Lawson,Secretary of State,,R,Hancock,BUCK CREEK 4,412,,,
Jim Harper,Secretary of State,,D,Hancock,BUCK CREEK 4,150,,,
Mark W. Rutherford,Secretary of State,,L,Hancock,BUCK CREEK 4,26,,,
Write in,Secretary of State,,,Hancock,BUCK CREEK 4,0,,,
Tera Klutz,Auditor of State,,R,Hancock,BUCK CREEK 4,407,,,
Joselyn Whitticker,Auditor of State,,D,Hancock,BUCK CREEK 4,151,,,
John Schick,Auditor of State,,L,Hancock,BUCK CREEK 4,28,,,
Kelly Mitchell,Treasurer of State,,R,Hancock,BUCK CREEK 4,422,,,
John C. Aguilera,Treasurer of State,,D,Hancock,BUCK CREEK 4,162,,,
Greg Pence,US House,,R,Hancock,BUCK CREEK 4,400,,,
Jeannine Lee Lake,US House,,D,Hancock,BUCK CREEK 4,174,,,
Tom Ferkinhoff,US House,,L,Hancock,BUCK CREEK 4,14,,,
Write in,US House,,,Hancock,BUCK CREEK 4,0,,,
Brian C. Bosma,State Representative,88,R,Hancock,BUCK CREEK 4,405,,,
Poonam Gill,State Representative,88,D,Hancock,BUCK CREEK 4,185,,,
,Registered Voters,,,Hancock,BUCK CREEK 5,1204,,,
,Ballots Cast,,,Hancock,BUCK CREEK 5,734,,,
,Straight Party,,R,Hancock,BUCK CREEK 5,263,,,
,Straight Party,,D,Hancock,BUCK CREEK 5,134,,,
,Straight Party,,L,Hancock,BUCK CREEK 5,1,,,
Mike Braun,U.S. Senate,,R,Hancock,BUCK CREEK 5,400,,,
Joe Donnelly,U.S. Senate,,D,Hancock,BUCK CREEK 5,294,,,
Lucy M Brenton,U.S. Senate,,L,Hancock,BUCK CREEK 5,36,,,
Write in,U.S. Senate,,,Hancock,BUCK CREEK 5,0,,,
Connie Lawson,Secretary of State,,R,Hancock,BUCK CREEK 5,460,,,
Jim Harper,Secretary of State,,D,Hancock,BUCK CREEK 5,243,,,
Mark W. Rutherford,Secretary of State,,L,Hancock,BUCK CREEK 5,25,,,
Write in,Secretary of State,,,Hancock,BUCK CREEK 5,0,,,
Tera Klutz,Auditor of State,,R,Hancock,BUCK CREEK 5,464,,,
Joselyn Whitticker,Auditor of State,,D,Hancock,BUCK CREEK 5,231,,,
John Schick,Auditor of State,,L,Hancock,BUCK CREEK 5,28,,,
Kelly Mitchell,Treasurer of State,,R,Hancock,BUCK CREEK 5,469,,,
John C. Aguilera,Treasurer of State,,D,Hancock,BUCK CREEK 5,253,,,
Greg Pence,US House,,R,Hancock,BUCK CREEK 5,427,,,
Jeannine Lee Lake,US House,,D,Hancock,BUCK CREEK 5,280,,,
Tom Ferkinhoff,US House,,L,Hancock,BUCK CREEK 5,23,,,
Write in,US House,,,Hancock,BUCK CREEK 5,0,,,
Brian C. Bosma,State Representative,88,R,Hancock,BUCK CREEK 5,437,,,
Poonam Gill,State Representative,88,D,Hancock,BUCK CREEK 5,286,,,
,Registered Voters,,,Hancock,CENTER 1,892,,,
,Ballots Cast,,,Hancock,CENTER 1,508,,,
,Straight Party,,R,Hancock,CENTER 1,172,,,
,Straight Party,,D,Hancock,CENTER 1,51,,,
,Straight Party,,L,Hancock,CENTER 1,1,,,
Mike Braun,U.S. Senate,,R,Hancock,CENTER 1,313,,,
Joe Donnelly,U.S. Senate,,D,Hancock,CENTER 1,163,,,
Lucy M Brenton,U.S. Senate,,L,Hancock,CENTER 1,28,,,
Write in,U.S. Senate,,,Hancock,CENTER 1,0,,,
Connie Lawson,Secretary of State,,R,Hancock,CENTER 1,359,,,
Jim Harper,Secretary of State,,D,Hancock,CENTER 1,120,,,
Mark W. Rutherford,Secretary of State,,L,Hancock,CENTER 1,21,,,
Write in,Secretary of State,,,Hancock,CENTER 1,0,,,
Tera Klutz,Auditor of State,,R,Hancock,CENTER 1,341,,,
Joselyn Whitticker,Auditor of State,,D,Hancock,CENTER 1,130,,,
John Schick,Auditor of State,,L,Hancock,CENTER 1,23,,,
Kelly Mitchell,Treasurer of State,,R,Hancock,CENTER 1,370,,,
John C. Aguilera,Treasurer of State,,D,Hancock,CENTER 1,125,,,
Greg Pence,US House,,R,Hancock,CENTER 1,344,,,
Jeannine Lee Lake,US House,,D,Hancock,CENTER 1,136,,,
Tom Ferkinhoff,US House,,L,Hancock,CENTER 1,22,,,
Write in,US House,,,Hancock,CENTER 1,0,,,
"Robert ""Bob"" Cherry ",State Representative,53,R,Hancock,CENTER 1,362,,,
Nancy Tibbett,State Representative,53,D,Hancock,CENTER 1,140,,,
,Registered Voters,,,Hancock,CENTER 2,1489,,,
,Ballots Cast,,,Hancock,CENTER 2,850,,,
,Straight Party,,R,Hancock,CENTER 2,305,,,
,Straight Party,,D,Hancock,CENTER 2,85,,,
,Straight Party,,L,Hancock,CENTER 2,4,,,
Mike Braun,U.S. Senate,,R,Hancock,CENTER 2,567,,,
Joe Donnelly,U.S. Senate,,D,Hancock,CENTER 2,236,,,
Lucy M Brenton,U.S. Senate,,L,Hancock,CENTER 2,42,,,
Write in,U.S. Senate,,,Hancock,CENTER 2,0,,,
Connie Lawson,Secretary of State,,R,Hancock,CENTER 2,638,,,
Jim Harper,Secretary of State,,D,Hancock,CENTER 2,180,,,
Mark W. Rutherford,Secretary of State,,L,Hancock,CENTER 2,24,,,
Write in,Secretary of State,,,Hancock,CENTER 2,0,,,
Tera Klutz,Auditor of State,,R,Hancock,CENTER 2,616,,,
Joselyn Whitticker,Auditor of State,,D,Hancock,CENTER 2,188,,,
John Schick,Auditor of State,,L,Hancock,CENTER 2,31,,,
Kelly Mitchell,Treasurer of State,,R,Hancock,CENTER 2,648,,,
John C. Aguilera,Treasurer of State,,D,Hancock,CENTER 2,183,,,
Greg Pence,US House,,R,Hancock,CENTER 2,593,,,
Jeannine Lee Lake,US House,,D,Hancock,CENTER 2,217,,,
Tom Ferkinhoff,US House,,L,Hancock,CENTER 2,32,,,
Write in,US House,,,Hancock,CENTER 2,0,,,
Brian C. Bosma,State Representative,88,R,Hancock,CENTER 2,618,,,
Poonam Gill,State Representative,88,D,Hancock,CENTER 2,216,,,
,Registered Voters,,,Hancock,CENTER 3,1152,,,
,Ballots Cast,,,Hancock,CENTER 3,698,,,
,Straight Party,,R,Hancock,CENTER 3,233,,,
,Straight Party,,D,Hancock,CENTER 3,50,,,
,Straight Party,,L,Hancock,CENTER 3,0,,,
Mike Braun,U.S. Senate,,R,Hancock,CENTER 3,473,,,
Joe Donnelly,U.S. Senate,,D,Hancock,CENTER 3,187,,,
Lucy M Brenton,U.S. Senate,,L,Hancock,CENTER 3,34,,,
Write in,U.S. Senate,,,Hancock,CENTER 3,0,,,
Connie Lawson,Secretary of State,,R,Hancock,CENTER 3,514,,,
Jim Harper,Secretary of State,,D,Hancock,CENTER 3,152,,,
Mark W. Rutherford,Secretary of State,,L,Hancock,CENTER 3,23,,,
Write in,Secretary of State,,,Hancock,CENTER 3,0,,,
Tera Klutz,Auditor of State,,R,Hancock,CENTER 3,497,,,
Joselyn Whitticker,Auditor of State,,D,Hancock,CENTER 3,148,,,
John Schick,Auditor of State,,L,Hancock,CENTER 3,34,,,
Kelly Mitchell,Treasurer of State,,R,Hancock,CENTER 3,525,,,
John C. Aguilera,Treasurer of State,,D,Hancock,CENTER 3,152,,,
Greg Pence,US House,,R,Hancock,CENTER 3,493,,,
Jeannine Lee Lake,US House,,D,Hancock,CENTER 3,176,,,
Tom Ferkinhoff,US House,,L,Hancock,CENTER 3,22,,,
Write in,US House,,,Hancock,CENTER 3,0,,,
"Robert ""Bob"" Cherry ",State Representative,53,R,Hancock,CENTER 3,519,,,
Nancy Tibbett,State Representative,53,D,Hancock,CENTER 3,163,,,
,Registered Voters,,,Hancock,CENTER 4,606,,,
,Ballots Cast,,,Hancock,CENTER 4,353,,,
,Straight Party,,R,Hancock,CENTER 4,117,,,
,Straight Party,,D,Hancock,CENTER 4,27,,,
,Straight Party,,L,Hancock,CENTER 4,1,,,
Mike Braun,U.S. Senate,,R,Hancock,CENTER 4,243,,,
Joe Donnelly,U.S. Senate,,D,Hancock,CENTER 4,97,,,
Lucy M Brenton,U.S. Senate,,L,Hancock,CENTER 4,12,,,
Write in,U.S. Senate,,,Hancock,CENTER 4,0,,,
Connie Lawson,Secretary of State,,R,Hancock,CENTER 4,267,,,
Jim Harper,Secretary of State,,D,Hancock,CENTER 4,73,,,
Mark W. Rutherford,Secretary of State,,L,Hancock,CENTER 4,10,,,
Write in,Secretary of State,,,Hancock,CENTER 4,0,,,
Tera Klutz,Auditor of State,,R,Hancock,CENTER 4,257,,,
Joselyn Whitticker,Auditor of State,,D,Hancock,CENTER 4,79,,,
John Schick,Auditor of State,,L,Hancock,CENTER 4,11,,,
Kelly Mitchell,Treasurer of State,,R,Hancock,CENTER 4,273,,,
John C. Aguilera,Treasurer of State,,D,Hancock,CENTER 4,74,,,
Greg Pence,US House,,R,Hancock,CENTER 4,252,,,
Jeannine Lee Lake,US House,,D,Hancock,CENTER 4,88,,,
Tom Ferkinhoff,US House,,L,Hancock,CENTER 4,10,,,
Write in,US House,,,Hancock,CENTER 4,0,,,
"Robert ""Bob"" Cherry ",State Representative,53,R,Hancock,CENTER 4,269,,,
Nancy Tibbett,State Representative,53,D,Hancock,CENTER 4,78,,,
,Registered Voters,,,Hancock,FORTVILLE 1,1564,,,
,Ballots Cast,,,Hancock,FORTVILLE 1,810,,,
,Straight Party,,R,Hancock,FORTVILLE 1,261,,,
,Straight Party,,D,Hancock,FORTVILLE 1,93,,,
,Straight Party,,L,Hancock,FORTVILLE 1,5,,,
Mike Braun,U.S. Senate,,R,Hancock,FORTVILLE 1,508,,,
Joe Donnelly,U.S. Senate,,D,Hancock,FORTVILLE 1,245,,,
Lucy M Brenton,U.S. Senate,,L,Hancock,FORTVILLE 1,48,,,
Write in,U.S. Senate,,,Hancock,FORTVILLE 1,0,,,
Connie Lawson,Secretary of State,,R,Hancock,FORTVILLE 1,550,,,
Jim Harper,Secretary of State,,D,Hancock,FORTVILLE 1,215,,,
Mark W. Rutherford,Secretary of State,,L,Hancock,FORTVILLE 1,29,,,
Write in,Secretary of State,,,Hancock,FORTVILLE 1,0,,,
Tera Klutz,Auditor of State,,R,Hancock,FORTVILLE 1,542,,,
Joselyn Whitticker,Auditor of State,,D,Hancock,FORTVILLE 1,217,,,
John Schick,Auditor of State,,L,Hancock,FORTVILLE 1,34,,,
Kelly Mitchell,Treasurer of State,,R,Hancock,FORTVILLE 1,573,,,
John C. Aguilera,Treasurer of State,,D,Hancock,FORTVILLE 1,216,,,
Greg Pence,US House,,R,Hancock,FORTVILLE 1,527,,,
Jeannine Lee Lake,US House,,D,Hancock,FORTVILLE 1,239,,,
Tom Ferkinhoff,US House,,L,Hancock,FORTVILLE 1,28,,,
Write in,US House,,,Hancock,FORTVILLE 1,0,,,
Brian C. Bosma,State Representative,88,R,Hancock,FORTVILLE 1,525,,,
Poonam Gill,State Representative,88,D,Hancock,FORTVILLE 1,272,,,
,Registered Voters,,,Hancock,FORTVILLE 2,1371,,,
,Ballots Cast,,,Hancock,FORTVILLE 2,675,,,
,Straight Party,,R,Hancock,FORTVILLE 2,213,,,
,Straight Party,,D,Hancock,FORTVILLE 2,72,,,
,Straight Party,,L,Hancock,FORTVILLE 2,2,,,
Mike Braun,U.S. Senate,,R,Hancock,FORTVILLE 2,404,,,
Joe Donnelly,U.S. Senate,,D,Hancock,FORTVILLE 2,218,,,
Lucy M Brenton,U.S. Senate,,L,Hancock,FORTVILLE 2,46,,,
Write in,U.S. Senate,,,Hancock,FORTVILLE 2,2,,,
Connie Lawson,Secretary of State,,R,Hancock,FORTVILLE 2,458,,,
Jim Harper,Secretary of State,,D,Hancock,FORTVILLE 2,190,,,
Mark W. Rutherford,Secretary of State,,L,Hancock,FORTVILLE 2,26,,,
Write in,Secretary of State,,,Hancock,FORTVILLE 2,0,,,
Tera Klutz,Auditor of State,,R,Hancock,FORTVILLE 2,438,,,
Joselyn Whitticker,Auditor of State,,D,Hancock,FORTVILLE 2,194,,,
John Schick,Auditor of State,,L,Hancock,FORTVILLE 2,33,,,
Kelly Mitchell,Treasurer of State,,R,Hancock,FORTVILLE 2,461,,,
John C. Aguilera,Treasurer of State,,D,Hancock,FORTVILLE 2,199,,,
Greg Pence,US House,,R,Hancock,FORTVILLE 2,434,,,
Jeannine Lee Lake,US House,,D,Hancock,FORTVILLE 2,209,,,
Tom Ferkinhoff,US House,,L,Hancock,FORTVILLE 2,28,,,
Write in,US House,,,Hancock,FORTVILLE 2,0,,,
Brian C. Bosma,State Representative,88,R,Hancock,FORTVILLE 2,428,,,
Poonam Gill,State Representative,88,D,Hancock,FORTVILLE 2,242,,,
,Registered Voters,,,Hancock,G-1 NORTH,1040,,,
,Ballots Cast,,,Hancock,G-1 NORTH,565,,,
,Straight Party,,R,Hancock,G-1 NORTH,206,,,
,Straight Party,,D,Hancock,G-1 NORTH,75,,,
,Straight Party,,L,Hancock,G-1 NORTH,1,,,
Mike Braun,U.S. Senate,,R,Hancock,G-1 NORTH,334,,,
Joe Donnelly,U.S. Senate,,D,Hancock,G-1 NORTH,201,,,
Lucy M Brenton,U.S. Senate,,L,Hancock,G-1 NORTH,26,,,
Write in,U.S. Senate,,,Hancock,G-1 NORTH,0,,,
Connie Lawson,Secretary of State,,R,Hancock,G-1 NORTH,372,,,
Jim Harper,Secretary of State,,D,Hancock,G-1 NORTH,167,,,
Mark W. Rutherford,Secretary of State,,L,Hancock,G-1 NORTH,18,,,
Write in,Secretary of State,,,Hancock,G-1 NORTH,0,,,
Tera Klutz,Auditor of State,,R,Hancock,G-1 NORTH,362,,,
Joselyn Whitticker,Auditor of State,,D,Hancock,G-1 NORTH,158,,,
John Schick,Auditor of State,,L,Hancock,G-1 NORTH,32,,,
Kelly Mitchell,Treasurer of State,,R,Hancock,G-1 NORTH,378,,,
John C. Aguilera,Treasurer of State,,D,Hancock,G-1 NORTH,170,,,
Greg Pence,US House,,R,Hancock,G-1 NORTH,355,,,
Jeannine Lee Lake,US House,,D,Hancock,G-1 NORTH,192,,,
Tom Ferkinhoff,US House,,L,Hancock,G-1 NORTH,13,,,
Write in,US House,,,Hancock,G-1 NORTH,0,,,
"Robert ""Bob"" Cherry ",State Representative,53,R,Hancock,G-1 NORTH,367,,,
Nancy Tibbett,State Representative,53,D,Hancock,G-1 NORTH,186,,,
,Registered Voters,,,Hancock,G-1 SOUTH,1439,,,
,Ballots Cast,,,Hancock,G-1 SOUTH,698,,,
,Straight Party,,R,Hancock,G-1 SOUTH,237,,,
,Straight Party,,D,Hancock,G-1 SOUTH,93,,,
,Straight Party,,L,Hancock,G-1 SOUTH,0,,,
Mike Braun,U.S. Senate,,R,Hancock,G-1 SOUTH,442,,,
Joe Donnelly,U.S. Senate,,D,Hancock,G-1 SOUTH,222,,,
Lucy M Brenton,U.S. Senate,,L,Hancock,G-1 SOUTH,25,,,
Write in,U.S. Senate,,,Hancock,G-1 SOUTH,0,,,
Connie Lawson,Secretary of State,,R,Hancock,G-1 SOUTH,471,,,
Jim Harper,Secretary of State,,D,Hancock,G-1 SOUTH,193,,,
Mark W. Rutherford,Secretary of State,,L,Hancock,G-1 SOUTH,18,,,
Write in,Secretary of State,,,Hancock,G-1 SOUTH,0,,,
Tera Klutz,Auditor of State,,R,Hancock,G-1 SOUTH,462,,,
Joselyn Whitticker,Auditor of State,,D,Hancock,G-1 SOUTH,199,,,
John Schick,Auditor of State,,L,Hancock,G-1 SOUTH,20,,,
Kelly Mitchell,Treasurer of State,,R,Hancock,G-1 SOUTH,480,,,
John C. Aguilera,Treasurer of State,,D,Hancock,G-1 SOUTH,193,,,
Greg Pence,US House,,R,Hancock,G-1 SOUTH,451,,,
Jeannine Lee Lake,US House,,D,Hancock,G-1 SOUTH,216,,,
Tom Ferkinhoff,US House,,L,Hancock,G-1 SOUTH,19,,,
Write in,US House,,,Hancock,G-1 SOUTH,0,,,
"Robert ""Bob"" Cherry ",State Representative,53,R,Hancock,G-1 SOUTH,472,,,
Nancy Tibbett,State Representative,53,D,Hancock,G-1 SOUTH,213,,,
,Registered Voters,,,Hancock,G-1 EAST,1612,,,
,Ballots Cast,,,Hancock,G-1 EAST,896,,,
,Straight Party,,R,Hancock,G-1 EAST,334,,,
,Straight Party,,D,Hancock,G-1 EAST,97,,,
,Straight Party,,L,Hancock,G-1 EAST,4,,,
Mike Braun,U.S. Senate,,R,Hancock,G-1 EAST,558,,,
Joe Donnelly,U.S. Senate,,D,Hancock,G-1 EAST,285,,,
Lucy M Brenton,U.S. Senate,,L,Hancock,G-1 EAST,46,,,
Write in,U.S. Senate,,,Hancock,G-1 EAST,1,,,
Connie Lawson,Secretary of State,,R,Hancock,G-1 EAST,611,,,
Jim Harper,Secretary of State,,D,Hancock,G-1 EAST,231,,,
Mark W. Rutherford,Secretary of State,,L,Hancock,G-1 EAST,37,,,
Write in,Secretary of State,,,Hancock,G-1 EAST,2,,,
Tera Klutz,Auditor of State,,R,Hancock,G-1 EAST,589,,,
Joselyn Whitticker,Auditor of State,,D,Hancock,G-1 EAST,247,,,
John Schick,Auditor of State,,L,Hancock,G-1 EAST,45,,,
Kelly Mitchell,Treasurer of State,,R,Hancock,G-1 EAST,627,,,
John C. Aguilera,Treasurer of State,,D,Hancock,G-1 EAST,242,,,
Greg Pence,US House,,R,Hancock,G-1 EAST,575,,,
Jeannine Lee Lake,US House,,D,Hancock,G-1 EAST,271,,,
Tom Ferkinhoff,US House,,L,Hancock,G-1 EAST,39,,,
Write in,US House,,,Hancock,G-1 EAST,2,,,
"Robert ""Bob"" Cherry ",State Representative,53,R,Hancock,G-1 EAST,612,,,
Nancy Tibbett,State Representative,53,D,Hancock,G-1 EAST,270,,,
,Registered Voters,,,Hancock,G-2 NORTH,905,,,
,Ballots Cast,,,Hancock,G-2 NORTH,533,,,
,Straight Party,,R,Hancock,G-2 NORTH,116,,,
,Straight Party,,D,Hancock,G-2 NORTH,68,,,
,Straight Party,,L,Hancock,G-2 NORTH,0,,,
Mike Braun,U.S. Senate,,R,Hancock,G-2 NORTH,289,,,
Joe Donnelly,U.S. Senate,,D,Hancock,G-2 NORTH,216,,,
Lucy M Brenton,U.S. Senate,,L,Hancock,G-2 NORTH,24,,,
Write in,U.S. Senate,,,Hancock,G-2 NORTH,1,,,
Connie Lawson,Secretary of State,,R,Hancock,G-2 NORTH,351,,,
Jim Harper,Secretary of State,,D,Hancock,G-2 NORTH,153,,,
Mark W. Rutherford,Secretary of State,,L,Hancock,G-2 NORTH,18,,,
Write in,Secretary of State,,,Hancock,G-2 NORTH,0,,,
Tera Klutz,Auditor of State,,R,Hancock,G-2 NORTH,336,,,
Joselyn Whitticker,Auditor of State,,D,Hancock,G-2 NORTH,164,,,
John Schick,Auditor of State,,L,Hancock,G-2 NORTH,20,,,
Kelly Mitchell,Treasurer of State,,R,Hancock,G-2 NORTH,351,,,
John C. Aguilera,Treasurer of State,,D,Hancock,G-2 NORTH,163,,,
Greg Pence,US House,,R,Hancock,G-2 NORTH,308,,,
Jeannine Lee Lake,US House,,D,Hancock,G-2 NORTH,200,,,
Tom Ferkinhoff,US House,,L,Hancock,G-2 NORTH,18,,,
Write in,US House,,,Hancock,G-2 NORTH,1,,,
"Robert ""Bob"" Cherry ",State Representative,53,R,Hancock,G-2 NORTH,359,,,
Nancy Tibbett,State Representative,53,D,Hancock,G-2 NORTH,164,,,
,Registered Voters,,,Hancock,G-2 SOUTH,1294,,,
,Ballots Cast,,,Hancock,G-2 SOUTH,626,,,
,Straight Party,,R,Hancock,G-2 SOUTH,217,,,
,Straight Party,,D,Hancock,G-2 SOUTH,76,,,
,Straight Party,,L,Hancock,G-2 SOUTH,1,,,
Mike Braun,U.S. Senate,,R,Hancock,G-2 SOUTH,394,,,
Joe Donnelly,U.S. Senate,,D,Hancock,G-2 SOUTH,206,,,
Lucy M Brenton,U.S. Senate,,L,Hancock,G-2 SOUTH,20,,,
Write in,U.S. Senate,,,Hancock,G-2 SOUTH,1,,,
Connie Lawson,Secretary of State,,R,Hancock,G-2 SOUTH,436,,,
Jim Harper,Secretary of State,,D,Hancock,G-2 SOUTH,156,,,
Mark W. Rutherford,Secretary of State,,L,Hancock,G-2 SOUTH,28,,,
Write in,Secretary of State,,,Hancock,G-2 SOUTH,0,,,
Tera Klutz,Auditor of State,,R,Hancock,G-2 SOUTH,419,,,
Joselyn Whitticker,Auditor of State,,D,Hancock,G-2 SOUTH,169,,,
John Schick,Auditor of State,,L,Hancock,G-2 SOUTH,31,,,
Kelly Mitchell,Treasurer of State,,R,Hancock,G-2 SOUTH,441,,,
John C. Aguilera,Treasurer of State,,D,Hancock,G-2 SOUTH,174,,,
Greg Pence,US House,,R,Hancock,G-2 SOUTH,410,,,
Jeannine Lee Lake,US House,,D,Hancock,G-2 SOUTH,186,,,
Tom Ferkinhoff,US House,,L,Hancock,G-2 SOUTH,21,,,
Write in,US House,,,Hancock,G-2 SOUTH,0,,,
"Robert ""Bob"" Cherry ",State Representative,53,R,Hancock,G-2 SOUTH,426,,,
Nancy Tibbett,State Representative,53,D,Hancock,G-2 SOUTH,189,,,
,Registered Voters,,,Hancock,G-3 NE,513,,,
,Ballots Cast,,,Hancock,G-3 NE,180,,,
,Straight Party,,R,Hancock,G-3 NE,50,,,
,Straight Party,,D,Hancock,G-3 NE,32,,,
,Straight Party,,L,Hancock,G-3 NE,2,,,
Mike Braun,U.S. Senate,,R,Hancock,G-3 NE,79,,,
Joe Donnelly,U.S. Senate,,D,Hancock,G-3 NE,91,,,
Lucy M Brenton,U.S. Senate,,L,Hancock,G-3 NE,10,,,
Write in,U.S. Senate,,,Hancock,G-3 NE,0,,,
Connie Lawson,Secretary of State,,R,Hancock,G-3 NE,88,,,
Jim Harper,Secretary of State,,D,Hancock,G-3 NE,78,,,
Mark W. Rutherford,Secretary of State,,L,Hancock,G-3 NE,14,,,
Write in,Secretary of State,,,Hancock,G-3 NE,0,,,
Tera Klutz,Auditor of State,,R,Hancock,G-3 NE,86,,,
Joselyn Whitticker,Auditor of State,,D,Hancock,G-3 NE,80,,,
John Schick,Auditor of State,,L,Hancock,G-3 NE,13,,,
Kelly Mitchell,Treasurer of State,,R,Hancock,G-3 NE,94,,,
John C. Aguilera,Treasurer of State,,D,Hancock,G-3 NE,83,,,
Greg Pence,US House,,R,Hancock,G-3 NE,83,,,
Jeannine Lee Lake,US House,,D,Hancock,G-3 NE,88,,,
Tom Ferkinhoff,US House,,L,Hancock,G-3 NE,8,,,
Write in,US House,,,Hancock,G-3 NE,0,,,
"Robert ""Bob"" Cherry ",State Representative,53,R,Hancock,G-3 NE,96,,,
Nancy Tibbett,State Representative,53,D,Hancock,G-3 NE,83,,,
,Registered Voters,,,Hancock,G-3 NORTH,879,,,
,Ballots Cast,,,Hancock,G-3 NORTH,372,,,
,Straight Party,,R,Hancock,G-3 NORTH,127,,,
,Straight Party,,D,Hancock,G-3 NORTH,45,,,
,Straight Party,,L,Hancock,G-3 NORTH,0,,,
Mike Braun,U.S. Senate,,R,Hancock,G-3 NORTH,233,,,
Joe Donnelly,U.S. Senate,,D,Hancock,G-3 NORTH,124,,,
Lucy M Brenton,U.S. Senate,,L,Hancock,G-3 NORTH,12,,,
Write in,U.S. Senate,,,Hancock,G-3 NORTH,0,,,
Connie Lawson,Secretary of State,,R,Hancock,G-3 NORTH,252,,,
Jim Harper,Secretary of State,,D,Hancock,G-3 NORTH,103,,,
Mark W. Rutherford,Secretary of State,,L,Hancock,G-3 NORTH,15,,,
Write in,Secretary of State,,,Hancock,G-3 NORTH,0,,,
Tera Klutz,Auditor of State,,R,Hancock,G-3 NORTH,248,,,
Joselyn Whitticker,Auditor of State,,D,Hancock,G-3 NORTH,110,,,
John Schick,Auditor of State,,L,Hancock,G-3 NORTH,13,,,
Kelly Mitchell,Treasurer of State,,R,Hancock,G-3 NORTH,263,,,
John C. Aguilera,Treasurer of State,,D,Hancock,G-3 NORTH,106,,,
Greg Pence,US House,,R,Hancock,G-3 NORTH,243,,,
Jeannine Lee Lake,US House,,D,Hancock,G-3 NORTH,115,,,
Tom Ferkinhoff,US House,,L,Hancock,G-3 NORTH,11,,,
Write in,US House,,,Hancock,G-3 NORTH,1,,,
"Robert ""Bob"" Cherry ",State Representative,53,R,Hancock,G-3 NORTH,256,,,
Nancy Tibbett,State Representative,53,D,Hancock,G-3 NORTH,114,,,
,Registered Voters,,,Hancock,G-3 CENTRAL,1052,,,
,Ballots Cast,,,Hancock,G-3 CENTRAL,489,,,
,Straight Party,,R,Hancock,G-3 CENTRAL,164,,,
,Straight Party,,D,Hancock,G-3 CENTRAL,60,,,
,Straight Party,,L,Hancock,G-3 CENTRAL,2,,,
Mike Braun,U.S. Senate,,R,Hancock,G-3 CENTRAL,262,,,
Joe Donnelly,U.S. Senate,,D,Hancock,G-3 CENTRAL,181,,,
Lucy M Brenton,U.S. Senate,,L,Hancock,G-3 CENTRAL,37,,,
Write in,U.S. Senate,,,Hancock,G-3 CENTRAL,0,,,
Connie Lawson,Secretary of State,,R,Hancock,G-3 CENTRAL,310,,,
Jim Harper,Secretary of State,,D,Hancock,G-3 CENTRAL,149,,,
Mark W. Rutherford,Secretary of State,,L,Hancock,G-3 CENTRAL,21,,,
Write in,Secretary of State,,,Hancock,G-3 CENTRAL,0,,,
Tera Klutz,Auditor of State,,R,Hancock,G-3 CENTRAL,307,,,
Joselyn Whitticker,Auditor of State,,D,Hancock,G-3 CENTRAL,156,,,
John Schick,Auditor of State,,L,Hancock,G-3 CENTRAL,18,,,
Kelly Mitchell,Treasurer of State,,R,Hancock,G-3 CENTRAL,324,,,
John C. Aguilera,Treasurer of State,,D,Hancock,G-3 CENTRAL,154,,,
Greg Pence,US House,,R,Hancock,G-3 CENTRAL,301,,,
Jeannine Lee Lake,US House,,D,Hancock,G-3 CENTRAL,167,,,
Tom Ferkinhoff,US House,,L,Hancock,G-3 CENTRAL,16,,,
Write in,US House,,,Hancock,G-3 CENTRAL,0,,,
"Robert ""Bob"" Cherry ",State Representative,53,R,Hancock,G-3 CENTRAL,314,,,
Nancy Tibbett,State Representative,53,D,Hancock,G-3 CENTRAL,168,,,
,Registered Voters,,,Hancock,G-4 EAST,1213,,,
,Ballots Cast,,,Hancock,G-4 EAST,562,,,
,Straight Party,,R,Hancock,G-4 EAST,185,,,
,Straight Party,,D,Hancock,G-4 EAST,55,,,
,Straight Party,,L,Hancock,G-4 EAST,5,,,
Mike Braun,U.S. Senate,,R,Hancock,G-4 EAST,320,,,
Joe Donnelly,U.S. Senate,,D,Hancock,G-4 EAST,191,,,
Lucy M Brenton,U.S. Senate,,L,Hancock,G-4 EAST,45,,,
Write in,U.S. Senate,,,Hancock,G-4 EAST,0,,,
Connie Lawson,Secretary of State,,R,Hancock,G-4 EAST,373,,,
Jim Harper,Secretary of State,,D,Hancock,G-4 EAST,152,,,
Mark W. Rutherford,Secretary of State,,L,Hancock,G-4 EAST,27,,,
Write in,Secretary of State,,,Hancock,G-4 EAST,1,,,
Tera Klutz,Auditor of State,,R,Hancock,G-4 EAST,351,,,
Joselyn Whitticker,Auditor of State,,D,Hancock,G-4 EAST,162,,,
John Schick,Auditor of State,,L,Hancock,G-4 EAST,38,,,
Kelly Mitchell,Treasurer of State,,R,Hancock,G-4 EAST,367,,,
John C. Aguilera,Treasurer of State,,D,Hancock,G-4 EAST,179,,,
Greg Pence,US House,,R,Hancock,G-4 EAST,342,,,
Jeannine Lee Lake,US House,,D,Hancock,G-4 EAST,189,,,
Tom Ferkinhoff,US House,,L,Hancock,G-4 EAST,25,,,
Write in,US House,,,Hancock,G-4 EAST,2,,,
"Robert ""Bob"" Cherry ",State Representative,53,R,Hancock,G-4 EAST,362,,,
Nancy Tibbett,State Representative,53,D,Hancock,G-4 EAST,184,,,
,Registered Voters,,,Hancock,G-4 WEST,821,,,
,Ballots Cast,,,Hancock,G-4 WEST,473,,,
,Straight Party,,R,Hancock,G-4 WEST,182,,,
,Straight Party,,D,Hancock,G-4 WEST,51,,,
,Straight Party,,L,Hancock,G-4 WEST,1,,,
Mike Braun,U.S. Senate,,R,Hancock,G-4 WEST,295,,,
Joe Donnelly,U.S. Senate,,D,Hancock,G-4 WEST,155,,,
Lucy M Brenton,U.S. Senate,,L,Hancock,G-4 WEST,19,,,
Write in,U.S. Senate,,,Hancock,G-4 WEST,0,,,
Connie Lawson,Secretary of State,,R,Hancock,G-4 WEST,340,,,
Jim Harper,Secretary of State,,D,Hancock,G-4 WEST,118,,,
Mark W. Rutherford,Secretary of State,,L,Hancock,G-4 WEST,9,,,
Write in,Secretary of State,,,Hancock,G-4 WEST,0,,,
Tera Klutz,Auditor of State,,R,Hancock,G-4 WEST,326,,,
Joselyn Whitticker,Auditor of State,,D,Hancock,G-4 WEST,120,,,
John Schick,Auditor of State,,L,Hancock,G-4 WEST,18,,,
Kelly Mitchell,Treasurer of State,,R,Hancock,G-4 WEST,341,,,
John C. Aguilera,Treasurer of State,,D,Hancock,G-4 WEST,121,,,
Greg Pence,US House,,R,Hancock,G-4 WEST,323,,,
Jeannine Lee Lake,US House,,D,Hancock,G-4 WEST,137,,,
Tom Ferkinhoff,US House,,L,Hancock,G-4 WEST,10,,,
Write in,US House,,,Hancock,G-4 WEST,0,,,
"Robert ""Bob"" Cherry ",State Representative,53,R,Hancock,G-4 WEST,329,,,
Nancy Tibbett,State Representative,53,D,Hancock,G-4 WEST,134,,,
,Registered Voters,,,Hancock,G-4 CENTRAL,1284,,,
,Ballots Cast,,,Hancock,G-4 CENTRAL,659,,,
,Straight Party,,R,Hancock,G-4 CENTRAL,219,,,
,Straight Party,,D,Hancock,G-4 CENTRAL,55,,,
,Straight Party,,L,Hancock,G-4 CENTRAL,3,,,
Mike Braun,U.S. Senate,,R,Hancock,G-4 CENTRAL,429,,,
Joe Donnelly,U.S. Senate,,D,Hancock,G-4 CENTRAL,184,,,
Lucy M Brenton,U.S. Senate,,L,Hancock,G-4 CENTRAL,40,,,
Write in,U.S. Senate,,,Hancock,G-4 CENTRAL,0,,,
Connie Lawson,Secretary of State,,R,Hancock,G-4 CENTRAL,458,,,
Jim Harper,Secretary of State,,D,Hancock,G-4 CENTRAL,150,,,
Mark W. Rutherford,Secretary of State,,L,Hancock,G-4 CENTRAL,34,,,
Write in,Secretary of State,,,Hancock,G-4 CENTRAL,0,,,
Tera Klutz,Auditor of State,,R,Hancock,G-4 CENTRAL,455,,,
Joselyn Whitticker,Auditor of State,,D,Hancock,G-4 CENTRAL,150,,,
John Schick,Auditor of State,,L,Hancock,G-4 CENTRAL,32,,,
Kelly Mitchell,Treasurer of State,,R,Hancock,G-4 CENTRAL,475,,,
John C. Aguilera,Treasurer of State,,D,Hancock,G-4 CENTRAL,150,,,
Greg Pence,US House,,R,Hancock,G-4 CENTRAL,451,,,
Jeannine Lee Lake,US House,,D,Hancock,G-4 CENTRAL,171,,,
Tom Ferkinhoff,US House,,L,Hancock,G-4 CENTRAL,30,,,
Write in,US House,,,Hancock,G-4 CENTRAL,0,,,
"Robert ""Bob"" Cherry ",State Representative,53,R,Hancock,G-4 CENTRAL,462,,,
Nancy Tibbett,State Representative,53,D,Hancock,G-4 CENTRAL,183,,,
,Registered Voters,,,Hancock,G-5 NORTH,1225,,,
,Ballots Cast,,,Hancock,G-5 NORTH,506,,,
,Straight Party,,R,Hancock,G-5 NORTH,191,,,
,Straight Party,,D,Hancock,G-5 NORTH,59,,,
,Straight Party,,L,Hancock,G-5 NORTH,0,,,
Mike Braun,U.S. Senate,,R,Hancock,G-5 NORTH,311,,,
Joe Donnelly,U.S. Senate,,D,Hancock,G-5 NORTH,154,,,
Lucy M Brenton,U.S. Senate,,L,Hancock,G-5 NORTH,37,,,
Write in,U.S. Senate,,,Hancock,G-5 NORTH,1,,,
Connie Lawson,Secretary of State,,R,Hancock,G-5 NORTH,353,,,
Jim Harper,Secretary of State,,D,Hancock,G-5 NORTH,123,,,
Mark W. Rutherford,Secretary of State,,L,Hancock,G-5 NORTH,17,,,
Write in,Secretary of State,,,Hancock,G-5 NORTH,0,,,
Tera Klutz,Auditor of State,,R,Hancock,G-5 NORTH,343,,,
Joselyn Whitticker,Auditor of State,,D,Hancock,G-5 NORTH,129,,,
John Schick,Auditor of State,,L,Hancock,G-5 NORTH,17,,,
Kelly Mitchell,Treasurer of State,,R,Hancock,G-5 NORTH,358,,,
John C. Aguilera,Treasurer of State,,D,Hancock,G-5 NORTH,131,,,
Greg Pence,US House,,R,Hancock,G-5 NORTH,346,,,
Jeannine Lee Lake,US House,,D,Hancock,G-5 NORTH,137,,,
Tom Ferkinhoff,US House,,L,Hancock,G-5 NORTH,19,,,
Write in,US House,,,Hancock,G-5 NORTH,1,,,
"Robert ""Bob"" Cherry ",State Representative,53,R,Hancock,G-5 NORTH,358,,,
Nancy Tibbett,State Representative,53,D,Hancock,G-5 NORTH,135,,,
,Registered Voters,,,Hancock,G-5 SOUTH,1400,,,
,Ballots Cast,,,Hancock,G-5 SOUTH,847,,,
,Straight Party,,R,Hancock,G-5 SOUTH,303,,,
,Straight Party,,D,Hancock,G-5 SOUTH,76,,,
,Straight Party,,L,Hancock,G-5 SOUTH,4,,,
Mike Braun,U.S. Senate,,R,Hancock,G-5 SOUTH,560,,,
Joe Donnelly,U.S. Senate,,D,Hancock,G-5 SOUTH,242,,,
Lucy M Brenton,U.S. Senate,,L,Hancock,G-5 SOUTH,42,,,
Write in,U.S. Senate,,,Hancock,G-5 SOUTH,0,,,
Connie Lawson,Secretary of State,,R,Hancock,G-5 SOUTH,631,,,
Jim Harper,Secretary of State,,D,Hancock,G-5 SOUTH,181,,,
Mark W. Rutherford,Secretary of State,,L,Hancock,G-5 SOUTH,22,,,
Write in,Secretary of State,,,Hancock,G-5 SOUTH,0,,,
Tera Klutz,Auditor of State,,R,Hancock,G-5 SOUTH,611,,,
Joselyn Whitticker,Auditor of State,,D,Hancock,G-5 SOUTH,191,,,
John Schick,Auditor of State,,L,Hancock,G-5 SOUTH,26,,,
Kelly Mitchell,Treasurer of State,,R,Hancock,G-5 SOUTH,645,,,
John C. Aguilera,Treasurer of State,,D,Hancock,G-5 SOUTH,181,,,
Greg Pence,US House,,R,Hancock,G-5 SOUTH,593,,,
Jeannine Lee Lake,US House,,D,Hancock,G-5 SOUTH,217,,,
Tom Ferkinhoff,US House,,L,Hancock,G-5 SOUTH,26,,,
Write in,US House,,,Hancock,G-5 SOUTH,0,,,
"Robert ""Bob"" Cherry ",State Representative,53,R,Hancock,G-5 SOUTH,633,,,
Nancy Tibbett,State Representative,53,D,Hancock,G-5 SOUTH,198,,,
,Registered Voters,,,Hancock,GREEN 1,1354,,,
,Ballots Cast,,,Hancock,GREEN 1,774,,,
,Straight Party,,R,Hancock,GREEN 1,282,,,
,Straight Party,,D,Hancock,GREEN 1,76,,,
,Straight Party,,L,Hancock,GREEN 1,0,,,
Mike Braun,U.S. Senate,,R,Hancock,GREEN 1,526,,,
Joe Donnelly,U.S. Senate,,D,Hancock,GREEN 1,208,,,
Lucy M Brenton,U.S. Senate,,L,Hancock,GREEN 1,38,,,
Write in,U.S. Senate,,,Hancock,GREEN 1,0,,,
Connie Lawson,Secretary of State,,R,Hancock,GREEN 1,593,,,
Jim Harper,Secretary of State,,D,Hancock,GREEN 1,148,,,
Mark W. Rutherford,Secretary of State,,L,Hancock,GREEN 1,27,,,
Write in,Secretary of State,,,Hancock,GREEN 1,0,,,
Tera Klutz,Auditor of State,,R,Hancock,GREEN 1,577,,,
Joselyn Whitticker,Auditor of State,,D,Hancock,GREEN 1,150,,,
John Schick,Auditor of State,,L,Hancock,GREEN 1,34,,,
Kelly Mitchell,Treasurer of State,,R,Hancock,GREEN 1,600,,,
John C. Aguilera,Treasurer of State,,D,Hancock,GREEN 1,159,,,
Greg Pence,US House,,R,Hancock,GREEN 1,571,,,
Jeannine Lee Lake,US House,,D,Hancock,GREEN 1,173,,,
Tom Ferkinhoff,US House,,L,Hancock,GREEN 1,26,,,
Write in,US House,,,Hancock,GREEN 1,0,,,
"Robert ""Bob"" Cherry ",State Representative,53,R,Hancock,GREEN 1,580,,,
Nancy Tibbett,State Representative,53,D,Hancock,GREEN 1,183,,,
,Registered Voters,,,Hancock,JACKSON 1,1341,,,
,Ballots Cast,,,Hancock,JACKSON 1,745,,,
,Straight Party,,R,Hancock,JACKSON 1,226,,,
,Straight Party,,D,Hancock,JACKSON 1,57,,,
,Straight Party,,L,Hancock,JACKSON 1,1,,,
Mike Braun,U.S. Senate,,R,Hancock,JACKSON 1,522,,,
Joe Donnelly,U.S. Senate,,D,Hancock,JACKSON 1,178,,,
Lucy M Brenton,U.S. Senate,,L,Hancock,JACKSON 1,37,,,
Write in,U.S. Senate,,,Hancock,JACKSON 1,0,,,
Connie Lawson,Secretary of State,,R,Hancock,JACKSON 1,567,,,
Jim Harper,Secretary of State,,D,Hancock,JACKSON 1,137,,,
Mark W. Rutherford,Secretary of State,,L,Hancock,JACKSON 1,22,,,
Write in,Secretary of State,,,Hancock,JACKSON 1,0,,,
Tera Klutz,Auditor of State,,R,Hancock,JACKSON 1,547,,,
Joselyn Whitticker,Auditor of State,,D,Hancock,JACKSON 1,140,,,
John Schick,Auditor of State,,L,Hancock,JACKSON 1,33,,,
Kelly Mitchell,Treasurer of State,,R,Hancock,JACKSON 1,579,,,
John C. Aguilera,Treasurer of State,,D,Hancock,JACKSON 1,139,,,
Greg Pence,US House,,R,Hancock,JACKSON 1,539,,,
Jeannine Lee Lake,US House,,D,Hancock,JACKSON 1,168,,,
Tom Ferkinhoff,US House,,L,Hancock,JACKSON 1,27,,,
Write in,US House,,,Hancock,JACKSON 1,0,,,
"Robert ""Bob"" Cherry ",State Representative,53,R,Hancock,JACKSON 1,576,,,
Nancy Tibbett,State Representative,53,D,Hancock,JACKSON 1,148,,,
,Registered Voters,,,Hancock,M-1,1783,,,
,Ballots Cast,,,Hancock,M-1,1099,,,
,Straight Party,,R,Hancock,M-1,435,,,
,Straight Party,,D,Hancock,M-1,229,,,
,Straight Party,,L,Hancock,M-1,2,,,
Mike Braun,U.S. Senate,,R,Hancock,M-1,621,,,
Joe Donnelly,U.S. Senate,,D,Hancock,M-1,438,,,
Lucy M Brenton,U.S. Senate,,L,Hancock,M-1,38,,,
Write in,U.S. Senate,,,Hancock,M-1,1,,,
Connie Lawson,Secretary of State,,R,Hancock,M-1,684,,,
Jim Harper,Secretary of State,,D,Hancock,M-1,372,,,
Mark W. Rutherford,Secretary of State,,L,Hancock,M-1,34,,,
Write in,Secretary of State,,,Hancock,M-1,1,,,
Tera Klutz,Auditor of State,,R,Hancock,M-1,664,,,
Joselyn Whitticker,Auditor of State,,D,Hancock,M-1,374,,,
John Schick,Auditor of State,,L,Hancock,M-1,40,,,
Kelly Mitchell,Treasurer of State,,R,Hancock,M-1,707,,,
John C. Aguilera,Treasurer of State,,D,Hancock,M-1,368,,,
Greg Pence,US House,,R,Hancock,M-1,645,,,
Jeannine Lee Lake,US House,,D,Hancock,M-1,411,,,
Tom Ferkinhoff,US House,,L,Hancock,M-1,34,,,
Write in,US House,,,Hancock,M-1,0,,,
Brian C Bosma,State Representative,88,R,Hancock,M-1,644,,,
Poonam Gill ,State Representative,88,D,Hancock,M-1,446,,,
,Registered Voters,,,Hancock,M-1 SOUTHEAST,1565,,,
,Ballots Cast,,,Hancock,M-1 SOUTHEAST,957,,,
,Straight Party,,R,Hancock,M-1 SOUTHEAST,308,,,
,Straight Party,,D,Hancock,M-1 SOUTHEAST,276,,,
,Straight Party,,L,Hancock,M-1 SOUTHEAST,0,,,
Mike Braun,U.S. Senate,,R,Hancock,M-1 SOUTHEAST,438,,,
Joe Donnelly,U.S. Senate,,D,Hancock,M-1 SOUTHEAST,478,,,
Lucy M Brenton,U.S. Senate,,L,Hancock,M-1 SOUTHEAST,37,,,
Write in,U.S. Senate,,,Hancock,M-1 SOUTHEAST,0,,,
Connie Lawson,Secretary of State,,R,Hancock,M-1 SOUTHEAST,499,,,
Jim Harper,Secretary of State,,D,Hancock,M-1 SOUTHEAST,417,,,
Mark W. Rutherford,Secretary of State,,L,Hancock,M-1 SOUTHEAST,32,,,
Write in,Secretary of State,,,Hancock,M-1 SOUTHEAST,0,,,
Tera Klutz,Auditor of State,,R,Hancock,M-1 SOUTHEAST,507,,,
Joselyn Whitticker,Auditor of State,,D,Hancock,M-1 SOUTHEAST,405,,,
John Schick,Auditor of State,,L,Hancock,M-1 SOUTHEAST,31,,,
Kelly Mitchell,Treasurer of State,,R,Hancock,M-1 SOUTHEAST,528,,,
John C. Aguilera,Treasurer of State,,D,Hancock,M-1 SOUTHEAST,417,,,
Greg Pence,US House,,R,Hancock,M-1 SOUTHEAST,476,,,
Jeannine Lee Lake,US House,,D,Hancock,M-1 SOUTHEAST,448,,,
Tom Ferkinhoff,US House,,L,Hancock,M-1 SOUTHEAST,25,,,
Write in,US House,,,Hancock,M-1 SOUTHEAST,1,,,
Brian C Bosma,State Representative,88,R,Hancock,M-1 SOUTHEAST,462,,,
Poonam Gill ,State Representative,88,D,Hancock,M-1 SOUTHEAST,488,,,
,Registered Voters,,,Hancock,M-2,1327,,,
,Ballots Cast,,,Hancock,M-2,647,,,
,Straight Party,,R,Hancock,M-2,199,,,
,Straight Party,,D,Hancock,M-2,205,,,
,Straight Party,,L,Hancock,M-2,2,,,
Mike Braun,U.S. Senate,,R,Hancock,M-2,294,,,
Joe Donnelly,U.S. Senate,,D,Hancock,M-2,325,,,
Lucy M Brenton,U.S. Senate,,L,Hancock,M-2,28,,,
Write in,U.S. Senate,,,Hancock,M-2,0,,,
Connie Lawson,Secretary of State,,R,Hancock,M-2,322,,,
Jim Harper,Secretary of State,,D,Hancock,M-2,292,,,
Mark W. Rutherford,Secretary of State,,L,Hancock,M-2,24,,,
Write in,Secretary of State,,,Hancock,M-2,1,,,
Tera Klutz,Auditor of State,,R,Hancock,M-2,310,,,
Joselyn Whitticker,Auditor of State,,D,Hancock,M-2,294,,,
John Schick,Auditor of State,,L,Hancock,M-2,32,,,
Kelly Mitchell,Treasurer of State,,R,Hancock,M-2,336,,,
John C. Aguilera,Treasurer of State,,D,Hancock,M-2,299,,,
Greg Pence,US House,,R,Hancock,M-2,309,,,
Jeannine Lee Lake,US House,,D,Hancock,M-2,314,,,
Tom Ferkinhoff,US House,,L,Hancock,M-2,23,,,
Write in,US House,,,Hancock,M-2,0,,,
Brian C Bosma,State Representative,88,R,Hancock,M-2,297,,,
Poonam Gill ,State Representative,88,D,Hancock,M-2,347,,,
,Registered Voters,,,Hancock,SUGAR CREEK 1-E,462,,,
,Ballots Cast,,,Hancock,SUGAR CREEK 1-E,277,,,
,Straight Party,,R,Hancock,SUGAR CREEK 1-E,116,,,
,Straight Party,,D,Hancock,SUGAR CREEK 1-E,24,,,
,Straight Party,,L,Hancock,SUGAR CREEK 1-E,1,,,
Mike Braun,U.S. Senate,,R,Hancock,SUGAR CREEK 1-E,180,,,
Joe Donnelly,U.S. Senate,,D,Hancock,SUGAR CREEK 1-E,86,,,
Lucy M Brenton,U.S. Senate,,L,Hancock,SUGAR CREEK 1-E,11,,,
Write in,U.S. Senate,,,Hancock,SUGAR CREEK 1-E,0,,,
Connie Lawson,Secretary of State,,R,Hancock,SUGAR CREEK 1-E,202,,,
Jim Harper,Secretary of State,,D,Hancock,SUGAR CREEK 1-E,65,,,
Mark W. Rutherford,Secretary of State,,L,Hancock,SUGAR CREEK 1-E,7,,,
Write in,Secretary of State,,,Hancock,SUGAR CREEK 1-E,0,,,
Tera Klutz,Auditor of State,,R,Hancock,SUGAR CREEK 1-E,196,,,
Joselyn Whitticker,Auditor of State,,D,Hancock,SUGAR CREEK 1-E,62,,,
John Schick,Auditor of State,,L,Hancock,SUGAR CREEK 1-E,11,,,
Kelly Mitchell,Treasurer of State,,R,Hancock,SUGAR CREEK 1-E,197,,,
John C. Aguilera,Treasurer of State,,D,Hancock,SUGAR CREEK 1-E,70,,,
Greg Pence,US House,,R,Hancock,SUGAR CREEK 1-E,191,,,
Jeannine Lee Lake,US House,,D,Hancock,SUGAR CREEK 1-E,77,,,
Tom Ferkinhoff,US House,,L,Hancock,SUGAR CREEK 1-E,7,,,
Write in,US House,,,Hancock,SUGAR CREEK 1-E,0,,,
Sean R Eberhart,State Representative,57,R,Hancock,SUGAR CREEK 1-E,228,,,
,Registered Voters,,,Hancock,SUGAR CREEK 1-W,1262,,,
,Ballots Cast,,,Hancock,SUGAR CREEK 1-W,832,,,
,Straight Party,,R,Hancock,SUGAR CREEK 1-W,343,,,
,Straight Party,,D,Hancock,SUGAR CREEK 1-W,109,,,
,Straight Party,,L,Hancock,SUGAR CREEK 1-W,0,,,
Mike Braun,U.S. Senate,,R,Hancock,SUGAR CREEK 1-W,534,,,
Joe Donnelly,U.S. Senate,,D,Hancock,SUGAR CREEK 1-W,268,,,
Lucy M Brenton,U.S. Senate,,L,Hancock,SUGAR CREEK 1-W,25,,,
Write in,U.S. Senate,,,Hancock,SUGAR CREEK 1-W,1,,,
Connie Lawson,Secretary of State,,R,Hancock,SUGAR CREEK 1-W,583,,,
Jim Harper,Secretary of State,,D,Hancock,SUGAR CREEK 1-W,212,,,
Mark W. Rutherford,Secretary of State,,L,Hancock,SUGAR CREEK 1-W,23,,,
Write in,Secretary of State,,,Hancock,SUGAR CREEK 1-W,0,,,
Tera Klutz,Auditor of State,,R,Hancock,SUGAR CREEK 1-W,562,,,
Joselyn Whitticker,Auditor of State,,D,Hancock,SUGAR CREEK 1-W,219,,,
John Schick,Auditor of State,,L,Hancock,SUGAR CREEK 1-W,22,,,
Kelly Mitchell,Treasurer of State,,R,Hancock,SUGAR CREEK 1-W,587,,,
John C. Aguilera,Treasurer of State,,D,Hancock,SUGAR CREEK 1-W,222,,,
Greg Pence,US House,,R,Hancock,SUGAR CREEK 1-W,549,,,
Jeannine Lee Lake,US House,,D,Hancock,SUGAR CREEK 1-W,253,,,
Tom Ferkinhoff,US House,,L,Hancock,SUGAR CREEK 1-W,23,,,
Write in,US House,,,Hancock,SUGAR CREEK 1-W,0,,,
Sean R Eberhart,State Representative,57,R,Hancock,SUGAR CREEK 1-W,644,,,
,Registered Voters,,,Hancock,SUGAR CREEK 2,1700,,,
,Ballots Cast,,,Hancock,SUGAR CREEK 2,1025,,,
,Straight Party,,R,Hancock,SUGAR CREEK 2,406,,,
,Straight Party,,D,Hancock,SUGAR CREEK 2,132,,,
,Straight Party,,L,Hancock,SUGAR CREEK 2,1,,,
Mike Braun,U.S. Senate,,R,Hancock,SUGAR CREEK 2,637,,,
Joe Donnelly,U.S. Senate,,D,Hancock,SUGAR CREEK 2,341,,,
Lucy M Brenton,U.S. Senate,,L,Hancock,SUGAR CREEK 2,37,,,
Write in,U.S. Senate,,,Hancock,SUGAR CREEK 2,0,,,
Connie Lawson,Secretary of State,,R,Hancock,SUGAR CREEK 2,723,,,
Jim Harper,Secretary of State,,D,Hancock,SUGAR CREEK 2,253,,,
Mark W. Rutherford,Secretary of State,,L,Hancock,SUGAR CREEK 2,34,,,
Write in,Secretary of State,,,Hancock,SUGAR CREEK 2,1,,,
Tera Klutz,Auditor of State,,R,Hancock,SUGAR CREEK 2,707,,,
Joselyn Whitticker,Auditor of State,,D,Hancock,SUGAR CREEK 2,262,,,
John Schick,Auditor of State,,L,Hancock,SUGAR CREEK 2,34,,,
Kelly Mitchell,Treasurer of State,,R,Hancock,SUGAR CREEK 2,737,,,
John C. Aguilera,Treasurer of State,,D,Hancock,SUGAR CREEK 2,260,,,
Greg Pence,US House,,R,Hancock,SUGAR CREEK 2,682,,,
Jeannine Lee Lake,US House,,D,Hancock,SUGAR CREEK 2,298,,,
Tom Ferkinhoff,US House,,L,Hancock,SUGAR CREEK 2,33,,,
Write in,US House,,,Hancock,SUGAR CREEK 2,1,,,
"Robert ""Bob"" Cherry ",State Representative,53,R,Hancock,SUGAR CREEK 2,721,,,
Nancy Tibbett,State Representative,53,D,Hancock,SUGAR CREEK 2,286,,,
,Registered Voters,,,Hancock,SUGAR CREEK 3,1065,,,
,Ballots Cast,,,Hancock,SUGAR CREEK 3,594,,,
,Straight Party,,R,Hancock,SUGAR CREEK 3,240,,,
,Straight Party,,D,Hancock,SUGAR CREEK 3,64,,,
,Straight Party,,L,Hancock,SUGAR CREEK 3,1,,,
Mike Braun,U.S. Senate,,R,Hancock,SUGAR CREEK 3,391,,,
Joe Donnelly,U.S. Senate,,D,Hancock,SUGAR CREEK 3,168,,,
Lucy M Brenton,U.S. Senate,,L,Hancock,SUGAR CREEK 3,30,,,
Write in,U.S. Senate,,,Hancock,SUGAR CREEK 3,0,,,
Connie Lawson,Secretary of State,,R,Hancock,SUGAR CREEK 3,419,,,
Jim Harper,Secretary of State,,D,Hancock,SUGAR CREEK 3,136,,,
Mark W. Rutherford,Secretary of State,,L,Hancock,SUGAR CREEK 3,26,,,
Write in,Secretary of State,,,Hancock,SUGAR CREEK 3,0,,,
Tera Klutz,Auditor of State,,R,Hancock,SUGAR CREEK 3,413,,,
Joselyn Whitticker,Auditor of State,,D,Hancock,SUGAR CREEK 3,140,,,
John Schick,Auditor of State,,L,Hancock,SUGAR CREEK 3,26,,,
Kelly Mitchell,Treasurer of State,,R,Hancock,SUGAR CREEK 3,436,,,
John C. Aguilera,Treasurer of State,,D,Hancock,SUGAR CREEK 3,139,,,
Greg Pence,US House,,R,Hancock,SUGAR CREEK 3,413,,,
Jeannine Lee Lake,US House,,D,Hancock,SUGAR CREEK 3,159,,,
Tom Ferkinhoff,US House,,L,Hancock,SUGAR CREEK 3,15,,,
Write in,US House,,,Hancock,SUGAR CREEK 3,0,,,
"Robert ""Bob"" Cherry ",State Representative,53,R,Hancock,SUGAR CREEK 3,425,,,
Nancy Tibbett,State Representative,53,D,Hancock,SUGAR CREEK 3,151,,,
,Registered Voters,,,Hancock,SUGAR CREEK 4,542,,,
,Ballots Cast,,,Hancock,SUGAR CREEK 4,296,,,
,Straight Party,,R,Hancock,SUGAR CREEK 4,135,,,
,Straight Party,,D,Hancock,SUGAR CREEK 4,30,,,
,Straight Party,,L,Hancock,SUGAR CREEK 4,1,,,
Mike Braun,U.S. Senate,,R,Hancock,SUGAR CREEK 4,210,,,
Joe Donnelly,U.S. Senate,,D,Hancock,SUGAR CREEK 4,74,,,
Lucy M Brenton,U.S. Senate,,L,Hancock,SUGAR CREEK 4,10,,,
Write in,U.S. Senate,,,Hancock,SUGAR CREEK 4,0,,,
Connie Lawson,Secretary of State,,R,Hancock,SUGAR CREEK 4,218,,,
Jim Harper,Secretary of State,,D,Hancock,SUGAR CREEK 4,67,,,
Mark W. Rutherford,Secretary of State,,L,Hancock,SUGAR CREEK 4,6,,,
Write in,Secretary of State,,,Hancock,SUGAR CREEK 4,0,,,
Tera Klutz,Auditor of State,,R,Hancock,SUGAR CREEK 4,218,,,
Joselyn Whitticker,Auditor of State,,D,Hancock,SUGAR CREEK 4,64,,,
John Schick,Auditor of State,,L,Hancock,SUGAR CREEK 4,7,,,
Kelly Mitchell,Treasurer of State,,R,Hancock,SUGAR CREEK 4,223,,,
John C. Aguilera,Treasurer of State,,D,Hancock,SUGAR CREEK 4,65,,,
Greg Pence,US House,,R,Hancock,SUGAR CREEK 4,215,,,
Jeannine Lee Lake,US House,,D,Hancock,SUGAR CREEK 4,71,,,
Tom Ferkinhoff,US House,,L,Hancock,SUGAR CREEK 4,8,,,
Write in,US House,,,Hancock,SUGAR CREEK 4,0,,,
Sean R Eberhart,State Representative,57,R,Hancock,SUGAR CREEK 4,240,,,
,Registered Voters,,,Hancock,SUGAR CREEK 5,891,,,
,Ballots Cast,,,Hancock,SUGAR CREEK 5,510,,,
,Straight Party,,R,Hancock,SUGAR CREEK 5,200,,,
,Straight Party,,D,Hancock,SUGAR CREEK 5,40,,,
,Straight Party,,L,Hancock,SUGAR CREEK 5,0,,,
Mike Braun,U.S. Senate,,R,Hancock,SUGAR CREEK 5,352,,,
Joe Donnelly,U.S. Senate,,D,Hancock,SUGAR CREEK 5,124,,,
Lucy M Brenton,U.S. Senate,,L,Hancock,SUGAR CREEK 5,26,,,
Write in,U.S. Senate,,,Hancock,SUGAR CREEK 5,0,,,
Connie Lawson,Secretary of State,,R,Hancock,SUGAR CREEK 5,393,,,
Jim Harper,Secretary of State,,D,Hancock,SUGAR CREEK 5,93,,,
Mark W. Rutherford,Secretary of State,,L,Hancock,SUGAR CREEK 5,17,,,
Write in,Secretary of State,,,Hancock,SUGAR CREEK 5,1,,,
Tera Klutz,Auditor of State,,R,Hancock,SUGAR CREEK 5,380,,,
Joselyn Whitticker,Auditor of State,,D,Hancock,SUGAR CREEK 5,95,,,
John Schick,Auditor of State,,L,Hancock,SUGAR CREEK 5,24,,,
Kelly Mitchell,Treasurer of State,,R,Hancock,SUGAR CREEK 5,398,,,
John C. Aguilera,Treasurer of State,,D,Hancock,SUGAR CREEK 5,97,,,
Greg Pence,US House,,R,Hancock,SUGAR CREEK 5,375,,,
Jeannine Lee Lake,US House,,D,Hancock,SUGAR CREEK 5,113,,,
Tom Ferkinhoff,US House,,L,Hancock,SUGAR CREEK 5,19,,,
Write in,US House,,,Hancock,SUGAR CREEK 5,0,,,
"Robert ""Bob"" Cherry ",State Representative,53,R,Hancock,SUGAR CREEK 5,391,,,
Nancy Tibbett,State Representative,53,D,Hancock,SUGAR CREEK 5,110,,,
,Registered Voters,,,Hancock,SUGAR CREEK 6,1370,,,
,Ballots Cast,,,Hancock,SUGAR CREEK 6,833,,,
,Straight Party,,R,Hancock,SUGAR CREEK 6,367,,,
,Straight Party,,D,Hancock,SUGAR CREEK 6,106,,,
,Straight Party,,L,Hancock,SUGAR CREEK 6,0,,,
Mike Braun,U.S. Senate,,R,Hancock,SUGAR CREEK 6,541,,,
Joe Donnelly,U.S. Senate,,D,Hancock,SUGAR CREEK 6,265,,,
Lucy M Brenton,U.S. Senate,,L,Hancock,SUGAR CREEK 6,25,,,
Write in,U.S. Senate,,,Hancock,SUGAR CREEK 6,0,,,
Connie Lawson,Secretary of State,,R,Hancock,SUGAR CREEK 6,595,,,
Jim Harper,Secretary of State,,D,Hancock,SUGAR CREEK 6,206,,,
Mark W. Rutherford,Secretary of State,,L,Hancock,SUGAR CREEK 6,21,,,
Write in,Secretary of State,,,Hancock,SUGAR CREEK 6,0,,,
Tera Klutz,Auditor of State,,R,Hancock,SUGAR CREEK 6,587,,,
Joselyn Whitticker,Auditor of State,,D,Hancock,SUGAR CREEK 6,210,,,
John Schick,Auditor of State,,L,Hancock,SUGAR CREEK 6,22,,,
Kelly Mitchell,Treasurer of State,,R,Hancock,SUGAR CREEK 6,606,,,
John C. Aguilera,Treasurer of State,,D,Hancock,SUGAR CREEK 6,209,,,
Greg Pence,US House,,R,Hancock,SUGAR CREEK 6,578,,,
Jeannine Lee Lake,US House,,D,Hancock,SUGAR CREEK 6,232,,,
Tom Ferkinhoff,US House,,L,Hancock,SUGAR CREEK 6,16,,,
Write in,US House,,,Hancock,SUGAR CREEK 6,0,,,
Sean R Eberhart,State Representative,57,R,Hancock,SUGAR CREEK 6,660,,,
,Registered Voters,,,Hancock,SUGAR CREEK 7,1485,,,
,Ballots Cast,,,Hancock,SUGAR CREEK 7,850,,,
,Straight Party,,R,Hancock,SUGAR CREEK 7,335,,,
,Straight Party,,D,Hancock,SUGAR CREEK 7,107,,,
,Straight Party,,L,Hancock,SUGAR CREEK 7,2,,,
Mike Braun,U.S. Senate,,R,Hancock,SUGAR CREEK 7,543,,,
Joe Donnelly,U.S. Senate,,D,Hancock,SUGAR CREEK 7,268,,,
Lucy M Brenton,U.S. Senate,,L,Hancock,SUGAR CREEK 7,36,,,
Write in,U.S. Senate,,,Hancock,SUGAR CREEK 7,1,,,
Connie Lawson,Secretary of State,,R,Hancock,SUGAR CREEK 7,596,,,
Jim Harper,Secretary of State,,D,Hancock,SUGAR CREEK 7,207,,,
Mark W. Rutherford,Secretary of State,,L,Hancock,SUGAR CREEK 7,38,,,
Write in,Secretary of State,,,Hancock,SUGAR CREEK 7,0,,,
Tera Klutz,Auditor of State,,R,Hancock,SUGAR CREEK 7,590,,,
Joselyn Whitticker,Auditor of State,,D,Hancock,SUGAR CREEK 7,212,,,
John Schick,Auditor of State,,L,Hancock,SUGAR CREEK 7,34,,,
Kelly Mitchell,Treasurer of State,,R,Hancock,SUGAR CREEK 7,620,,,
John C. Aguilera,Treasurer of State,,D,Hancock,SUGAR CREEK 7,218,,,
Greg Pence,US House,,R,Hancock,SUGAR CREEK 7,578,,,
Jeannine Lee Lake,US House,,D,Hancock,SUGAR CREEK 7,247,,,
Tom Ferkinhoff,US House,,L,Hancock,SUGAR CREEK 7,20,,,
Write in,US House,,,Hancock,SUGAR CREEK 7,0,,,
"Robert ""Bob"" Cherry ",State Representative,53,R,Hancock,SUGAR CREEK 7,596,,,
Nancy Tibbett,State Representative,53,D,Hancock,SUGAR CREEK 7,244,,,
,Registered Voters,,,Hancock,SUGAR CREEK 8,1477,,,
,Ballots Cast,,,Hancock,SUGAR CREEK 8,846,,,
,Straight Party,,R,Hancock,SUGAR CREEK 8,386,,,
,Straight Party,,D,Hancock,SUGAR CREEK 8,105,,,
,Straight Party,,L,Hancock,SUGAR CREEK 8,3,,,
Mike Braun,U.S. Senate,,R,Hancock,SUGAR CREEK 8,550,,,
Joe Donnelly,U.S. Senate,,D,Hancock,SUGAR CREEK 8,245,,,
Lucy M Brenton,U.S. Senate,,L,Hancock,SUGAR CREEK 8,47,,,
Write in,U.S. Senate,,,Hancock,SUGAR CREEK 8,0,,,
Connie Lawson,Secretary of State,,R,Hancock,SUGAR CREEK 8,603,,,
Jim Harper,Secretary of State,,D,Hancock,SUGAR CREEK 8,199,,,
Mark W. Rutherford,Secretary of State,,L,Hancock,SUGAR CREEK 8,34,,,
Write in,Secretary of State,,,Hancock,SUGAR CREEK 8,1,,,
Tera Klutz,Auditor of State,,R,Hancock,SUGAR CREEK 8,593,,,
Joselyn Whitticker,Auditor of State,,D,Hancock,SUGAR CREEK 8,208,,,
John Schick,Auditor of State,,L,Hancock,SUGAR CREEK 8,33,,,
Kelly Mitchell,Treasurer of State,,R,Hancock,SUGAR CREEK 8,629,,,
John C. Aguilera,Treasurer of State,,D,Hancock,SUGAR CREEK 8,201,,,
Greg Pence,US House,,R,Hancock,SUGAR CREEK 8,583,,,
Jeannine Lee Lake,US House,,D,Hancock,SUGAR CREEK 8,229,,,
Tom Ferkinhoff,US House,,L,Hancock,SUGAR CREEK 8,31,,,
Write in,US House,,,Hancock,SUGAR CREEK 8,0,,,
Sean R Eberhart,State Representative,57,R,Hancock,SUGAR CREEK 8,685,,,
,Registered Voters,,,Hancock,SUGAR CREEK 9,1549,,,
,Ballots Cast,,,Hancock,SUGAR CREEK 9,971,,,
,Straight Party,,R,Hancock,SUGAR CREEK 9,406,,,
,Straight Party,,D,Hancock,SUGAR CREEK 9,85,,,
,Straight Party,,L,Hancock,SUGAR CREEK 9,5,,,
Mike Braun,U.S. Senate,,R,Hancock,SUGAR CREEK 9,669,,,
Joe Donnelly,U.S. Senate,,D,Hancock,SUGAR CREEK 9,256,,,
Lucy M Brenton,U.S. Senate,,L,Hancock,SUGAR CREEK 9,42,,,
Write in,U.S. Senate,,,Hancock,SUGAR CREEK 9,0,,,
Connie Lawson,Secretary of State,,R,Hancock,SUGAR CREEK 9,746,,,
Jim Harper,Secretary of State,,D,Hancock,SUGAR CREEK 9,188,,,
Mark W. Rutherford,Secretary of State,,L,Hancock,SUGAR CREEK 9,26,,,
Write in,Secretary of State,,,Hancock,SUGAR CREEK 9,0,,,
Tera Klutz,Auditor of State,,R,Hancock,SUGAR CREEK 9,716,,,
Joselyn Whitticker,Auditor of State,,D,Hancock,SUGAR CREEK 9,210,,,
John Schick,Auditor of State,,L,Hancock,SUGAR CREEK 9,25,,,
Kelly Mitchell,Treasurer of State,,R,Hancock,SUGAR CREEK 9,750,,,
John C. Aguilera,Treasurer of State,,D,Hancock,SUGAR CREEK 9,193,,,
Greg Pence,US House,,R,Hancock,SUGAR CREEK 9,694,,,
Jeannine Lee Lake,US House,,D,Hancock,SUGAR CREEK 9,231,,,
Tom Ferkinhoff,US House,,L,Hancock,SUGAR CREEK 9,34,,,
Write in,US House,,,Hancock,SUGAR CREEK 9,0,,,
Sean R Eberhart,State Representative,57,R,Hancock,SUGAR CREEK 9,809,,,
,Registered Voters,,,Hancock,V-1,1900,,,
,Ballots Cast,,,Hancock,V-1,1084,,,
,Straight Party,,R,Hancock,V-1,462,,,
,Straight Party,,D,Hancock,V-1,139,,,
,Straight Party,,L,Hancock,V-1,1,,,
Mike Braun,U.S. Senate,,R,Hancock,V-1,731,,,
Joe Donnelly,U.S. Senate,,D,Hancock,V-1,312,,,
Lucy M Brenton,U.S. Senate,,L,Hancock,V-1,38,,,
Write in,U.S. Senate,,,Hancock,V-1,1,,,
Connie Lawson,Secretary of State,,R,Hancock,V-1,782,,,
Jim Harper,Secretary of State,,D,Hancock,V-1,256,,,
Mark W. Rutherford,Secretary of State,,L,Hancock,V-1,35,,,
Write in,Secretary of State,,,Hancock,V-1,1,,,
Tera Klutz,Auditor of State,,R,Hancock,V-1,768,,,
Joselyn Whitticker,Auditor of State,,D,Hancock,V-1,254,,,
John Schick,Auditor of State,,L,Hancock,V-1,50,,,
Kelly Mitchell,Treasurer of State,,R,Hancock,V-1,808,,,
John C. Aguilera,Treasurer of State,,D,Hancock,V-1,262,,,
Greg Pence,US House,,R,Hancock,V-1,755,,,
Jeannine Lee Lake,US House,,D,Hancock,V-1,295,,,
Tom Ferkinhoff,US House,,L,Hancock,V-1,28,,,
Write in,US House,,,Hancock,V-1,0,,,
Brian C Bosma,State Representative,88,R,Hancock,V-1,770,,,
Poonam Gill ,State Representative,88,D,Hancock,V-1,302,,,
,Registered Voters,,,Hancock,V-1 NORTHWEST,183,,,
,Ballots Cast,,,Hancock,V-1 NORTHWEST,110,,,
,Straight Party,,R,Hancock,V-1 NORTHWEST,49,,,
,Straight Party,,D,Hancock,V-1 NORTHWEST,14,,,
,Straight Party,,L,Hancock,V-1 NORTHWEST,0,,,
Mike Braun,U.S. Senate,,R,Hancock,V-1 NORTHWEST,70,,,
Joe Donnelly,U.S. Senate,,D,Hancock,V-1 NORTHWEST,38,,,
Lucy M Brenton,U.S. Senate,,L,Hancock,V-1 NORTHWEST,2,,,
Write in,U.S. Senate,,,Hancock,V-1 NORTHWEST,0,,,
Connie Lawson,Secretary of State,,R,Hancock,V-1 NORTHWEST,81,,,
Jim Harper,Secretary of State,,D,Hancock,V-1 NORTHWEST,28,,,
Mark W. Rutherford,Secretary of State,,L,Hancock,V-1 NORTHWEST,1,,,
Write in,Secretary of State,,,Hancock,V-1 NORTHWEST,0,,,
Tera Klutz,Auditor of State,,R,Hancock,V-1 NORTHWEST,75,,,
Joselyn Whitticker,Auditor of State,,D,Hancock,V-1 NORTHWEST,31,,,
John Schick,Auditor of State,,L,Hancock,V-1 NORTHWEST,4,,,
Kelly Mitchell,Treasurer of State,,R,Hancock,V-1 NORTHWEST,80,,,
John C. Aguilera,Treasurer of State,,D,Hancock,V-1 NORTHWEST,30,,,
Greg Pence,US House,,R,Hancock,V-1 NORTHWEST,72,,,
Jeannine Lee Lake,US House,,D,Hancock,V-1 NORTHWEST,35,,,
Tom Ferkinhoff,US House,,L,Hancock,V-1 NORTHWEST,3,,,
Write in,US House,,,Hancock,V-1 NORTHWEST,0,,,
Brian C Bosma,State Representative,88,R,Hancock,V-1 NORTHWEST,72,,,
Poonam Gill ,State Representative,88,D,Hancock,V-1 NORTHWEST,38,,,
,,,,,,,,,
,,,,,,,,,
,,,,,,,,,
,,,,,,,,,
,,,,,,,,,
,,,,,,,,,
,,,,,,,,,
,,,,,,,,,
,,,,,,,,,
,,,,,,,,,
,,,,,,,,,
,,,,,,,,,
,,,,,,,,,
,,,,,,,,,
,,,,,,,,,
,,,,,,,,,
,,,,,,,,,
,,,,,,,,,
,,,,,,,,,
,,,,,,,,,
,,,,,,,,,
,,,,,,,,,
,,,,,,,,,
,,,,,,,,,