county,office,district,candidate,party,votes
Adams,U.S. House,3,Jay Rigdon,Democratic,0
Adams,U.S. House,3,Paul Helmke,Republican,0
Adams,U.S. House,3,William R. Larsen,Republican,0
Adams,U.S. House,3,Mark E. Souder,Republican,0
Adams,State Senator,19,David C. Ford,Republican,1722
Adams,State House,79,Michael A. Ripley,Republican,2240
Adams,Judge Of The Superior Court,Adams County,James A. Heimann,Democratic,1561
Adams,Judge Of The Superior Court,Adams County,Thomas Wade Sheets,Democratic,1091
Adams,Judge Of The Superior Court,Adams County,Patrick R. Miller,Republican,2259
Adams,Prosecuting Attorney,Adams 26Th Circuit,Christopher E. Harvey,Democratic,2088
Allen,U.S. House,3,Jay Rigdon,Democratic,3687
Allen,U.S. House,3,Paul Helmke,Republican,16859
Allen,U.S. House,3,William R. Larsen,Republican,926
Allen,U.S. House,3,Mark E. Souder,Republican,23848
Allen,State Senator,14,Charles Bud Meeks,Republican,8383
Allen,State Senator,14,David Christopher Roach,Republican,546
Allen,State Senator,14,Thomas J. Wyss,Republican,10494
Allen,State House,50,Daniel J. (Dan) Leonard,Republican,0
Allen,State House,50,Bill Overdeer,Republican,0
Allen,State House,50,Randy Plew,Republican,0
Allen,State House,50,David Dan Welker,Republican,0
Allen,State House,50,Les Alligood,Republican,0
Allen,State House,50,Trisha Gensic,Republican,0
Allen,State House,50,Marlin A. Stutzman,Republican,0
Allen,State House,50,Kevin Howell,Republican,2579
Allen,State House,50,Jeffrey K. Espich,Republican,4858
Allen,State House,50,Mark Wehrle,Republican,2774
Allen,Judge Of The Circuit Court,Allen 38Th,Thomas J. Felts,Republican,25939
Allen,Prosecuting Attorney,Allen 38Th,Mike Loomis,Republican,13767
Allen,Prosecuting Attorney,Allen 38Th,Nikos (Nick) Nakos,Republican,3855
Allen,Prosecuting Attorney,Allen 38Th,Karen Richards,Republican,23760
Bartholomew,U.S. House,6,Melina (Mel) Fox,Democratic,1184
Bartholomew,U.S. House,6,Mike Pence,Republican,3807
Bartholomew,State Senator,41,Robert D. Garton,Republican,5942
Bartholomew,State House,57,John R. Wheeler,Democratic,717
Bartholomew,State House,57,Jay B. Carlin,Republican,864
Bartholomew,State House,57,Roland Stine,Republican,726
Bartholomew,State House,57,Charlie Bourne,Republican,336
Bartholomew,State House,57,David Yount,Republican,3303
Bartholomew,State House,57,Ben Newell,Republican,0
Bartholomew,Judge Of The Superior Court,"Bartholomew County, No. 2",Kathleen (Kitty) Tighe Coriden,Democratic,2256
Bartholomew,Judge Of The Superior Court,"Bartholomew County, No. 2",Roderick D. Mcgillivray,Republican,5120
Bartholomew,Prosecuting Attorney,Bartholomew 9Th Circuit,Joseph R. Koenig,Democratic,2492
Bartholomew,Prosecuting Attorney,Bartholomew 9Th Circuit,William M. Nash,Republican,5369
Benton,U.S. House,4,Tim Baynard,Republican,0
Benton,U.S. House,4,Steve Buyer,Republican,0
Benton,U.S. House,4,Thomas J. Herr,Republican,0
Benton,U.S. House,4,Brian Kerns,Republican,0
Benton,U.S. House,4,Bob Smith,Republican,0
Benton,U.S. House,4,R. Michael Young,Republican,0
Benton,State Senator,6,Sue Landske,Republican,637
Benton,State House,13,Chester F. Dobis,Democratic,0
Benton,State House,13,Anthony S. Azcona,Republican,0
Benton,Judge Of The Circuit Court,Benton 76Th Circuit,Rex Kepner,Republican,718
Benton,Prosecuting Attorney,Benton 76Th Circuit,Jud Barce,Republican,667
Blackford,U.S. House,3,Jay Rigdon,Democratic,0
Blackford,U.S. House,3,Paul Helmke,Republican,0
Blackford,U.S. House,3,William R. Larsen,Republican,0
Blackford,U.S. House,3,Mark E. Souder,Republican,0
Blackford,U.S. House,3,Katherine Fox Carr,Republican,0
Blackford,U.S. House,3,Darin Patrick Griesey,Republican,0
Blackford,U.S. House,3,Jerry Hall,Republican,0
Blackford,U.S. House,3,Dan Burton,Republican,0
Blackford,U.S. House,3,George Thomas Holland,Republican,0
Blackford,State Senator,19,David C. Ford,Republican,872
Blackford,State House,31,S. Gopal (Pal) Raju,Democratic,570
Blackford,State House,31,Dean A. Young,Republican,843
Blackford,State House,31,Richard W. Thornburg,Republican,0
Blackford,Prosecuting Attorney,Blackford 71St Circuit,Kevin N. Basey,Republican,792
Boone,U.S. House,4,Tim Baynard,Republican,157
Boone,U.S. House,4,Steve Buyer,Republican,4372
Boone,U.S. House,4,Thomas J. Herr,Republican,282
Boone,U.S. House,4,Brian Kerns,Republican,1986
Boone,U.S. House,4,Bob Smith,Republican,129
Boone,U.S. House,4,R. Michael Young,Republican,319
Boone,U.S. House,4,Katherine Fox Carr,Republican,0
Boone,U.S. House,4,Darin Patrick Griesey,Republican,0
Boone,U.S. House,4,Jerry Hall,Republican,0
Boone,U.S. House,4,Dan Burton,Republican,0
Boone,U.S. House,4,George Thomas Holland,Republican,0
Boone,State Senator,23,Joseph W. Harrison,Republican,3423
Boone,State House,24,Richard W. (Rich) Mcclain,Republican,0
Boone,Judge Of The Superior Court,"Boone County, No. 1",Matt Kincaid,Republican,4540
Boone,Judge Of The Superior Court,"Boone County, No. 1",Paul S. Petticrew,Republican,2958
Boone,Judge Of The Superior Court,"Boone County, No. 1",Eileen Sims,Republican,2801
Boone,Prosecuting Attorney,Boone 20Th Circuit,John B. Buchanan,Republican,5897
Brown,U.S. House,9,Baron P. Hill,Democratic,1314
Brown,U.S. House,9,Jeff Ellington,Republican,339
Brown,U.S. House,9,David Fowler,Republican,154
Brown,U.S. House,9,Chris Redmon,Republican,583
Brown,U.S. House,9,Mike Sodrel,Republican,524
Brown,State House,65,David Rhum,Democratic,1071
Brown,State House,65,R. Dale Cassiday,Republican,766
Brown,State House,65,Darin Kinser,Republican,84
Brown,State House,65,Eric Allan Koch,Republican,513
Brown,State House,65,Michael W. Patton,Republican,135
Brown,State House,65,H. Jay Walton,Republican,71
Brown,Prosecuting Attorney,Brown 88Th Circuit,Jim Oliver,Democratic,1208
Brown,Prosecuting Attorney,Brown 88Th Circuit,James T. Roberts,Republican,1398
Carroll,U.S. House,4,Tim Baynard,Republican,0
Carroll,U.S. House,4,Steve Buyer,Republican,0
Carroll,U.S. House,4,Thomas J. Herr,Republican,0
Carroll,U.S. House,4,Brian Kerns,Republican,0
Carroll,U.S. House,4,Bob Smith,Republican,0
Carroll,U.S. House,4,R. Michael Young,Republican,0
Carroll,State House,25,Jeb Bardon,Democratic,0
Carroll,State House,25,Tom (Red) Taylor,Republican,0
Carroll,Judge Of The Circuit Court,Carroll 74Th Circuit,Joseph W. Carey,Republican,1717
Carroll,Judge Of The Circuit Court,Carroll 74Th Circuit,Don Currie,Republican,855
Carroll,Judge Of The Superior Court,Carroll County,Jeffrey R. Smith,Republican,2119
Carroll,Prosecuting Attorney,Carroll 74Th Circuit,James R. Huffer,Democratic,697
Carroll,Prosecuting Attorney,Carroll 74Th Circuit,Robert T. Ives,Republican,2023
Cass,U.S. House,4,Tim Baynard,Republican,0
Cass,U.S. House,4,Steve Buyer,Republican,0
Cass,U.S. House,4,Thomas J. Herr,Republican,0
Cass,U.S. House,4,Brian Kerns,Republican,0
Cass,U.S. House,4,Bob Smith,Republican,0
Cass,U.S. House,4,R. Michael Young,Republican,0
Cass,State House,23,William C. Friend,Republican,0
Cass,State House,23,Tom (Red) Taylor,Republican,0
Cass,Prosecuting Attorney,Cass 29Th Circuit,James H. Austen,Democratic,1131
Cass,Prosecuting Attorney,Cass 29Th Circuit,Kevin S. Enyeart,Republican,2480
Clark,U.S. House,9,Baron P. Hill,Democratic,6392
Clark,U.S. House,9,Jeff Ellington,Republican,134
Clark,U.S. House,9,David Fowler,Republican,92
Clark,U.S. House,9,Chris Redmon,Republican,225
Clark,U.S. House,9,Mike Sodrel,Republican,1646
Clark,State Senator,45,"James (Jim) A. Lewis, Jr.",Democratic,3508
Clark,State Senator,45,Walter H. Schulz,Republican,693
Clark,State House,66,Terry Goodin,Democratic,1236
Clark,State House,66,Tom Powers,Republican,407
Clark,State House,66,Charles A. (Tony) Singleton,Republican,1007
Clark,Judge Of The Superior Court,"Clark County, No. 2",Cecile (Cile) A. Blau,Democratic,5293
Clark,Prosecuting Attorney,"Clark 4Th Circt, No. 1",Steven D. Stewart,Democratic,5355
Clay,U.S. House,8,Michael Graf,Democratic,625
Clay,U.S. House,8,Bryan Hartke,Democratic,1447
Clay,U.S. House,8,John N. Hostettler,Republican,2201
Clay,State Senator,38,Mark Blade,Democratic,0
Clay,State Senator,38,Ed Ping,Democratic,0
Clay,State Senator,38,Timothy D. (Tim) Skinner,Democratic,0
Clay,State Senator,38,Jerry B. Mcmullen,Republican,0
Clay,State Senator,38,John M. Waterman,Republican,645
Clay,State House,42,F. Dale Grubb,Democratic,0
Clay,State House,42,Steve Bales,Republican,0
Clay,State House,42,Patti Smith,Republican,0
Clay,State House,42,Richard W. Haynes Ii,Republican,177
Clay,State House,42,Andrew P. Thomas,Republican,1288
Clay,State House,42,R. Brooks Laplante,Republican,304
Clay,Prosecuting Attorney,Clay 13Th Circuit,David O. Thomas,Republican,2255
Clinton,U.S. House,4,Tim Baynard,Republican,80
Clinton,U.S. House,4,Steve Buyer,Republican,2694
Clinton,U.S. House,4,Thomas J. Herr,Republican,119
Clinton,U.S. House,4,Brian Kerns,Republican,915
Clinton,U.S. House,4,Bob Smith,Republican,72
Clinton,U.S. House,4,R. Michael Young,Republican,202
Clinton,State Senator,21,Jeff Drozda,Republican,0
Clinton,State Senator,21,Steven R. Johnson,Republican,0
Clinton,State House,25,Jeb Bardon,Democratic,0
Clinton,State House,25,Tom (Red) Taylor,Republican,0
Clinton,Judge Of The Superior Court,Clinton County,Kathy R. Smith,Republican,3139
Clinton,Prosecuting Attorney,Clinton 45Th Circuit,Louis D. Evans,Democratic,1039
Crawford,U.S. House,8,Michael Graf,Democratic,0
Crawford,U.S. House,8,Bryan Hartke,Democratic,0
Crawford,U.S. House,8,John N. Hostettler,Republican,0
Crawford,U.S. House,8,Jeff Ellington,Republican,40
Crawford,U.S. House,8,David Fowler,Republican,75
Crawford,U.S. House,8,Chris Redmon,Republican,86
Crawford,U.S. House,8,Mike Sodrel,Republican,242
Crawford,State Senator,47,"Richard D. Young, Jr.",Democratic,1920
Crawford,State Senator,47,Christopher L. Byrd,Republican,350
Crawford,State House,74,Russ Stilwell,Democratic,0
Crawford,Prosecuting Attorney,Crawford 77Th Circuit,Jimmie L. Montgomery,Democratic,1287
Crawford,Prosecuting Attorney,Crawford 77Th Circuit,Lester V. Shelton,Democratic,695
Crawford,Prosecuting Attorney,Crawford 77Th Circuit,Brent Welke,Democratic,481
Crawford,Prosecuting Attorney,Crawford 77Th Circuit,Dewayne H. Gofourth,Republican,134
Crawford,Prosecuting Attorney,Crawford 77Th Circuit,Steven L. Owen,Republican,333
Daviess,U.S. House,8,Michael Graf,Democratic,272
Daviess,U.S. House,8,Bryan Hartke,Democratic,717
Daviess,U.S. House,8,John N. Hostettler,Republican,2321
Daviess,State Senator,39,Phil Croft,Democratic,216
Daviess,State Senator,39,John M. Waterman,Republican,648
Daviess,State House,45,Alan B. Chowning,Democratic,43
Daviess,State House,45,Walter S. (Wally) Cullen,Democratic,149
Daviess,State House,45,Bruce A. Borders,Republican,382
Daviess,State House,45,Baron L. Brocksmith,Republican,341
Daviess,State House,45,Carter G. Phegley,Republican,27
Daviess,State House,45,Donald O. Patton,Republican,0
Daviess,Judge Of The Circuit Court,Daviess 49Th Circuit,Robert L. Arthur,Republican,2161
Daviess,Judge Of The Superior Court,Daviess County,Jeffrey R. (Jeff) Norris,Democratic,838
Daviess,Judge Of The Superior Court,Daviess County,Dean A. Sobecki,Republican,1759
Daviess,Prosecuting Attorney,Daviess 49Th Circuit,Daniel M. (Dan) Steiner,Democratic,834
Daviess,Prosecuting Attorney,Daviess 49Th Circuit,G. Byron Overton,Republican,1937
Dearborn,U.S. House,6,Melina (Mel) Fox,Democratic,90
Dearborn,U.S. House,6,Mike Pence,Republican,645
Dearborn,State Senator,27,Allen E. Paul,Republican,0
Dearborn,State House,67,Cleo Duncan,Republican,0
Dearborn,State House,67,John R. Keeton,Republican,1612
Dearborn,Judge Of The Superior Court,Dearborn County No. 1,G. Michael Witte,Republican,2492
Dearborn,Prosecuting Attorney,Dearborn/Ohio 7Th Cir.,Sally A. Blankenship,Republican,2548
Decatur,U.S. House,6,Melina (Mel) Fox,Democratic,327
Decatur,U.S. House,6,Mike Pence,Republican,2242
Decatur,State Senator,43,Johnny Nugent,Republican,0
Decatur,State House,55,David L. Nicholson,Democratic,0
Decatur,State House,55,Robert Hoffman,Republican,0
Decatur,Judge Of The Superior Court,Decatur County,W. Michael Wilke,Democratic,295
Decatur,Prosecuting Attorney,Decatur 69Th Circuit,William O. Smith,Democratic,297
DeKalb,U.S. House,3,Jay Rigdon,Democratic,645
DeKalb,U.S. House,3,Paul Helmke,Republican,2309
DeKalb,U.S. House,3,William R. Larsen,Republican,237
DeKalb,U.S. House,3,Mark E. Souder,Republican,3889
DeKalb,State Senator,14,Charles Bud Meeks,Republican,5030
DeKalb,State House,52,W. Dale Sturtz,Democratic,172
DeKalb,State House,52,Les Alligood,Republican,181
DeKalb,State House,52,Trisha Gensic,Republican,242
DeKalb,State House,52,Marlin A. Stutzman,Republican,346
DeKalb,Judge Of The Superior Court,"Dekalb County, Court 1",Kevin P. Wallace,Democratic,697
DeKalb,Prosecuting Attorney,Dekalb 75Th Circuit,Monte L. Brown,Republican,5320
Delaware,U.S. House,6,Melina (Mel) Fox,Democratic,9496
Delaware,U.S. House,6,Mike Pence,Republican,7397
Delaware,State Senator,25,Tim Lanane,Democratic,0
Delaware,State Senator,25,Leon Dixon,Democratic,2243
Delaware,State Senator,25,Andrew S. Phipps,Republican,6017
Delaware,State House,31,S. Gopal (Pal) Raju,Democratic,0
Delaware,State House,31,Dean A. Young,Republican,0
Delaware,State House,31,Richard W. Thornburg,Republican,852
Delaware,State House,31,Tom L. Bennington,Republican,1816
Delaware,State House,31,Brad D. Steele,Republican,2233
Delaware,Judge Of The Circuit Court,Delaware Ct. 346Th Cir.,"Robert L. Barnet, Jr.",Democratic,9341
Delaware,Judge Of The Circuit Court,Delaware Ct. 346Th Cir.,Linda Ralu Wolf,Democratic,7673
Delaware,Judge Of The Circuit Court,Delaware Ct. 346Th Cir.,John M. Feick,Republican,6453
Delaware,Judge Of The Circuit Court,Delaware Ct. 346Th Cir.,Brian M. Fitzwater,Republican,5289
Delaware,Prosecuting Attorney,Delaware Ct. 246Th Cir.,Richard W. (Rick) Reed,Democratic,8598
Dubois,U.S. House,8,Michael Graf,Democratic,0
Dubois,U.S. House,8,Bryan Hartke,Democratic,0
Dubois,U.S. House,8,John N. Hostettler,Republican,0
Dubois,State Senator,47,"Richard D. Young, Jr.",Democratic,801
Dubois,State Senator,47,Christopher L. Byrd,Republican,154
Dubois,State House,63,Dave Crooks,Democratic,1630
Dubois,Judge Of The Circuit Court,Dubois 57Th Circuit,William E. Weikert,Democratic,2835
Dubois,Prosecuting Attorney,Dubois 57Th Circuit,Michael A. Fritch,Democratic,2610
Elkhart,U.S. House,2,William E. Alexa,Democratic,135
Elkhart,U.S. House,2,Kathy Cekanski Farrand,Democratic,119
Elkhart,U.S. House,2,Mark J. Meissner,Democratic,367
Elkhart,U.S. House,2,Steven W. Osborn,Democratic,142
Elkhart,U.S. House,2,Jill Long Thompson,Democratic,1255
Elkhart,U.S. House,2,Chris Chocola,Republican,5985
Elkhart,U.S. House,2,Lewis F. (Farmer) Hass,Republican,1099
Elkhart,State Senator,11,Joe Zakas,Republican,3744
Elkhart,State House,21,Richard W. Mangus,Republican,2764
Elkhart,State House,21,Kyle Hannon,Republican,1507
Elkhart,State House,21,Timothy Neese,Republican,3251
Elkhart,State House,21,Jeffrey K. Espich,Republican,0
Elkhart,Judge Of The Superior Court,"Elkhart County, No. 1",L. Benjamin Pfaff,Republican,14701
Elkhart,Prosecuting Attorney,Elkhart 34Th Circuit,Rosy Meza De Nuttle,Democratic,2484
Elkhart,Prosecuting Attorney,Elkhart 34Th Circuit,Michael A. Christofeno,Republican,7737
Elkhart,Prosecuting Attorney,Elkhart 34Th Circuit,"Curtis T. Hill, Jr.",Republican,11399
Fayette,U.S. House,6,Melina (Mel) Fox,Democratic,1117
Fayette,U.S. House,6,Mike Pence,Republican,1504
Fayette,State Senator,27,Allen E. Paul,Republican,0
Fayette,State House,55,David L. Nicholson,Democratic,1000
Fayette,State House,55,Robert Hoffman,Republican,1665
Fayette,Judge Of The Superior Court,Fayette County,Ronald T. Urdal,Democratic,1140
Fayette,Judge Of The Superior Court,Fayette County,Bette Jo Friend Jones,Republican,1338
Fayette,Prosecuting Attorney,Fayette 73Rd Circuit,Kenneth D. Faw,Democratic,1206
Fayette,Prosecuting Attorney,Fayette 73Rd Circuit,Cynthia E. Crispin,Republican,1137
Fayette,Prosecuting Attorney,Fayette 73Rd Circuit,William H. Kuntz,Republican,952
Floyd,U.S. House,9,Baron P. Hill,Democratic,6264
Floyd,U.S. House,9,Jeff Ellington,Republican,111
Floyd,U.S. House,9,David Fowler,Republican,164
Floyd,U.S. House,9,Chris Redmon,Republican,423
Floyd,U.S. House,9,Mike Sodrel,Republican,2219
Floyd,State Senator,46,Connie Weigleb Sipes,Democratic,5625
Floyd,State Senator,46,Walter H. Schulz,Republican,2198
Floyd,State House,70,Paul J. Robertson,Democratic,795
Floyd,State House,70,Tom Powers,Republican,346
Floyd,State House,70,Ryan Bergman,Republican,1789
Floyd,Judge Of The Superior Court,"Floyd County, No. 1",Richard G. Striegel,Democratic,5983
Floyd,Judge Of The Superior Court,"Floyd County, No. 1",Richard R. Fox,Republican,2450
Floyd,Judge Of The County Court,Floyd County Court,Robert T. Hublar,Democratic,5298
Floyd,Prosecuting Attorney,Floyd 52Nd Circuit,Stanley O. Faith,Democratic,3792
Floyd,Prosecuting Attorney,Floyd 52Nd Circuit,Glenn G. Hancock,Democratic,3732
Floyd,Prosecuting Attorney,Floyd 52Nd Circuit,Keith Henderson,Republican,2335
Fountain,U.S. House,4,Tim Baynard,Republican,31
Fountain,U.S. House,4,Steve Buyer,Republican,548
Fountain,U.S. House,4,Thomas J. Herr,Republican,18
Fountain,U.S. House,4,Brian Kerns,Republican,523
Fountain,U.S. House,4,Bob Smith,Republican,36
Fountain,U.S. House,4,R. Michael Young,Republican,53
Fountain,State Senator,23,Joseph W. Harrison,Republican,2767
Fountain,State House,13,Chester F. Dobis,Democratic,0
Fountain,State House,13,Anthony S. Azcona,Republican,0
Fountain,State House,13,Steve Bales,Republican,924
Fountain,State House,13,Patti Smith,Republican,2048
Fountain,Prosecuting Attorney,Fountain 61St Circuit,Mark E. Mcgrady,Republican,2694
Franklin,U.S. House,6,Melina (Mel) Fox,Democratic,1142
Franklin,U.S. House,6,Mike Pence,Republican,1106
Franklin,State Senator,27,Allen E. Paul,Republican,0
Franklin,State House,55,David L. Nicholson,Democratic,387
Franklin,State House,55,Robert Hoffman,Republican,449
Franklin,State House,55,John R. Keeton,Republican,480
Franklin,Prosecuting Attorney,Franklin 37Th Circuit,Melvin F. Wilhelm,Democratic,1394
Franklin,Prosecuting Attorney,Franklin 37Th Circuit,"Hubert (Hubie) Branstetter, Jr.",Republican,1256
Fulton,U.S. House,2,William E. Alexa,Democratic,47
Fulton,U.S. House,2,Kathy Cekanski Farrand,Democratic,21
Fulton,U.S. House,2,Mark J. Meissner,Democratic,30
Fulton,U.S. House,2,Steven W. Osborn,Democratic,43
Fulton,U.S. House,2,Jill Long Thompson,Democratic,620
Fulton,U.S. House,2,Chris Chocola,Republican,1253
Fulton,U.S. House,2,Lewis F. (Farmer) Hass,Republican,291
Fulton,State House,16,Michael D. Smith,Republican,1221
Fulton,State House,16,Ernest Rowe,Republican,0
Fulton,State House,16,Ralph E. Winters,Republican,0
Fulton,State House,16,Kevin F. Foley,Republican,0
Fulton,State House,16,Tim Harman,Republican,0
Fulton,State House,16,Steven Heim,Republican,0
Fulton,State House,16,T.J. Leavell,Republican,0
Fulton,Judge Of The Circuit Court,Fulton 41St Circuit,Douglas B. Morton,Republican,1260
Fulton,Prosecuting Attorney,Fulton 41St Circuit,Richard A. Brown,Republican,1275
Gibson,U.S. House,8,Michael Graf,Democratic,979
Gibson,U.S. House,8,Bryan Hartke,Democratic,2694
Gibson,U.S. House,8,John N. Hostettler,Republican,695
Gibson,State Senator,48,Lindel O. Hume,Democratic,3093
Gibson,State House,64,John Gregory Frenz,Democratic,3020
Gibson,State House,64,Eric Davis,Republican,543
Gibson,Prosecuting Attorney,Gibson 66Th Circuit,C. Dean Higginbotham,Democratic,3306
Gibson,Prosecuting Attorney,Gibson 66Th Circuit,Robert Krieg,Republican,658
Grant,U.S. House,5,Mike Brinegar,Democratic,513
Grant,U.S. House,5,Katherine Fox Carr,Democratic,716
Grant,U.S. House,5,Darin Patrick Griesey,Democratic,210
Grant,U.S. House,5,Jerry Hall,Democratic,1279
Grant,U.S. House,5,Dan Burton,Republican,7653
Grant,U.S. House,5,George Thomas Holland,Republican,1129
Grant,State Senator,17,Gary Dillon,Republican,1754
Grant,State Senator,17,Steven R. Johnson,Republican,0
Grant,State House,18,David A. Wolkins,Republican,0
Grant,State House,18,Dean A. Young,Republican,3723
Grant,Judge Of The Superior Court,"Grant County, No. 1",Jeff Todd,Republican,6914
Grant,Judge Of The Superior Court,"Grant County, No. 1",Don Gallaway,Republican,4377
Grant,Prosecuting Attorney,Grant 48Th Circuit,James D. Luttrull Jr.,Republican,5883
Grant,Prosecuting Attorney,Grant 48Th Circuit,Douglas D. Martz,Republican,3647
Greene,U.S. House,8,Michael Graf,Democratic,1006
Greene,U.S. House,8,Bryan Hartke,Democratic,1343
Greene,U.S. House,8,John N. Hostettler,Republican,1812
Greene,State Senator,39,Phil Croft,Democratic,987
Greene,State Senator,39,John M. Waterman,Republican,1245
Greene,State House,45,Alan B. Chowning,Democratic,594
Greene,State House,45,Walter S. (Wally) Cullen,Democratic,375
Greene,State House,45,Bruce A. Borders,Republican,746
Greene,State House,45,Baron L. Brocksmith,Republican,136
Greene,State House,45,Carter G. Phegley,Republican,75
Greene,State House,45,Donald O. Patton,Republican,516
Greene,Judge Of The Circuit Court,Greene 63Rd Circuit,David K. Johnson,Republican,1675
Greene,Judge Of The Superior Court,Greene County,David Holt,Republican,1608
Greene,Prosecuting Attorney,Greene 63Rd Circuit,David N. Powell,Republican,1513
Hamilton,U.S. House,5,Mike Brinegar,Democratic,344
Hamilton,U.S. House,5,Katherine Fox Carr,Democratic,674
Hamilton,U.S. House,5,Darin Patrick Griesey,Democratic,217
Hamilton,U.S. House,5,Jerry Hall,Democratic,170
Hamilton,U.S. House,5,Dan Burton,Republican,15613
Hamilton,U.S. House,5,George Thomas Holland,Republican,3319
Hamilton,State Senator,21,Jeff Drozda,Republican,1800
Hamilton,State Senator,21,Steven R. Johnson,Republican,1112
Hamilton,State House,24,Richard W. (Rich) Mcclain,Republican,0
Hamilton,State House,24,Bradley M. Clark,Republican,1471
Hamilton,State House,24,Kathy Kreag Richardson,Republican,4419
Hamilton,State House,24,Rob Steele,Republican,0
Hamilton,Judge Of The Circuit Court,Hamilton 24Th Circuit,Judith S. Proffitt,Republican,15274
Hamilton,Judge Of The Superior Court,"Hamilton County, No. 3",William J. Hughes,Republican,13985
Hamilton,Prosecuting Attorney,Hamilton 24Th Circuit,Sonia J. Leerkamp,Republican,11449
Hamilton,Prosecuting Attorney,Hamilton 24Th Circuit,Larry Sells,Republican,6470
Hancock,U.S. House,6,Melina (Mel) Fox,Democratic,0
Hancock,U.S. House,6,Mike Pence,Republican,0
Hancock,State House,53,Robert W. (Bob) Cherry,Republican,5618
Hancock,State House,53,Jay B. Carlin,Republican,0
Hancock,State House,53,Roland Stine,Republican,0
Hancock,Judge Of The Superior Court,"Hancock County, No. 1",Thomas Williams,Democratic,614
Hancock,Judge Of The Superior Court,"Hancock County, No. 1",David P. Murphy,Republican,2546
Hancock,Judge Of The Superior Court,"Hancock County, No. 1",Terry K. Snow,Republican,4010
Hancock,Judge Of The Superior Court,"Hancock County, No. 1",Dan E. Marshall,Republican,5296
Hancock,Prosecuting Attorney,Hancock 18Th Circuit,Bob Elsea,Republican,3109
Hancock,Prosecuting Attorney,Hancock 18Th Circuit,Larry C. Gossett,Republican,3342
Harrison,U.S. House,9,Baron P. Hill,Democratic,5757
Harrison,U.S. House,9,Jeff Ellington,Republican,189
Harrison,U.S. House,9,David Fowler,Republican,207
Harrison,U.S. House,9,Chris Redmon,Republican,364
Harrison,U.S. House,9,Mike Sodrel,Republican,1185
Harrison,State Senator,47,"Richard D. Young, Jr.",Democratic,5136
Harrison,State Senator,47,Christopher L. Byrd,Republican,1738
Harrison,State House,70,Paul J. Robertson,Democratic,5549
Harrison,State House,70,Tom Powers,Republican,1575
Harrison,Judge Of The Superior Court,Harrison County,Roger Dale Davis,Democratic,5462
Harrison,Prosecuting Attorney,Harrison 3Rd Circuit,Dennis L. Byrd,Democratic,3917
Harrison,Prosecuting Attorney,Harrison 3Rd Circuit,Gordon D. Ingle,Democratic,2889
Hendricks,U.S. House,4,Tim Baynard,Republican,280
Hendricks,U.S. House,4,Steve Buyer,Republican,7350
Hendricks,U.S. House,4,Thomas J. Herr,Republican,346
Hendricks,U.S. House,4,Brian Kerns,Republican,4855
Hendricks,U.S. House,4,Bob Smith,Republican,189
Hendricks,U.S. House,4,R. Michael Young,Republican,1185
Hendricks,State House,28,Jeffrey A. Thompson,Republican,3094
Hendricks,State House,28,Michael (Mike) Green,Republican,1478
Hendricks,State House,28,Matthew D. (Matt) Whetstone,Republican,5563
Hendricks,Judge Of The Circuit Court,Hendricks 55Th Circuit,Jeffrey V. Boles,Republican,11675
Hendricks,Judge Of The Superior Court,"Hendricks County, No. 2",David Henry Coleman,Republican,10384
Hendricks,Prosecuting Attorney,Hendricks 55Th Circuit,Patricia Ann Baldwin,Republican,10553
Henry,U.S. House,6,Melina (Mel) Fox,Democratic,1992
Henry,U.S. House,6,Mike Pence,Republican,5020
Henry,State Senator,26,"Allie V. Craycraft, Jr.",Democratic,0
Henry,State Senator,26,Leon Dixon,Democratic,0
Henry,State Senator,26,Andrew S. Phipps,Republican,0
Henry,State House,54,Thomas E. (Tom) Saunders,Republican,3584
Henry,Judge Of The Circuit Court,Henry No. 2 53Rd Circuit,David W. Whitton,Democratic,2256
Henry,Judge Of The Circuit Court,Henry No. 2 53Rd Circuit,Mary G. Willis,Republican,3898
Henry,Judge Of The Superior Court,"Henry County, No. 1",Michael D. Peyton,Republican,4100
Henry,Judge Of The Superior Court,"Henry County, No. 1",Bob Witham,Republican,3227
Henry,Prosecuting Attorney,Henry No. 2 53Rd Circuit,Kit C. Dean Crane,Republican,4165
Howard,U.S. House,4,Tim Baynard,Republican,0
Howard,U.S. House,4,Steve Buyer,Republican,0
Howard,U.S. House,4,Thomas J. Herr,Republican,0
Howard,U.S. House,4,Brian Kerns,Republican,0
Howard,U.S. House,4,Bob Smith,Republican,0
Howard,U.S. House,4,R. Michael Young,Republican,0
Howard,U.S. House,4,Katherine Fox Carr,Republican,1126
Howard,U.S. House,4,Darin Patrick Griesey,Republican,192
Howard,U.S. House,4,Jerry Hall,Republican,711
Howard,U.S. House,4,Dan Burton,Republican,5469
Howard,U.S. House,4,George Thomas Holland,Republican,888
Howard,State Senator,21,Jeff Drozda,Republican,2946
Howard,State Senator,21,Steven R. Johnson,Republican,3722
Howard,State House,30,Ron Herrell,Democratic,3360
Howard,Judge Of The Circuit Court,Howard 62Nd Circuit,Lynn Murray,Democratic,4270
Howard,Judge Of The Superior Court,"Howard County, No. 3",David Cox,Democratic,3957
Howard,Judge Of The Superior Court,"Howard County, No. 3",Matthew J. Elkin,Republican,3363
Howard,Judge Of The Superior Court,"Howard County, No. 3",Doug Tate,Republican,5236
Howard,Prosecuting Attorney,Howard 62Nd Circuit,James R. Fleming,Republican,7692
Huntington,U.S. House,3,Jay Rigdon,Democratic,0
Huntington,U.S. House,3,Paul Helmke,Republican,0
Huntington,U.S. House,3,William R. Larsen,Republican,0
Huntington,U.S. House,3,Mark E. Souder,Republican,0
Huntington,State Senator,17,Gary Dillon,Republican,5466
Huntington,State House,50,Daniel J. (Dan) Leonard,Republican,2664
Huntington,State House,50,Bill Overdeer,Republican,906
Huntington,State House,50,Randy Plew,Republican,1533
Huntington,State House,50,David Dan Welker,Republican,909
Huntington,Judge Of The Superior Court,Huntington County,Jeffrey R. Heffelfinger,Republican,5046
Huntington,Prosecuting Attorney,Huntington 56Th Circuit,John F. Branham,Republican,5087
Jackson,U.S. House,9,Baron P. Hill,Democratic,2705
Jackson,U.S. House,9,Jeff Ellington,Republican,300
Jackson,U.S. House,9,David Fowler,Republican,149
Jackson,U.S. House,9,Chris Redmon,Republican,528
Jackson,U.S. House,9,Mike Sodrel,Republican,726
Jackson,State Senator,43,Johnny Nugent,Republican,0
Jackson,State House,65,David Rhum,Democratic,402
Jackson,State House,65,R. Dale Cassiday,Republican,17
Jackson,State House,65,Darin Kinser,Republican,21
Jackson,State House,65,Eric Allan Koch,Republican,329
Jackson,State House,65,Michael W. Patton,Republican,41
Jackson,State House,65,H. Jay Walton,Republican,26
Jackson,State House,65,Ben Newell,Republican,0
Jackson,Judge Of The Superior Court,"Jackson County, No. 2",Frank W. Guthrie,Democratic,2306
Jackson,Prosecuting Attorney,Jackson 40Th Circuit,Jeffrey A. Nierman,Democratic,2252
Jackson,Prosecuting Attorney,Jackson 40Th Circuit,Stephen S. (Steve) Pierson,Republican,1482
Jasper,U.S. House,4,Tim Baynard,Republican,0
Jasper,U.S. House,4,Steve Buyer,Republican,0
Jasper,U.S. House,4,Thomas J. Herr,Republican,0
Jasper,U.S. House,4,Brian Kerns,Republican,0
Jasper,U.S. House,4,Bob Smith,Republican,0
Jasper,U.S. House,4,R. Michael Young,Republican,0
Jasper,State House,13,Chester F. Dobis,Democratic,0
Jasper,State House,13,Anthony S. Azcona,Republican,0
Jasper,Judge Of The Superior Court,"Jasper County, No. 1",John Philip Mcgraw,Republican,3251
Jasper,Prosecuting Attorney,Jasper 30Th Circuit,Michael D. O'Neall,Republican,3047
Jay,U.S. House,3,Jay Rigdon,Democratic,0
Jay,U.S. House,3,Paul Helmke,Republican,0
Jay,U.S. House,3,William R. Larsen,Republican,0
Jay,U.S. House,3,Mark E. Souder,Republican,0
Jay,State Senator,19,David C. Ford,Republican,0
Jay,State House,33,Ron Liggett,Democratic,1109
Jay,State House,33,Richard W. Thornburg,Republican,1772
Jay,Judge Of The Superior Court,Jay County,Joel David Roberts,Republican,2055
Jay,Prosecuting Attorney,Jay 58Th Circuit,Bradley Burkett,Democratic,1007
Jay,Prosecuting Attorney,Jay 58Th Circuit,R. Carlton Brumfield,Republican,1167
Jay,Prosecuting Attorney,Jay 58Th Circuit,George O. Lopez,Republican,1288
Jefferson,U.S. House,6,Melina (Mel) Fox,Democratic,0
Jefferson,U.S. House,6,Mike Pence,Republican,0
Jefferson,State Senator,45,"James (Jim) A. Lewis, Jr.",Democratic,2329
Jefferson,State House,66,Terry Goodin,Democratic,0
Jefferson,State House,66,Ben Newell,Republican,1426
Jefferson,Judge Of The Superior Court,Jefferson County,Fred H. Hoying,Democratic,2406
Jefferson,Prosecuting Attorney,Jefferson 5Th Circuit,Christopher W. Naylor,Republican,1392
Jennings,U.S. House,6,Melina (Mel) Fox,Democratic,0
Jennings,U.S. House,6,Mike Pence,Republican,0
Jennings,State Senator,43,Johnny Nugent,Republican,1600
Jennings,State House,67,Cleo Duncan,Republican,0
Jennings,State House,67,Ben Newell,Republican,1407
Jennings,Judge Of The Circuit Court,Jennings 86Th Circuit,Jonathan W. Webster,Republican,1917
Jennings,Judge Of The Superior Court,Jennings County,Alan L. Marshall,Democratic,1252
Jennings,Judge Of The Superior Court,Jennings County,"James Funke, Jr.",Republican,1640
Jennings,Prosecuting Attorney,Jennings 86Th Circuit,Gary L. Smith,Democratic,1235
Johnson,U.S. House,9,Baron P. Hill,Democratic,0
Johnson,U.S. House,9,Jeff Ellington,Republican,0
Johnson,U.S. House,9,David Fowler,Republican,0
Johnson,U.S. House,9,Chris Redmon,Republican,0
Johnson,U.S. House,9,Mike Sodrel,Republican,0
Johnson,State Senator,41,Robert D. Garton,Republican,4164
Johnson,State House,47,Ralph M. Foley,Republican,626
Johnson,State House,47,Gerald B. Gray,Republican,157
Johnson,State House,47,Woody Burton,Republican,5729
Johnson,State House,47,R. Dale Cassiday,Republican,0
Johnson,State House,47,Darin Kinser,Republican,0
Johnson,State House,47,Eric Allan Koch,Republican,0
Johnson,State House,47,Michael W. Patton,Republican,0
Johnson,State House,47,H. Jay Walton,Republican,0
Johnson,Judge Of The Superior Court,"Johnson County, No. 2",Cynthia S. Emkes,Republican,9478
Johnson,Prosecuting Attorney,Johnson 8Th Circuit,Lance Hamner,Republican,10412
Knox,U.S. House,8,Michael Graf,Democratic,1392
Knox,U.S. House,8,Bryan Hartke,Democratic,3440
Knox,U.S. House,8,John N. Hostettler,Republican,2145
Knox,State Senator,39,Phil Croft,Democratic,2206
Knox,State Senator,39,John M. Waterman,Republican,1384
Knox,State House,45,Alan B. Chowning,Democratic,467
Knox,State House,45,Walter S. (Wally) Cullen,Democratic,1703
Knox,State House,45,Bruce A. Borders,Republican,151
Knox,State House,45,Baron L. Brocksmith,Republican,760
Knox,State House,45,Carter G. Phegley,Republican,68
Knox,State House,45,Eric Davis,Republican,897
Knox,Judge Of The Superior Court,"Knox County, No. 1",W. Timothy Crowley,Democratic,4387
Knox,Prosecuting Attorney,Knox 12Th Circuit,John F. Sievers,Democratic,4046
Kosciusko,U.S. House,2,William E. Alexa,Democratic,0
Kosciusko,U.S. House,2,Kathy Cekanski Farrand,Democratic,0
Kosciusko,U.S. House,2,Mark J. Meissner,Democratic,0
Kosciusko,U.S. House,2,Steven W. Osborn,Democratic,0
Kosciusko,U.S. House,2,Jill Long Thompson,Democratic,0
Kosciusko,U.S. House,2,Chris Chocola,Republican,0
Kosciusko,U.S. House,2,Lewis F. (Farmer) Hass,Republican,0
Kosciusko,U.S. House,2,Paul Helmke,Republican,3289
Kosciusko,U.S. House,2,William R. Larsen,Republican,464
Kosciusko,U.S. House,2,Mark E. Souder,Republican,6708
Kosciusko,State House,18,David A. Wolkins,Republican,4792
Kosciusko,Judge Of The Superior Court,"Kosciusko County, No. 1",Duane G. Huffer,Republican,5465
Kosciusko,Judge Of The Superior Court,"Kosciusko County, No. 1",Byron L. Tinkey,Republican,4091
Kosciusko,Judge Of The Superior Court,"Kosciusko County, No. 1",James C. Jarrette,Republican,6703
Kosciusko,Prosecuting Attorney,Kosciusko 54Th Circuit,R. Steven Hearn,Republican,6188
Kosciusko,Prosecuting Attorney,Kosciusko 54Th Circuit,Daniel E. Nelson,Republican,1899
Kosciusko,Prosecuting Attorney,Kosciusko 54Th Circuit,Charles Robert Waggoner,Republican,2148
LaGrange,U.S. House,3,Jay Rigdon,Democratic,380
LaGrange,U.S. House,3,Paul Helmke,Republican,1223
LaGrange,U.S. House,3,William R. Larsen,Republican,147
LaGrange,U.S. House,3,Mark E. Souder,Republican,2276
LaGrange,State House,51,Dennis K. Kruse,Republican,0
LaGrange,State House,51,Jeffrey K. Espich,Republican,0
LaGrange,Judge Of The Circuit Court,La Grange 35Th Circuit,James Scott Van Derbeck,Republican,3171
LaGrange,Judge Of The Superior Court,Lagrange County,George E. Brown,Republican,3079
LaGrange,Prosecuting Attorney,La Grange 35Th Circuit,Rick Crowder,Republican,1788
LaGrange,Prosecuting Attorney,La Grange 35Th Circuit,Jeffrey W. Wible,Republican,1847
Lake,U.S. House,1,Ralph Spelbring,Democratic,8041
Lake,U.S. House,1,Peter J. Visclosky,Democratic,49432
Lake,U.S. House,1,Cyril B. (Cy) Huerter,Republican,2767
Lake,U.S. House,1,Mark J. Leyva,Republican,4142
Lake,State Senator,1,"Frank Mrvan, Jr.",Democratic,9626
Lake,State House,1,Linda C. Lawson,Democratic,3677
Lake,State House,1,Myra Rosenbloom,Republican,835
Lake,State House,1,Milan Kesic,Republican,2557
Lake,State House,1,"David Medina, Jr.",Republican,714
Lake,State House,1,Vernon G. Smith,Republican,7701
Lake,State House,1,Don Lehe,Republican,571
Lake,State House,1,John Anthony Malan,Republican,548
Lake,State House,1,William (Del) Cathey,Republican,439
Lake,State House,1,Pamela M. Roth,Republican,1382
Lake,Judge Of The Superior Court,"Lake County, No. 1",Nicholas J. Schiralli,Democratic,31958
Lake,Prosecuting Attorney,Lake 31St Circuit,Bernard A. Carter,Democratic,40745
LaPorte,U.S. House,1,Ralph Spelbring,Democratic,0
LaPorte,U.S. House,1,Peter J. Visclosky,Democratic,0
LaPorte,U.S. House,1,Cyril B. (Cy) Huerter,Republican,0
LaPorte,U.S. House,1,Mark J. Leyva,Republican,0
LaPorte,U.S. House,1,Kathy Cekanski Farrand,Republican,382
LaPorte,U.S. House,1,Mark J. Meissner,Republican,941
LaPorte,U.S. House,1,Steven W. Osborn,Republican,504
LaPorte,U.S. House,1,Jill Long Thompson,Republican,2913
LaPorte,U.S. House,1,Chris Chocola,Republican,3368
LaPorte,U.S. House,1,Lewis F. (Farmer) Hass,Republican,499
LaPorte,State Senator,4,Rose Ann Antich,Democratic,0
LaPorte,State Senator,4,Larry Chubb,Democratic,0
LaPorte,State Senator,4,Connie G. Collins,Republican,0
LaPorte,State Senator,4,M. Shane Stillman,Republican,0
LaPorte,State House,8,Ryan M. Dvorak,Democratic,0
LaPorte,State House,8,Carl H. Baxmeyer,Republican,0
LaPorte,State House,8,James P. Ehrhard,Republican,0
LaPorte,Judge Of The Superior Court,"Laporte County, No. 1",Walter P. Chapala,Democratic,5078
LaPorte,Judge Of The Superior Court,"Laporte County, No. 1",R. Steven (Steve) Bom,Republican,3243
LaPorte,Prosecuting Attorney,La Porte 32Nd Circuit,Robert J. Beckman,Democratic,4696
Lawrence,U.S. House,9,Baron P. Hill,Democratic,0
Lawrence,U.S. House,9,Jeff Ellington,Republican,0
Lawrence,U.S. House,9,David Fowler,Republican,0
Lawrence,U.S. House,9,Chris Redmon,Republican,0
Lawrence,U.S. House,9,Mike Sodrel,Republican,0
Lawrence,State House,65,David Rhum,Democratic,366
Lawrence,State House,65,R. Dale Cassiday,Republican,144
Lawrence,State House,65,Darin Kinser,Republican,145
Lawrence,State House,65,Eric Allan Koch,Republican,2563
Lawrence,State House,65,Michael W. Patton,Republican,126
Lawrence,State House,65,H. Jay Walton,Republican,416
Lawrence,Judge Of The Circuit Court,Lawrence 81St Circuit,"Richard D. Mcintyre, Sr.",Republican,3943
Lawrence,Judge Of The Superior Court,"Lawrence County, No. 2",William G. Sleva,Republican,2884
Lawrence,Judge Of The Superior Court,"Lawrence County, No. 2",Michelle L. Woodward,Republican,2340
Lawrence,Prosecuting Attorney,Lawrence 81St Circuit,Scott Callahan,Republican,3696
Madison,U.S. House,5,Mike Brinegar,Democratic,0
Madison,U.S. House,5,Katherine Fox Carr,Democratic,0
Madison,U.S. House,5,Darin Patrick Griesey,Democratic,0
Madison,U.S. House,5,Jerry Hall,Democratic,0
Madison,U.S. House,5,Dan Burton,Republican,0
Madison,U.S. House,5,George Thomas Holland,Republican,0
Madison,State Senator,25,Tim Lanane,Democratic,5631
Madison,State Senator,25,Leon Dixon,Democratic,45
Madison,State Senator,25,Andrew S. Phipps,Republican,58
Madison,State House,32,P. Eric Turner,Republican,0
Madison,State House,32,Brad D. Steele,Republican,379
Madison,State House,32,Brenda Jackson,Republican,1732
Madison,State House,32,Andy Kincaid,Republican,1977
Madison,Judge Of The Superior Court,Madison Superior Ct. 2,Jack L. Brinkman,Democratic,5745
Madison,Judge Of The Superior Court,Madison Superior Ct. 2,Thomas D. Chaille,Republican,6207
Madison,Judge Of The County Court,Madison County Court 1,Bob Cowles,Democratic,4982
Madison,Judge Of The County Court,Madison County Court 1,David Hopper,Republican,6373
Madison,Judge Of The County Court,Madison County Court 1,David Happe,Republican,5697
Madison,Prosecuting Attorney,"Madison50Th Circ, No. 1",Ronald L. Mcnabney,Democratic,5410
Madison,Prosecuting Attorney,"Madison50Th Circ, No. 1",Rodney Cummings,Republican,6615
Marion,U.S. House,5,Mike Brinegar,Democratic,972
Marion,U.S. House,5,Katherine Fox Carr,Democratic,1085
Marion,U.S. House,5,Darin Patrick Griesey,Democratic,496
Marion,U.S. House,5,Jerry Hall,Democratic,355
Marion,U.S. House,5,Dan Burton,Republican,11993
Marion,U.S. House,5,George Thomas Holland,Republican,2267
Marion,U.S. House,5,Bob (Citizen Kern) Hidalgo,Republican,2515
Marion,U.S. House,5,Brose A. Mcvey,Republican,17875
Marion,U.S. House,5,Jack Reynolds,Republican,8054
Marion,State Senator,29,Murray Clark,Republican,4742
Marion,State House,86,David Orentlicher,Democratic,1829
Marion,State House,86,Jim Atterholt,Republican,2998
Marion,State House,86,Jean Macdonald,Republican,462
Marion,State House,86,Carl S. Mills,Republican,469
Marion,State House,86,Cindy Noe,Republican,2005
Marion,State House,86,Lawrence L. (Larry) Buell,Republican,3465
Marion,State House,86,Shane Brinkman,Republican,1555
Marion,State House,86,"Edwin L. Jones, Sr.",Republican,351
Marion,State House,86,Gerald J. (Jerry) Papenmeier,Republican,1358
Marion,State House,86,Terry Jungels,Republican,1395
Marion,State House,86,John C. Warren Jr.,Republican,1070
Marion,Judge Of The Circuit Court,Marion 19Th Circuit,Louis Rosenberg,Democratic,21749
Marion,Judge Of The Circuit Court,Marion 19Th Circuit,William Lawrence,Republican,34737
Marion,Judge Of The Superior Court,Marion County,Charles J. Deiter,Democratic,20783
Marion,Judge Of The Superior Court,Marion County,David J. Dreyer,Democratic,20865
Marion,Judge Of The Superior Court,Marion County,Z. Mae Jimison,Democratic,22782
Marion,Judge Of The Superior Court,Marion County,Jane Magnus-Stinson,Democratic,21163
Marion,Judge Of The Superior Court,Marion County,Patrick L. Mccarty,Democratic,21229
Marion,Judge Of The Superior Court,Marion County,Tanya Walton Pratt,Democratic,22922
Marion,Judge Of The Superior Court,Marion County,David Shaheed,Democratic,21529
Marion,Judge Of The Superior Court,Marion County,Gerald S. Zore,Democratic,20871
Marion,Judge Of The Superior Court,Marion County,Cynthia Jane Ayers,Republican,32231
Marion,Judge Of The Superior Court,Marion County,Cale Bradford,Republican,31261
Marion,Judge Of The Superior Court,Marion County,Patricia J. Gifford,Republican,37120
Marion,Judge Of The Superior Court,Marion County,John W. Hammel,Republican,31386
Marion,Judge Of The Superior Court,Marion County,N. Sean Harshey,Republican,21300
Marion,Judge Of The Superior Court,Marion County,Kenneth H. Johnson,Republican,30806
Marion,Judge Of The Superior Court,Marion County,Gary L. Miller,Republican,32530
Marion,Judge Of The Superior Court,Marion County,Robyn L. Moberly,Republican,30987
Marion,Judge Of The Superior Court,Marion County,James W. Payne,Republican,33179
Marion,Prosecuting Attorney,Marion 19Th Circuit,Jim Osborn,Democratic,20197
Marion,Prosecuting Attorney,Marion 19Th Circuit,Carl Brizzi,Republican,34394
Marion,Small Claims Court Judge,"Center Twp., Marion Co.",Paula E. Lopossa,Democratic,4593
Marion,Small Claims Court Judge,"Center Twp., Marion Co.",Terry N. Hursh,Republican,5755
Marion,Small Claims Court Judge,"Center Twp., Marion Co.",Robert S. Spear,Republican,3442
Marion,Small Claims Court Judge,"Center Twp., Marion Co.",A. Douglas Stephens,Republican,1266
Marion,Small Claims Court Judge,"Center Twp., Marion Co.",Robert V. Clutter,Republican,2979
Marion,Small Claims Court Judge,"Center Twp., Marion Co.",Lynda F. Huppert,Republican,7923
Marshall,U.S. House,2,William E. Alexa,Democratic,387
Marshall,U.S. House,2,Kathy Cekanski Farrand,Democratic,39
Marshall,U.S. House,2,Mark J. Meissner,Democratic,109
Marshall,U.S. House,2,Steven W. Osborn,Democratic,68
Marshall,U.S. House,2,Jill Long Thompson,Democratic,1218
Marshall,U.S. House,2,Chris Chocola,Republican,2910
Marshall,U.S. House,2,Lewis F. (Farmer) Hass,Republican,505
Marshall,State House,17,Mark J. Gidley,Democratic,789
Marshall,State House,17,Ernest Rowe,Democratic,152
Marshall,State House,17,Ralph E. Winters,Democratic,650
Marshall,State House,17,Kevin F. Foley,Republican,413
Marshall,State House,17,Tim Harman,Republican,622
Marshall,State House,17,Steven Heim,Republican,1342
Marshall,State House,17,T.J. Leavell,Republican,303
Marshall,Judge Of The Superior Court,"Marshall County, No. 2",Dean A. Colvin,Republican,2700
Marshall,Prosecuting Attorney,Marshall 72Nd Circuit,Curtis D. Palmer,Republican,2580
Martin,U.S. House,8,Michael Graf,Democratic,598
Martin,U.S. House,8,Bryan Hartke,Democratic,1563
Martin,U.S. House,8,John N. Hostettler,Republican,521
Martin,State Senator,39,Phil Croft,Democratic,0
Martin,State Senator,39,John M. Waterman,Republican,0
Martin,State House,62,Jerry L. Denbo,Democratic,552
Martin,State House,62,Donald O. Patton,Republican,173
Martin,Prosecuting Attorney,Martin 90Th Circuit,Mark J. Jones,Democratic,1200
Martin,Prosecuting Attorney,Martin 90Th Circuit,C. Michael Steiner,Democratic,1443
Miami,U.S. House,2,William E. Alexa,Democratic,0
Miami,U.S. House,2,Kathy Cekanski Farrand,Democratic,0
Miami,U.S. House,2,Mark J. Meissner,Democratic,0
Miami,U.S. House,2,Steven W. Osborn,Democratic,0
Miami,U.S. House,2,Jill Long Thompson,Democratic,0
Miami,U.S. House,2,Chris Chocola,Republican,0
Miami,U.S. House,2,Lewis F. (Farmer) Hass,Republican,0
Miami,State House,18,David A. Wolkins,Republican,0
Miami,Judge Of The Superior Court,"Miami County, No. 1",Daniel C. Banina,Republican,3556
Miami,Prosecuting Attorney,Miami 51St Circuit,Eric D. Huneryager,Republican,2628
Miami,Prosecuting Attorney,Miami 51St Circuit,Wilbur (Wil) Siders,Republican,2278
Monroe,U.S. House,9,Baron P. Hill,Democratic,2610
Monroe,U.S. House,9,Jeff Ellington,Republican,2139
Monroe,U.S. House,9,David Fowler,Republican,175
Monroe,U.S. House,9,Chris Redmon,Republican,1329
Monroe,U.S. House,9,Mike Sodrel,Republican,773
Monroe,State House,46,Vern Tincher,Democratic,82
Monroe,State House,46,R. Brooks Laplante,Republican,93
Monroe,State House,46,Robert Pate,Republican,1525
Monroe,State House,46,L. David Sabbagh,Republican,2625
Monroe,State House,46,Donald O. Patton,Republican,0
Monroe,State House,46,R. Dale Cassiday,Republican,0
Monroe,State House,46,Darin Kinser,Republican,0
Monroe,State House,46,Eric Allan Koch,Republican,0
Monroe,State House,46,Michael W. Patton,Republican,0
Monroe,State House,46,H. Jay Walton,Republican,0
Monroe,Judge Of The Circuit Court,"Monroe, Seat 5 10Th Cir.",Kenneth G. Todd,Republican,5390
Monroe,Prosecuting Attorney,Monroe 10Th Circuit,Patrick M. Schrems,Democratic,2952
Monroe,Prosecuting Attorney,Monroe 10Th Circuit,Carl A. Salzmann,Republican,5195
Montgomery,U.S. House,4,Tim Baynard,Republican,129
Montgomery,U.S. House,4,Steve Buyer,Republican,3143
Montgomery,U.S. House,4,Thomas J. Herr,Republican,153
Montgomery,U.S. House,4,Brian Kerns,Republican,3080
Montgomery,U.S. House,4,Bob Smith,Republican,223
Montgomery,U.S. House,4,R. Michael Young,Republican,223
Montgomery,State Senator,23,Joseph W. Harrison,Republican,5566
Montgomery,State House,13,Chester F. Dobis,Democratic,0
Montgomery,State House,13,Anthony S. Azcona,Republican,0
Montgomery,Judge Of The Superior Court,"Montgomery Co, No. 1",David A. Ault,Republican,5542
Montgomery,Judge Of The County Court,Montgomery County Court,John Keith Baird,Republican,3415
Montgomery,Judge Of The County Court,Montgomery County Court,Peggy L. Quint Lohorn,Republican,3559
Montgomery,Prosecuting Attorney,Montgomery 22Nd Circuit,Joseph R. Buser,Republican,5588
Morgan,U.S. House,4,Tim Baynard,Republican,203
Morgan,U.S. House,4,Steve Buyer,Republican,3527
Morgan,U.S. House,4,Thomas J. Herr,Republican,141
Morgan,U.S. House,4,Brian Kerns,Republican,2814
Morgan,U.S. House,4,Bob Smith,Republican,176
Morgan,U.S. House,4,R. Michael Young,Republican,714
Morgan,U.S. House,4,Jeff Ellington,Republican,0
Morgan,U.S. House,4,David Fowler,Republican,0
Morgan,U.S. House,4,Chris Redmon,Republican,0
Morgan,U.S. House,4,Mike Sodrel,Republican,0
Morgan,State House,44,Susan R. Crosby,Democratic,0
Morgan,State House,44,Richard W. Haynes Ii,Republican,0
Morgan,State House,44,Andrew P. Thomas,Republican,0
Morgan,State House,44,Gerald B. Gray,Republican,2589
Morgan,State House,44,Robert Pate,Republican,0
Morgan,State House,44,L. David Sabbagh,Republican,0
Morgan,Judge Of The Superior Court,"Morgan County, No. 1",G. Thomas Gray,Republican,5566
Morgan,Judge Of The Superior Court,"Morgan County, No. 1",Melinda O'Dell,Republican,2187
Morgan,Judge Of The Superior Court,"Morgan County, No. 1",Brian Williams,Republican,3032
Morgan,Prosecuting Attorney,Morgan 15Th Circuit,Steven P. Sonnega,Republican,6379
Newton,U.S. House,4,Tim Baynard,Republican,0
Newton,U.S. House,4,Steve Buyer,Republican,0
Newton,U.S. House,4,Thomas J. Herr,Republican,0
Newton,U.S. House,4,Brian Kerns,Republican,0
Newton,U.S. House,4,Bob Smith,Republican,0
Newton,U.S. House,4,R. Michael Young,Republican,0
Newton,State Senator,6,Sue Landske,Republican,1421
Newton,State House,13,Chester F. Dobis,Democratic,0
Newton,State House,13,Anthony S. Azcona,Republican,0
Newton,Prosecuting Attorney,Newton 79Th Circuit,J. Edward Barce,Republican,1347
Noble,U.S. House,3,Jay Rigdon,Democratic,1225
Noble,U.S. House,3,Paul Helmke,Republican,1675
Noble,U.S. House,3,William R. Larsen,Republican,194
Noble,U.S. House,3,Mark E. Souder,Republican,3349
Noble,State House,82,Mike Wallin,Democratic,0
Noble,State House,82,Jeffrey K. Espich,Republican,0
Noble,Judge Of The Superior Court,"Noble County, No. 2",Michael J. Kramer,Republican,4216
Noble,Prosecuting Attorney,Noble 33Rd Circuit,Steven T. Clouse,Republican,4127
Ohio,U.S. House,6,Melina (Mel) Fox,Democratic,0
Ohio,U.S. House,6,Mike Pence,Republican,0
Ohio,State Senator,43,Johnny Nugent,Republican,754
Ohio,State House,67,Cleo Duncan,Republican,0
Ohio,Judge Of The Superior Court,Ohio/Switzerland Counties,John D. Mitchell,Democratic,366
Ohio,Judge Of The Superior Court,Ohio/Switzerland Counties,Lisa K. Rosenberger,Democratic,188
Ohio,Prosecuting Attorney,Dearborn/Ohio 7Th Cir.,Sally A. Blankenship,Republican,678
Orange,U.S. House,9,Baron P. Hill,Democratic,1042
Orange,U.S. House,9,Jeff Ellington,Republican,579
Orange,U.S. House,9,David Fowler,Republican,105
Orange,U.S. House,9,Chris Redmon,Republican,685
Orange,U.S. House,9,Mike Sodrel,Republican,1057
Orange,State Senator,47,"Richard D. Young, Jr.",Democratic,0
Orange,State Senator,47,Christopher L. Byrd,Republican,0
Orange,State House,73,Dennie Oxley,Democratic,0
Orange,Judge Of The Superior Court,Orange County,Robert Michael Cloud,Republican,2072
Orange,Prosecuting Attorney,Orange 87Th Circuit,Lynne E. Ellis,Democratic,1051
Orange,Prosecuting Attorney,Orange 87Th Circuit,Kelly C. Minton,Republican,1964
Owen,U.S. House,8,Michael Graf,Democratic,661
Owen,U.S. House,8,Bryan Hartke,Democratic,873
Owen,U.S. House,8,John N. Hostettler,Republican,1102
Owen,State Senator,39,Phil Croft,Democratic,400
Owen,State Senator,39,John M. Waterman,Republican,295
Owen,State House,44,Susan R. Crosby,Democratic,0
Owen,State House,44,Richard W. Haynes Ii,Republican,0
Owen,State House,44,Andrew P. Thomas,Republican,0
Owen,State House,44,R. Brooks Laplante,Republican,845
Owen,Prosecuting Attorney,"Owen 78Th Circt, No. 1",Allan L. Fountain,Republican,1003
Parke,U.S. House,8,Michael Graf,Democratic,344
Parke,U.S. House,8,Bryan Hartke,Democratic,521
Parke,U.S. House,8,John N. Hostettler,Republican,2973
Parke,State Senator,23,Joseph W. Harrison,Republican,0
Parke,State House,42,F. Dale Grubb,Democratic,557
Parke,State House,42,Steve Bales,Republican,742
Parke,State House,42,Patti Smith,Republican,974
Parke,State House,42,Richard W. Haynes Ii,Republican,191
Parke,State House,42,Andrew P. Thomas,Republican,536
Parke,Prosecuting Attorney,Parke 68Th Circuit,Steve Cvengros,Republican,3080
Perry,U.S. House,8,Michael Graf,Democratic,0
Perry,U.S. House,8,Bryan Hartke,Democratic,0
Perry,U.S. House,8,John N. Hostettler,Republican,0
Perry,State Senator,47,"Richard D. Young, Jr.",Democratic,2770
Perry,State Senator,47,Christopher L. Byrd,Republican,513
Perry,State House,74,Russ Stilwell,Democratic,2446
Perry,Prosecuting Attorney,Perry 70Th Circuit,Robert L. (Bob) Collins,Democratic,3606
Pike,U.S. House,8,Michael Graf,Democratic,515
Pike,U.S. House,8,Bryan Hartke,Democratic,2026
Pike,U.S. House,8,John N. Hostettler,Republican,984
Pike,State Senator,48,Lindel O. Hume,Democratic,2344
Pike,State House,63,Dave Crooks,Democratic,988
Pike,State House,63,Eric Davis,Republican,540
Pike,State House,63,Marsha Abell,Republican,0
Pike,Prosecuting Attorney,Pike 83Rd Circuit,Jeffrey L. Biesterveld,Democratic,2187
Pike,Prosecuting Attorney,Pike 83Rd Circuit,Boyd A. Toler,Republican,930
Porter,U.S. House,1,Ralph Spelbring,Democratic,1145
Porter,U.S. House,1,Peter J. Visclosky,Democratic,6675
Porter,U.S. House,1,Cyril B. (Cy) Huerter,Republican,1838
Porter,U.S. House,1,Mark J. Leyva,Republican,2589
Porter,State Senator,4,Rose Ann Antich,Democratic,3547
Porter,State Senator,4,Larry Chubb,Democratic,1958
Porter,State Senator,4,Connie G. Collins,Republican,1445
Porter,State Senator,4,M. Shane Stillman,Republican,1744
Porter,State House,4,Ralph Donald Ayres,Republican,2339
Porter,State House,4,John Anthony Malan,Republican,142
Porter,State House,4,William (Del) Cathey,Republican,189
Porter,State House,4,Pamela M. Roth,Republican,287
Porter,Judge Of The Circuit Court,Porter 67Th Circuit,Mary Rudasics Harper,Republican,4784
Porter,Judge Of The Superior Court,"Porter County, No. 1",Roger V. Bradford,Republican,4804
Porter,Judge Of The Superior Court,"Porter County, No. 1",Robert P. Kennedy,Republican,3559
Porter,Judge Of The Superior Court,"Porter County, No. 1",Dolores R. Aylesworth,Republican,4370
Porter,Prosecuting Attorney,Porter 67Th Circuit,James H. Douglas,Republican,4708
Posey,U.S. House,8,Michael Graf,Democratic,982
Posey,U.S. House,8,Bryan Hartke,Democratic,2275
Posey,U.S. House,8,John N. Hostettler,Republican,422
Posey,State Senator,49,Larry E. Lutz,Democratic,1782
Posey,State House,64,John Gregory Frenz,Democratic,0
Posey,State House,64,Eric Davis,Republican,0
Posey,Judge Of The Superior Court,Posey County,Brent Almon,Democratic,2190
Posey,Judge Of The Superior Court,Posey County,Donald Baier,Democratic,1489
Posey,Prosecuting Attorney,Posey 11Th Circuit,W. Trent Van Haaften,Democratic,2923
Pulaski,U.S. House,2,William E. Alexa,Democratic,141
Pulaski,U.S. House,2,Kathy Cekanski Farrand,Democratic,41
Pulaski,U.S. House,2,Mark J. Meissner,Democratic,42
Pulaski,U.S. House,2,Steven W. Osborn,Democratic,49
Pulaski,U.S. House,2,Jill Long Thompson,Democratic,486
Pulaski,U.S. House,2,Chris Chocola,Republican,1291
Pulaski,U.S. House,2,Lewis F. (Farmer) Hass,Republican,505
Pulaski,State House,16,Michael D. Smith,Republican,408
Pulaski,Prosecuting Attorney,Pulaski 59Th Circuit,Jeanene E. Calabrese,Republican,1034
Pulaski,Prosecuting Attorney,Pulaski 59Th Circuit,Todd E. Wallsmith,Republican,1118
Putnam,U.S. House,4,Tim Baynard,Republican,0
Putnam,U.S. House,4,Steve Buyer,Republican,0
Putnam,U.S. House,4,Thomas J. Herr,Republican,0
Putnam,U.S. House,4,Brian Kerns,Republican,0
Putnam,U.S. House,4,Bob Smith,Republican,0
Putnam,U.S. House,4,R. Michael Young,Republican,0
Putnam,State House,44,Susan R. Crosby,Democratic,711
Putnam,State House,44,Richard W. Haynes Ii,Republican,801
Putnam,State House,44,Andrew P. Thomas,Republican,2701
Putnam,Judge Of The Superior Court,Putnam County,Robert J. Lowe,Republican,2961
Putnam,Prosecuting Attorney,Putnam 64Th Circuit,Matthew L. (Matt) Headley,Republican,2868
Randolph,U.S. House,6,Melina (Mel) Fox,Democratic,776
Randolph,U.S. House,6,Mike Pence,Republican,3771
Randolph,State Senator,27,Allen E. Paul,Republican,3497
Randolph,State House,33,Ron Liggett,Democratic,668
Randolph,State House,33,Richard W. Thornburg,Republican,1600
Randolph,Judge Of The Superior Court,Randolph County,Peter D. Haviza,Democratic,859
Randolph,Judge Of The Superior Court,Randolph County,Peter D. Haviza,Democratic,0
Randolph,Prosecuting Attorney,Randolph 25Th Circuit,David Martin Daly,Republican,3597
Ripley,U.S. House,6,Melina (Mel) Fox,Democratic,0
Ripley,U.S. House,6,Mike Pence,Republican,0
Ripley,State Senator,43,Johnny Nugent,Republican,1972
Ripley,State House,55,David L. Nicholson,Democratic,0
Ripley,State House,55,Robert Hoffman,Republican,0
Ripley,Judge Of The Circuit Court,Ripley 80Th Circuit,Carl H. Taul,Democratic,958
Ripley,Judge Of The Superior Court,Ripley County,James B. (Jim) Morris,Republican,1927
Ripley,Prosecuting Attorney,Ripley 80Th Circuit,Richard J. (Ric) Hertel,Republican,1892
Rush,U.S. House,6,Melina (Mel) Fox,Democratic,417
Rush,U.S. House,6,Mike Pence,Republican,1945
Rush,State House,54,Thomas E. (Tom) Saunders,Republican,0
Rush,State House,54,Robert Hoffman,Republican,0
Rush,Judge Of The Superior Court,Rush County,David Edwin Northam,Republican,1831
Rush,Prosecuting Attorney,Rush 65Th Circuit,Sheila K. Zwickey,Democratic,425
Rush,Prosecuting Attorney,Rush 65Th Circuit,"Paul W. Barada, Jr.",Republican,1624
Saint Joseph,U.S. House,2,William E. Alexa,Democratic,1067
Saint Joseph,U.S. House,2,Kathy Cekanski Farrand,Democratic,1773
Saint Joseph,U.S. House,2,Mark J. Meissner,Democratic,5161
Saint Joseph,U.S. House,2,Steven W. Osborn,Democratic,759
Saint Joseph,U.S. House,2,Jill Long Thompson,Democratic,9512
Saint Joseph,U.S. House,2,Chris Chocola,Republican,10344
Saint Joseph,U.S. House,2,Lewis F. (Farmer) Hass,Republican,1413
Saint Joseph,State Senator,11,Joe Zakas,Republican,3491
Saint Joseph,State House,5,Craig R. Fry,Democratic,1948
Saint Joseph,State House,5,Raymond Crawford,Republican,1132
Saint Joseph,State House,5,Carl H. Baxmeyer,Republican,1677
Saint Joseph,State House,5,James P. Ehrhard,Republican,802
Saint Joseph,Judge Of The Circuit Court,St. Joseph 60Th Circuit,Terry A. Crone,Democratic,12445
Saint Joseph,Prosecuting Attorney,St. Joseph 60Th Circuit,Michael A. Dvorak,Democratic,14102
Saint Joseph,Prosecuting Attorney,St. Joseph 60Th Circuit,Christopher Toth,Republican,7305
Saint Joseph,Prosecuting Attorney,St. Joseph 60Th Circuit,Tony Zirkle,Republican,3835
Scott,U.S. House,6,Melina (Mel) Fox,Democratic,0
Scott,U.S. House,6,Mike Pence,Republican,0
Scott,U.S. House,6,Jeff Ellington,Republican,64
Scott,U.S. House,6,David Fowler,Republican,24
Scott,U.S. House,6,Chris Redmon,Republican,67
Scott,U.S. House,6,Mike Sodrel,Republican,268
Scott,State Senator,45,"James (Jim) A. Lewis, Jr.",Democratic,3541
Scott,State House,66,Terry Goodin,Democratic,2537
Scott,Prosecuting Attorney,Scott 6Th Circuit,Roger L. Duvall,Democratic,3663
Shelby,U.S. House,6,Melina (Mel) Fox,Democratic,88
Shelby,U.S. House,6,Mike Pence,Republican,408
Shelby,State House,57,John R. Wheeler,Democratic,838
Shelby,State House,57,Jay B. Carlin,Republican,755
Shelby,State House,57,Roland Stine,Republican,2453
Shelby,Judge Of The Superior Court,"Shelby County, No. 1",Jack A. Tandy,Republican,3129
Shelby,Prosecuting Attorney,Shelby 16Th Circuit,R. Kent Apsley,Republican,3039
Spencer,U.S. House,8,Michael Graf,Democratic,0
Spencer,U.S. House,8,Bryan Hartke,Democratic,0
Spencer,U.S. House,8,John N. Hostettler,Republican,0
Spencer,State Senator,48,Lindel O. Hume,Democratic,0
Spencer,State House,74,Russ Stilwell,Democratic,472
Spencer,State House,74,Marsha Abell,Republican,0
Spencer,Judge Of The Circuit Court,Spencer 84Th Circuit,Wayne A. Roell,Republican,718
Spencer,Prosecuting Attorney,Spencer 84Th Circuit,Jon A. Dartt,Democratic,583
Starke,U.S. House,2,William E. Alexa,Democratic,1045
Starke,U.S. House,2,Kathy Cekanski Farrand,Democratic,84
Starke,U.S. House,2,Mark J. Meissner,Democratic,96
Starke,U.S. House,2,Steven W. Osborn,Democratic,85
Starke,U.S. House,2,Jill Long Thompson,Democratic,844
Starke,U.S. House,2,Chris Chocola,Republican,974
Starke,U.S. House,2,Lewis F. (Farmer) Hass,Republican,179
Starke,State House,16,Michael D. Smith,Republican,0
Starke,Prosecuting Attorney,Starke 44Th Circuit,Kim Hall,Republican,747
Steuben,U.S. House,3,Jay Rigdon,Democratic,414
Steuben,U.S. House,3,Paul Helmke,Republican,2424
Steuben,U.S. House,3,William R. Larsen,Republican,167
Steuben,U.S. House,3,Mark E. Souder,Republican,2801
Steuben,State House,51,Dennis K. Kruse,Republican,4444
Steuben,State House,51,Les Alligood,Republican,0
Steuben,State House,51,Trisha Gensic,Republican,0
Steuben,State House,51,Marlin A. Stutzman,Republican,0
Steuben,Judge Of The Superior Court,Steuben County,William Fee,Republican,4481
Steuben,Prosecuting Attorney,Steuben 85Th Circuit,Donald P. Shively,Republican,2555
Steuben,Prosecuting Attorney,Steuben 85Th Circuit,Thomas E. Wilson,Republican,2674
Sullivan,U.S. House,8,Michael Graf,Democratic,1006
Sullivan,U.S. House,8,Bryan Hartke,Democratic,2633
Sullivan,U.S. House,8,John N. Hostettler,Republican,678
Sullivan,State Senator,39,Phil Croft,Democratic,2863
Sullivan,State Senator,39,John M. Waterman,Republican,743
Sullivan,State House,45,Alan B. Chowning,Democratic,3104
Sullivan,State House,45,Walter S. (Wally) Cullen,Democratic,949
Sullivan,State House,45,Bruce A. Borders,Republican,320
Sullivan,State House,45,Baron L. Brocksmith,Republican,87
Sullivan,State House,45,Carter G. Phegley,Republican,329
Sullivan,Judge Of The Circuit Court,Sullivan 14Th Circuit,P. J. Pierson,Democratic,3653
Sullivan,Judge Of The Superior Court,Sullivan County,Thomas E. Johnson,Democratic,3324
Sullivan,Prosecuting Attorney,Sullivan 14Th Circuit,Joseph William Burton,Democratic,1045
Sullivan,Prosecuting Attorney,Sullivan 14Th Circuit,Robert E. Springer,Democratic,3214
Switzerland,U.S. House,6,Melina (Mel) Fox,Democratic,0
Switzerland,U.S. House,6,Mike Pence,Republican,0
Switzerland,State Senator,45,"James (Jim) A. Lewis, Jr.",Democratic,1101
Switzerland,State House,67,Cleo Duncan,Republican,0
Switzerland,Judge Of The Superior Court,Ohio/Switzerland Counties,John D. Mitchell,Democratic,880
Switzerland,Judge Of The Superior Court,Ohio/Switzerland Counties,Lisa K. Rosenberger,Democratic,700
Tippecanoe,U.S. House,4,Tim Baynard,Republican,198
Tippecanoe,U.S. House,4,Steve Buyer,Republican,9952
Tippecanoe,U.S. House,4,Thomas J. Herr,Republican,908
Tippecanoe,U.S. House,4,Brian Kerns,Republican,4432
Tippecanoe,U.S. House,4,Bob Smith,Republican,195
Tippecanoe,U.S. House,4,R. Michael Young,Republican,672
Tippecanoe,State Senator,22,Ron Alting,Republican,11278
Tippecanoe,State House,13,Chester F. Dobis,Democratic,0
Tippecanoe,State House,13,Anthony S. Azcona,Republican,0
Tippecanoe,State House,13,Tom (Red) Taylor,Republican,0
Tippecanoe,State House,13,Sue W. Scholer,Republican,4457
Tippecanoe,State House,13,Bob Hicks,Republican,4437
Tippecanoe,Judge Of The Circuit Court,Tippecanoe 23Rd Circuit,Donald L. Daniel,Republican,7961
Tippecanoe,Judge Of The Circuit Court,Tippecanoe 23Rd Circuit,John H. Meyers,Republican,6848
Tippecanoe,Judge Of The Circuit Court,Tippecanoe 23Rd Circuit,Rebecca A. Trent,Republican,1529
Tippecanoe,Judge Of The Superior Court,"Tippecanoe County, No. 1",Donald C. Johnson,Republican,13532
Tippecanoe,Judge Of The Superior Court,"Tippecanoe County, No. 1",Steven Knecht,Republican,12765
Tippecanoe,Judge Of The Superior Court,"Tippecanoe County, No. 1",Laura Zeman,Republican,7235
Tippecanoe,Prosecuting Attorney,Tippecanoe 23Rd Circuit,Jerry J. Bean,Republican,13193
Tipton,U.S. House,5,Mike Brinegar,Democratic,170
Tipton,U.S. House,5,Katherine Fox Carr,Democratic,306
Tipton,U.S. House,5,Darin Patrick Griesey,Democratic,107
Tipton,U.S. House,5,Jerry Hall,Democratic,232
Tipton,U.S. House,5,Dan Burton,Republican,2848
Tipton,U.S. House,5,George Thomas Holland,Republican,571
Tipton,State Senator,21,Jeff Drozda,Republican,1351
Tipton,State Senator,21,Steven R. Johnson,Republican,1427
Tipton,State House,32,P. Eric Turner,Republican,1998
Tipton,Judge Of The Circuit Court,Tipton 36Th Circuit,Thomas R. Lett,Republican,2920
Tipton,Prosecuting Attorney,Tipton 36Th Circuit,Julie L. Pottenger,Republican,1130
Tipton,Prosecuting Attorney,Tipton 36Th Circuit,Jay D. Rich,Republican,2038
Tipton,Prosecuting Attorney,Tipton 36Th Circuit,David Langolf Smith,Republican,467
Union,U.S. House,6,Melina (Mel) Fox,Democratic,180
Union,U.S. House,6,Mike Pence,Republican,498
Union,State Senator,27,Allen E. Paul,Republican,0
Union,State House,68,Robert J. Bischoff,Democratic,0
Union,State House,68,John R. Keeton,Republican,0
Union,Prosecuting Attorney,Union 89Th Circuit,Carol A. Weber,Democratic,185
Union,Prosecuting Attorney,Union 89Th Circuit,Ronald L. Jordan,Republican,516
Vanderburgh,U.S. House,8,Michael Graf,Democratic,958
Vanderburgh,U.S. House,8,Bryan Hartke,Democratic,4808
Vanderburgh,U.S. House,8,John N. Hostettler,Republican,2704
Vanderburgh,State Senator,49,Larry E. Lutz,Democratic,2514
Vanderburgh,State House,64,John Gregory Frenz,Democratic,0
Vanderburgh,State House,64,Eric Davis,Republican,0
Vanderburgh,State House,64,Brian Hasler,Republican,1392
Vanderburgh,Prosecuting Attorney,Vanderburgh 1St Circuit,Stanley M. Levco,Democratic,5229
Vermillion,U.S. House,8,Michael Graf,Democratic,1191
Vermillion,U.S. House,8,Bryan Hartke,Democratic,1976
Vermillion,U.S. House,8,John N. Hostettler,Republican,449
Vermillion,State Senator,23,Joseph W. Harrison,Republican,0
Vermillion,State House,42,F. Dale Grubb,Democratic,3080
Vermillion,State House,42,Steve Bales,Republican,274
Vermillion,State House,42,Patti Smith,Republican,164
Vermillion,Prosecuting Attorney,Vermillion 47Th Circuit,Nina J. Alexander,Democratic,2027
Vermillion,Prosecuting Attorney,Vermillion 47Th Circuit,Mark A. Greenwell,Democratic,999
Vermillion,Prosecuting Attorney,Vermillion 47Th Circuit,Larry Thomas,Democratic,655
Vigo,U.S. House,8,Michael Graf,Democratic,5994
Vigo,U.S. House,8,Bryan Hartke,Democratic,9600
Vigo,U.S. House,8,John N. Hostettler,Republican,2359
Vigo,State Senator,38,Mark Blade,Democratic,4617
Vigo,State Senator,38,Ed Ping,Democratic,3770
Vigo,State Senator,38,Timothy D. (Tim) Skinner,Democratic,5940
Vigo,State Senator,38,Jerry B. Mcmullen,Republican,1474
Vigo,State House,42,F. Dale Grubb,Democratic,1406
Vigo,State House,42,Steve Bales,Republican,86
Vigo,State House,42,Patti Smith,Republican,64
Vigo,State House,42,Walter S. (Wally) Cullen,Republican,766
Vigo,State House,42,Bruce A. Borders,Republican,106
Vigo,State House,42,Baron L. Brocksmith,Republican,17
Vigo,State House,42,Carter G. Phegley,Republican,41
Vigo,State House,42,R. Brooks Laplante,Republican,764
Vigo,Judge Of The Superior Court,"Vigo County, No. 2",Phillip I. Adler,Democratic,14530
Vigo,Prosecuting Attorney,Vigo 43Rd Circuit,Robert L. (Bob) Wright,Democratic,14448
Wabash,U.S. House,2,William E. Alexa,Democratic,0
Wabash,U.S. House,2,Kathy Cekanski Farrand,Democratic,0
Wabash,U.S. House,2,Mark J. Meissner,Democratic,0
Wabash,U.S. House,2,Steven W. Osborn,Democratic,0
Wabash,U.S. House,2,Jill Long Thompson,Democratic,0
Wabash,U.S. House,2,Chris Chocola,Republican,0
Wabash,U.S. House,2,Lewis F. (Farmer) Hass,Republican,0
Wabash,State Senator,17,Gary Dillon,Republican,3736
Wabash,State House,18,David A. Wolkins,Republican,0
Wabash,Judge Of The Superior Court,Wabash County,Alfred H. Plummer Iii,Republican,2579
Wabash,Judge Of The Superior Court,Wabash County,Michael L. Sposeep,Republican,3444
Wabash,Prosecuting Attorney,Wabash 27Th Circuit,"William C. Hartley, Jr.",Republican,3743
Wabash,Prosecuting Attorney,Wabash 27Th Circuit,Michael Jay Smith,Republican,1933
Warren,U.S. House,4,Tim Baynard,Republican,0
Warren,U.S. House,4,Steve Buyer,Republican,0
Warren,U.S. House,4,Thomas J. Herr,Republican,0
Warren,U.S. House,4,Brian Kerns,Republican,0
Warren,U.S. House,4,Bob Smith,Republican,0
Warren,U.S. House,4,R. Michael Young,Republican,0
Warren,State Senator,23,Joseph W. Harrison,Republican,239
Warren,State House,13,Chester F. Dobis,Democratic,0
Warren,State House,13,Anthony S. Azcona,Republican,0
Warren,State House,13,Steve Bales,Republican,228
Warren,State House,13,Patti Smith,Republican,278
Warren,Prosecuting Attorney,Warren 21St Circuit,John A. Larson,Republican,756
Warrick,U.S. House,8,Michael Graf,Democratic,811
Warrick,U.S. House,8,Bryan Hartke,Democratic,3319
Warrick,U.S. House,8,John N. Hostettler,Republican,2661
Warrick,State Senator,48,Lindel O. Hume,Democratic,0
Warrick,State House,75,Dennis T. Avery,Democratic,426
Warrick,State House,75,Marsha Abell,Republican,167
Warrick,Judge Of The Circuit Court,Warrick 2Nd Circuit,"Rod Clutter, Jr.",Democratic,3591
Warrick,Judge Of The Circuit Court,Warrick 2Nd Circuit,David O. Kelley,Republican,1382
Warrick,Judge Of The Circuit Court,Warrick 2Nd Circuit,David K. Zengler,Republican,1329
Warrick,Prosecuting Attorney,Warrick 2Nd Circuit,Todd Alan Corne,Republican,2530
Washington,U.S. House,9,Baron P. Hill,Democratic,2383
Washington,U.S. House,9,Jeff Ellington,Republican,331
Washington,U.S. House,9,David Fowler,Republican,141
Washington,U.S. House,9,Chris Redmon,Republican,364
Washington,U.S. House,9,Mike Sodrel,Republican,1459
Washington,State Senator,47,"Richard D. Young, Jr.",Democratic,185
Washington,State Senator,47,Christopher L. Byrd,Republican,275
Washington,State House,73,Dennie Oxley,Democratic,2036
Washington,Prosecuting Attorney,Washington 42Nd Circuit,"Robert G. Hamilton, Ii",Democratic,1292
Washington,Prosecuting Attorney,Washington 42Nd Circuit,Cynthia L. Winkler,Democratic,1391
Washington,Prosecuting Attorney,Washington 42Nd Circuit,John W. Mead,Republican,1905
Wayne,U.S. House,6,Melina (Mel) Fox,Democratic,1824
Wayne,U.S. House,6,Mike Pence,Republican,7764
Wayne,State Senator,27,Allen E. Paul,Republican,7329
Wayne,State House,54,Thomas E. (Tom) Saunders,Republican,2448
Wayne,State House,54,Donald E. (Donnie) Hamilton,Republican,285
Wayne,State House,54,Phillip Pflum,Republican,781
Wayne,State House,54,Richard (Dick) Hamm,Republican,2024
Wayne,Judge Of The Circuit Court,Wayne 17Th Circuit,Douglas Van Middlesworth,Republican,6807
Wayne,Judge Of The Superior Court,"Wayne County, No. 2",Jane Wynegar,Democratic,1868
Wayne,Judge Of The Superior Court,"Wayne County, No. 2",Gregory A. (Greg) Horn,Republican,6655
Wayne,Judge Of The Superior Court,"Wayne County, No. 2",William C. Hoelscher,Republican,4038
Wayne,Prosecuting Attorney,Wayne 17Th Circuit,David A. Kolger,Republican,6985
Wells,U.S. House,3,Jay Rigdon,Democratic,0
Wells,U.S. House,3,Paul Helmke,Republican,0
Wells,U.S. House,3,William R. Larsen,Republican,0
Wells,U.S. House,3,Mark E. Souder,Republican,0
Wells,State Senator,19,David C. Ford,Republican,3449
Wells,State House,31,S. Gopal (Pal) Raju,Democratic,0
Wells,State House,31,Dean A. Young,Republican,0
Wells,State House,31,Bill Overdeer,Republican,0
Wells,State House,31,Randy Plew,Republican,0
Wells,State House,31,David Dan Welker,Republican,0
Wells,Judge Of The Superior Court,Wells County,Everett E. Goshorn,Republican,3673
Wells,Prosecuting Attorney,Wells 28Th Circuit,"Michael W. Lautzenheiser, Sr.",Republican,3639
White,U.S. House,4,Tim Baynard,Republican,38
White,U.S. House,4,Steve Buyer,Republican,2672
White,U.S. House,4,Thomas J. Herr,Republican,93
White,U.S. House,4,Brian Kerns,Republican,435
White,U.S. House,4,Bob Smith,Republican,26
White,U.S. House,4,R. Michael Young,Republican,59
White,State House,13,Chester F. Dobis,Democratic,0
White,State House,13,Anthony S. Azcona,Republican,0
White,State House,13,Tom (Red) Taylor,Republican,0
White,Judge Of The Superior Court,White County,Robert B. Mrzlack,Republican,3518
White,Prosecuting Attorney,White 39Th Circuit,Robert J. Guy,Republican,3415
Whitley,U.S. House,3,Jay Rigdon,Democratic,751
Whitley,U.S. House,3,Paul Helmke,Republican,1777
Whitley,U.S. House,3,William R. Larsen,Republican,270
Whitley,U.S. House,3,Mark E. Souder,Republican,2990
Whitley,State Senator,17,Gary Dillon,Republican,4480
Whitley,State House,82,Mike Wallin,Democratic,0
Whitley,State House,82,Jeffrey K. Espich,Republican,0
Whitley,Prosecuting Attorney,Whitley 82Nd Circuit,Jonathan J. Myers,Republican,1414
Whitley,Prosecuting Attorney,Whitley 82Nd Circuit,Matthew J. Rentschler,Republican,2499
Whitley,Prosecuting Attorney,Whitley 82Nd Circuit,Terry L. Smith,Republican,897
